ts,scenario,op,n,note,ms
2025-09-08T18:17:53.392857373+03:00,heap_no_index,insert,10000,bulk=10000,81.538
2025-09-08T18:17:53.470941382+03:00,heap_no_index,insert,10000,bulk=10000,78.067
2025-09-08T18:17:53.552350546+03:00,heap_no_index,insert,10000,bulk=10000,81.395
2025-09-08T18:17:53.630209102+03:00,heap_no_index,insert,10000,bulk=10000,77.844
2025-09-08T18:17:53.708323562+03:00,heap_no_index,insert,10000,bulk=10000,78.101
2025-09-08T18:17:53.785727159+03:00,heap_no_index,insert,10000,bulk=10000,77.391
2025-09-08T18:17:53.863676231+03:00,heap_no_index,insert,10000,bulk=10000,77.936
2025-09-08T18:17:53.94161343+03:00,heap_no_index,insert,10000,bulk=10000,77.922
2025-09-08T18:17:54.019300799+03:00,heap_no_index,insert,10000,bulk=10000,77.674
2025-09-08T18:17:54.098104959+03:00,heap_no_index,insert,10000,bulk=10000,78.791
2025-09-08T18:17:54.177401232+03:00,heap_no_index,insert,10000,bulk=10000,79.282
2025-09-08T18:17:54.25027984+03:00,heap_no_index,insert,10000,bulk=10000,72.849
2025-09-08T18:17:54.321042692+03:00,heap_no_index,insert,10000,bulk=10000,70.750
2025-09-08T18:17:54.401409031+03:00,heap_no_index,insert,10000,bulk=10000,80.352
2025-09-08T18:17:54.477235991+03:00,heap_no_index,insert,10000,bulk=10000,75.808
2025-09-08T18:17:54.560716839+03:00,heap_no_index,insert,10000,bulk=10000,83.458
2025-09-08T18:17:54.621871109+03:00,heap_no_index,insert,10000,bulk=10000,61.141
2025-09-08T18:17:54.681331196+03:00,heap_no_index,insert,10000,bulk=10000,59.444
2025-09-08T18:17:54.741185547+03:00,heap_no_index,insert,10000,bulk=10000,59.840
2025-09-08T18:17:54.801134605+03:00,heap_no_index,insert,10000,bulk=10000,59.937
2025-09-08T18:17:54.861029116+03:00,heap_no_index,insert,10000,bulk=10000,59.878
2025-09-08T18:17:54.923348855+03:00,heap_no_index,insert,10000,bulk=10000,62.303
2025-09-08T18:17:54.986016134+03:00,heap_no_index,insert,10000,bulk=10000,62.650
2025-09-08T18:17:55.043482622+03:00,heap_no_index,insert,10000,bulk=10000,57.451
2025-09-08T18:17:55.100728475+03:00,heap_no_index,insert,10000,bulk=10000,57.233
2025-09-08T18:17:55.158493611+03:00,heap_no_index,insert,10000,bulk=10000,57.752
2025-09-08T18:17:55.215435089+03:00,heap_no_index,insert,10000,bulk=10000,56.927
2025-09-08T18:17:55.271568203+03:00,heap_no_index,insert,10000,bulk=10000,56.120
2025-09-08T18:17:55.330862622+03:00,heap_no_index,insert,10000,bulk=10000,59.280
2025-09-08T18:17:55.391497608+03:00,heap_no_index,insert,10000,bulk=10000,60.621
2025-09-08T18:17:55.452364264+03:00,heap_no_index,insert,10000,bulk=10000,60.849
2025-09-08T18:17:55.508067983+03:00,heap_no_index,insert,10000,bulk=10000,55.681
2025-09-08T18:17:55.564554922+03:00,heap_no_index,insert,10000,bulk=10000,56.472
2025-09-08T18:17:55.620574542+03:00,heap_no_index,insert,10000,bulk=10000,56.006
2025-09-08T18:17:55.687352291+03:00,heap_no_index,insert,10000,bulk=10000,66.763
2025-09-08T18:17:55.754503701+03:00,heap_no_index,insert,10000,bulk=10000,67.137
2025-09-08T18:17:55.820118145+03:00,heap_no_index,insert,10000,bulk=10000,65.597
2025-09-08T18:17:55.887273047+03:00,heap_no_index,insert,10000,bulk=10000,67.138
2025-09-08T18:17:55.949494587+03:00,heap_no_index,insert,10000,bulk=10000,62.184
2025-09-08T18:17:56.013496774+03:00,heap_no_index,insert,10000,bulk=10000,63.988
2025-09-08T18:17:56.072201299+03:00,heap_no_index,insert,10000,bulk=10000,58.689
2025-09-08T18:17:56.1331584+03:00,heap_no_index,insert,10000,bulk=10000,60.929
2025-09-08T18:17:56.19114424+03:00,heap_no_index,insert,10000,bulk=10000,57.971
2025-09-08T18:17:56.248087463+03:00,heap_no_index,insert,10000,bulk=10000,56.930
2025-09-08T18:17:56.312465546+03:00,heap_no_index,insert,10000,bulk=10000,64.365
2025-09-08T18:17:56.370661962+03:00,heap_no_index,insert,10000,bulk=10000,58.184
2025-09-08T18:17:56.427131021+03:00,heap_no_index,insert,10000,bulk=10000,56.451
2025-09-08T18:17:56.491924739+03:00,heap_no_index,insert,10000,bulk=10000,64.782
2025-09-08T18:17:56.548655989+03:00,heap_no_index,insert,10000,bulk=10000,56.717
2025-09-08T18:17:56.604257737+03:00,heap_no_index,insert,10000,bulk=10000,55.585
2025-09-08T18:17:56.660355092+03:00,heap_no_index,insert,10000,bulk=10000,56.084
2025-09-08T18:17:56.716479405+03:00,heap_no_index,insert,10000,bulk=10000,56.074
2025-09-08T18:17:56.772849636+03:00,heap_no_index,insert,10000,bulk=10000,56.355
2025-09-08T18:17:56.829955664+03:00,heap_no_index,insert,10000,bulk=10000,57.093
2025-09-08T18:17:56.887688881+03:00,heap_no_index,insert,10000,bulk=10000,57.719
2025-09-08T18:17:56.941673554+03:00,heap_no_index,insert,10000,bulk=10000,53.969
2025-09-08T18:17:56.998676074+03:00,heap_no_index,insert,10000,bulk=10000,56.988
2025-09-08T18:17:57.05585376+03:00,heap_no_index,insert,10000,bulk=10000,57.166
2025-09-08T18:17:57.112012855+03:00,heap_no_index,insert,10000,bulk=10000,56.146
2025-09-08T18:17:57.167413665+03:00,heap_no_index,insert,10000,bulk=10000,55.386
2025-09-08T18:17:57.223206433+03:00,heap_no_index,insert,10000,bulk=10000,55.780
2025-09-08T18:17:57.278454845+03:00,heap_no_index,insert,10000,bulk=10000,55.234
2025-09-08T18:17:57.333855655+03:00,heap_no_index,insert,10000,bulk=10000,55.388
2025-09-08T18:17:57.394136885+03:00,heap_no_index,insert,10000,bulk=10000,60.268
2025-09-08T18:17:57.450267554+03:00,heap_no_index,insert,10000,bulk=10000,56.118
2025-09-08T18:17:57.507404452+03:00,heap_no_index,insert,10000,bulk=10000,57.122
2025-09-08T18:17:57.563218243+03:00,heap_no_index,insert,10000,bulk=10000,55.802
2025-09-08T18:17:57.620454597+03:00,heap_no_index,insert,10000,bulk=10000,57.223
2025-09-08T18:17:57.678766533+03:00,heap_no_index,insert,10000,bulk=10000,58.298
2025-09-08T18:17:57.734119011+03:00,heap_no_index,insert,10000,bulk=10000,55.340
2025-09-08T18:17:57.789264335+03:00,heap_no_index,insert,10000,bulk=10000,55.131
2025-09-08T18:17:57.845086717+03:00,heap_no_index,insert,10000,bulk=10000,55.808
2025-09-08T18:17:57.901415601+03:00,heap_no_index,insert,10000,bulk=10000,56.317
2025-09-08T18:17:57.962407972+03:00,heap_no_index,insert,10000,bulk=10000,60.979
2025-09-08T18:17:58.021104604+03:00,heap_no_index,insert,10000,bulk=10000,58.676
2025-09-08T18:17:58.077037268+03:00,heap_no_index,insert,10000,bulk=10000,55.921
2025-09-08T18:17:58.133257894+03:00,heap_no_index,insert,10000,bulk=10000,56.207
2025-09-08T18:17:58.18907385+03:00,heap_no_index,insert,10000,bulk=10000,55.805
2025-09-08T18:17:58.246923425+03:00,heap_no_index,insert,10000,bulk=10000,57.837
2025-09-08T18:17:58.303924059+03:00,heap_no_index,insert,10000,bulk=10000,56.987
2025-09-08T18:17:58.359395689+03:00,heap_no_index,insert,10000,bulk=10000,55.458
2025-09-08T18:17:58.415497792+03:00,heap_no_index,insert,10000,bulk=10000,56.086
2025-09-08T18:17:58.471327367+03:00,heap_no_index,insert,10000,bulk=10000,55.808
2025-09-08T18:17:58.527097925+03:00,heap_no_index,insert,10000,bulk=10000,55.759
2025-09-08T18:17:58.581135887+03:00,heap_no_index,insert,10000,bulk=10000,54.025
2025-09-08T18:17:58.63701135+03:00,heap_no_index,insert,10000,bulk=10000,55.863
2025-09-08T18:17:58.69263398+03:00,heap_no_index,insert,10000,bulk=10000,55.607
2025-09-08T18:17:58.748243829+03:00,heap_no_index,insert,10000,bulk=10000,55.599
2025-09-08T18:17:58.803960329+03:00,heap_no_index,insert,10000,bulk=10000,55.705
2025-09-08T18:17:58.860561181+03:00,heap_no_index,insert,10000,bulk=10000,56.588
2025-09-08T18:17:58.917926325+03:00,heap_no_index,insert,10000,bulk=10000,57.352
2025-09-08T18:17:58.974662393+03:00,heap_no_index,insert,10000,bulk=10000,56.722
2025-09-08T18:17:59.030521931+03:00,heap_no_index,insert,10000,bulk=10000,55.847
2025-09-08T18:17:59.085405272+03:00,heap_no_index,insert,10000,bulk=10000,54.871
2025-09-08T18:17:59.141179741+03:00,heap_no_index,insert,10000,bulk=10000,55.760
2025-09-08T18:17:59.197248529+03:00,heap_no_index,insert,10000,bulk=10000,56.055
2025-09-08T18:17:59.253138029+03:00,heap_no_index,insert,10000,bulk=10000,55.877
2025-09-08T18:17:59.309688593+03:00,heap_no_index,insert,10000,bulk=10000,56.538
2025-09-08T18:17:59.364900128+03:00,heap_no_index,insert,10000,bulk=10000,55.199
2025-09-08T18:17:59.42110895+03:00,heap_no_index,insert,10000,bulk=10000,56.197
2025-09-08T18:17:59.479649831+03:00,heap_no_index,select,10000,"k in [a,b] (~N/50, cap 1000)",0.580
2025-09-08T18:17:59.480238328+03:00,heap_no_index,select,10000,"k in [a,b] (~N/50, cap 1000)",0.576
2025-09-08T18:17:59.48082501+03:00,heap_no_index,select,10000,"k in [a,b] (~N/50, cap 1000)",0.579
2025-09-08T18:17:59.481428383+03:00,heap_no_index,select,10000,"k in [a,b] (~N/50, cap 1000)",0.596
2025-09-08T18:17:59.482026729+03:00,heap_no_index,select,10000,"k in [a,b] (~N/50, cap 1000)",0.590
2025-09-08T18:17:59.482639392+03:00,heap_no_index,select,10000,"k in [a,b] (~N/50, cap 1000)",0.606
2025-09-08T18:17:59.483229914+03:00,heap_no_index,select,10000,"k in [a,b] (~N/50, cap 1000)",0.582
2025-09-08T18:17:59.48384146+03:00,heap_no_index,select,10000,"k in [a,b] (~N/50, cap 1000)",0.604
2025-09-08T18:17:59.484437151+03:00,heap_no_index,select,10000,"k in [a,b] (~N/50, cap 1000)",0.589
2025-09-08T18:17:59.485007908+03:00,heap_no_index,select,10000,"k in [a,b] (~N/50, cap 1000)",0.564
2025-09-08T18:17:59.485613796+03:00,heap_no_index,select,10000,"k in [a,b] (~N/50, cap 1000)",0.599
2025-09-08T18:17:59.486185601+03:00,heap_no_index,select,10000,"k in [a,b] (~N/50, cap 1000)",0.564
2025-09-08T18:17:59.486788346+03:00,heap_no_index,select,10000,"k in [a,b] (~N/50, cap 1000)",0.595
2025-09-08T18:17:59.487547051+03:00,heap_no_index,select,10000,"k in [a,b] (~N/50, cap 1000)",0.752
2025-09-08T18:17:59.488269507+03:00,heap_no_index,select,10000,"k in [a,b] (~N/50, cap 1000)",0.713
2025-09-08T18:17:59.488881891+03:00,heap_no_index,select,10000,"k in [a,b] (~N/50, cap 1000)",0.604
2025-09-08T18:17:59.489535551+03:00,heap_no_index,select,10000,"k in [a,b] (~N/50, cap 1000)",0.645
2025-09-08T18:17:59.490269113+03:00,heap_no_index,select,10000,"k in [a,b] (~N/50, cap 1000)",0.726
2025-09-08T18:17:59.490881077+03:00,heap_no_index,select,10000,"k in [a,b] (~N/50, cap 1000)",0.605
2025-09-08T18:17:59.491493321+03:00,heap_no_index,select,10000,"k in [a,b] (~N/50, cap 1000)",0.605
2025-09-08T18:17:59.492093762+03:00,heap_no_index,select,10000,"k in [a,b] (~N/50, cap 1000)",0.593
2025-09-08T18:17:59.49264161+03:00,heap_no_index,select,10000,"k in [a,b] (~N/50, cap 1000)",0.541
2025-09-08T18:17:59.493227872+03:00,heap_no_index,select,10000,"k in [a,b] (~N/50, cap 1000)",0.580
2025-09-08T18:17:59.493772438+03:00,heap_no_index,select,10000,"k in [a,b] (~N/50, cap 1000)",0.537
2025-09-08T18:17:59.494389362+03:00,heap_no_index,select,10000,"k in [a,b] (~N/50, cap 1000)",0.610
2025-09-08T18:17:59.494993085+03:00,heap_no_index,select,10000,"k in [a,b] (~N/50, cap 1000)",0.596
2025-09-08T18:17:59.495676569+03:00,heap_no_index,select,10000,"k in [a,b] (~N/50, cap 1000)",0.676
2025-09-08T18:17:59.496392669+03:00,heap_no_index,select,10000,"k in [a,b] (~N/50, cap 1000)",0.708
2025-09-08T18:17:59.496987871+03:00,heap_no_index,select,10000,"k in [a,b] (~N/50, cap 1000)",0.588
2025-09-08T18:17:59.497605074+03:00,heap_no_index,select,10000,"k in [a,b] (~N/50, cap 1000)",0.610
2025-09-08T18:17:59.498206143+03:00,heap_no_index,select,10000,"k in [a,b] (~N/50, cap 1000)",0.594
2025-09-08T18:17:59.498821181+03:00,heap_no_index,select,10000,"k in [a,b] (~N/50, cap 1000)",0.607
2025-09-08T18:17:59.499447952+03:00,heap_no_index,select,10000,"k in [a,b] (~N/50, cap 1000)",0.620
2025-09-08T18:17:59.500065783+03:00,heap_no_index,select,10000,"k in [a,b] (~N/50, cap 1000)",0.610
2025-09-08T18:17:59.500847327+03:00,heap_no_index,select,10000,"k in [a,b] (~N/50, cap 1000)",0.774
2025-09-08T18:17:59.501637111+03:00,heap_no_index,select,10000,"k in [a,b] (~N/50, cap 1000)",0.782
2025-09-08T18:17:59.502386248+03:00,heap_no_index,select,10000,"k in [a,b] (~N/50, cap 1000)",0.743
2025-09-08T18:17:59.502986129+03:00,heap_no_index,select,10000,"k in [a,b] (~N/50, cap 1000)",0.592
2025-09-08T18:17:59.503708097+03:00,heap_no_index,select,10000,"k in [a,b] (~N/50, cap 1000)",0.714
2025-09-08T18:17:59.504404781+03:00,heap_no_index,select,10000,"k in [a,b] (~N/50, cap 1000)",0.687
2025-09-08T18:17:59.505006199+03:00,heap_no_index,select,10000,"k in [a,b] (~N/50, cap 1000)",0.593
2025-09-08T18:17:59.505625497+03:00,heap_no_index,select,10000,"k in [a,b] (~N/50, cap 1000)",0.578
2025-09-08T18:17:59.506224331+03:00,heap_no_index,select,10000,"k in [a,b] (~N/50, cap 1000)",0.591
2025-09-08T18:17:59.506797323+03:00,heap_no_index,select,10000,"k in [a,b] (~N/50, cap 1000)",0.565
2025-09-08T18:17:59.507397903+03:00,heap_no_index,select,10000,"k in [a,b] (~N/50, cap 1000)",0.592
2025-09-08T18:17:59.507990312+03:00,heap_no_index,select,10000,"k in [a,b] (~N/50, cap 1000)",0.585
2025-09-08T18:17:59.508598365+03:00,heap_no_index,select,10000,"k in [a,b] (~N/50, cap 1000)",0.600
2025-09-08T18:17:59.509116111+03:00,heap_no_index,select,10000,"k in [a,b] (~N/50, cap 1000)",0.511
2025-09-08T18:17:59.509681979+03:00,heap_no_index,select,10000,"k in [a,b] (~N/50, cap 1000)",0.558
2025-09-08T18:17:59.51028675+03:00,heap_no_index,select,10000,"k in [a,b] (~N/50, cap 1000)",0.597
2025-09-08T18:17:59.510889286+03:00,heap_no_index,select,10000,"k in [a,b] (~N/50, cap 1000)",0.596
2025-09-08T18:17:59.511450195+03:00,heap_no_index,select,10000,"k in [a,b] (~N/50, cap 1000)",0.554
2025-09-08T18:17:59.512046934+03:00,heap_no_index,select,10000,"k in [a,b] (~N/50, cap 1000)",0.590
2025-09-08T18:17:59.51261385+03:00,heap_no_index,select,10000,"k in [a,b] (~N/50, cap 1000)",0.559
2025-09-08T18:17:59.513208004+03:00,heap_no_index,select,10000,"k in [a,b] (~N/50, cap 1000)",0.586
2025-09-08T18:17:59.513771637+03:00,heap_no_index,select,10000,"k in [a,b] (~N/50, cap 1000)",0.556
2025-09-08T18:17:59.514289663+03:00,heap_no_index,select,10000,"k in [a,b] (~N/50, cap 1000)",0.510
2025-09-08T18:17:59.514818165+03:00,heap_no_index,select,10000,"k in [a,b] (~N/50, cap 1000)",0.520
2025-09-08T18:17:59.515386897+03:00,heap_no_index,select,10000,"k in [a,b] (~N/50, cap 1000)",0.562
2025-09-08T18:17:59.515989572+03:00,heap_no_index,select,10000,"k in [a,b] (~N/50, cap 1000)",0.595
2025-09-08T18:17:59.516564939+03:00,heap_no_index,select,10000,"k in [a,b] (~N/50, cap 1000)",0.567
2025-09-08T18:17:59.517176834+03:00,heap_no_index,select,10000,"k in [a,b] (~N/50, cap 1000)",0.604
2025-09-08T18:17:59.517785446+03:00,heap_no_index,select,10000,"k in [a,b] (~N/50, cap 1000)",0.601
2025-09-08T18:17:59.518358298+03:00,heap_no_index,select,10000,"k in [a,b] (~N/50, cap 1000)",0.566
2025-09-08T18:17:59.518941627+03:00,heap_no_index,select,10000,"k in [a,b] (~N/50, cap 1000)",0.575
2025-09-08T18:17:59.519520975+03:00,heap_no_index,select,10000,"k in [a,b] (~N/50, cap 1000)",0.572
2025-09-08T18:17:59.520107796+03:00,heap_no_index,select,10000,"k in [a,b] (~N/50, cap 1000)",0.579
2025-09-08T18:17:59.520712287+03:00,heap_no_index,select,10000,"k in [a,b] (~N/50, cap 1000)",0.597
2025-09-08T18:17:59.521300715+03:00,heap_no_index,select,10000,"k in [a,b] (~N/50, cap 1000)",0.580
2025-09-08T18:17:59.521905904+03:00,heap_no_index,select,10000,"k in [a,b] (~N/50, cap 1000)",0.598
2025-09-08T18:17:59.522515634+03:00,heap_no_index,select,10000,"k in [a,b] (~N/50, cap 1000)",0.602
2025-09-08T18:17:59.523117401+03:00,heap_no_index,select,10000,"k in [a,b] (~N/50, cap 1000)",0.594
2025-09-08T18:17:59.523742287+03:00,heap_no_index,select,10000,"k in [a,b] (~N/50, cap 1000)",0.617
2025-09-08T18:17:59.524297609+03:00,heap_no_index,select,10000,"k in [a,b] (~N/50, cap 1000)",0.547
2025-09-08T18:17:59.524824784+03:00,heap_no_index,select,10000,"k in [a,b] (~N/50, cap 1000)",0.520
2025-09-08T18:17:59.525419846+03:00,heap_no_index,select,10000,"k in [a,b] (~N/50, cap 1000)",0.588
2025-09-08T18:17:59.525975727+03:00,heap_no_index,select,10000,"k in [a,b] (~N/50, cap 1000)",0.547
2025-09-08T18:17:59.526587622+03:00,heap_no_index,select,10000,"k in [a,b] (~N/50, cap 1000)",0.605
2025-09-08T18:17:59.527196164+03:00,heap_no_index,select,10000,"k in [a,b] (~N/50, cap 1000)",0.600
2025-09-08T18:17:59.527811551+03:00,heap_no_index,select,10000,"k in [a,b] (~N/50, cap 1000)",0.608
2025-09-08T18:17:59.528386149+03:00,heap_no_index,select,10000,"k in [a,b] (~N/50, cap 1000)",0.567
2025-09-08T18:17:59.528984494+03:00,heap_no_index,select,10000,"k in [a,b] (~N/50, cap 1000)",0.590
2025-09-08T18:17:59.52966267+03:00,heap_no_index,select,10000,"k in [a,b] (~N/50, cap 1000)",0.625
2025-09-08T18:17:59.530313188+03:00,heap_no_index,select,10000,"k in [a,b] (~N/50, cap 1000)",0.642
2025-09-08T18:17:59.530883875+03:00,heap_no_index,select,10000,"k in [a,b] (~N/50, cap 1000)",0.563
2025-09-08T18:17:59.531465528+03:00,heap_no_index,select,10000,"k in [a,b] (~N/50, cap 1000)",0.574
2025-09-08T18:17:59.53202078+03:00,heap_no_index,select,10000,"k in [a,b] (~N/50, cap 1000)",0.547
2025-09-08T18:17:59.53261696+03:00,heap_no_index,select,10000,"k in [a,b] (~N/50, cap 1000)",0.588
2025-09-08T18:17:59.533209997+03:00,heap_no_index,select,10000,"k in [a,b] (~N/50, cap 1000)",0.585
2025-09-08T18:17:59.533764969+03:00,heap_no_index,select,10000,"k in [a,b] (~N/50, cap 1000)",0.547
2025-09-08T18:17:59.534361429+03:00,heap_no_index,select,10000,"k in [a,b] (~N/50, cap 1000)",0.589
2025-09-08T18:17:59.534946574+03:00,heap_no_index,select,10000,"k in [a,b] (~N/50, cap 1000)",0.577
2025-09-08T18:17:59.53556671+03:00,heap_no_index,select,10000,"k in [a,b] (~N/50, cap 1000)",0.612
2025-09-08T18:17:59.536164007+03:00,heap_no_index,select,10000,"k in [a,b] (~N/50, cap 1000)",0.590
2025-09-08T18:17:59.536779953+03:00,heap_no_index,select,10000,"k in [a,b] (~N/50, cap 1000)",0.608
2025-09-08T18:17:59.537383885+03:00,heap_no_index,select,10000,"k in [a,b] (~N/50, cap 1000)",0.585
2025-09-08T18:17:59.537969519+03:00,heap_no_index,select,10000,"k in [a,b] (~N/50, cap 1000)",0.579
2025-09-08T18:17:59.538573102+03:00,heap_no_index,select,10000,"k in [a,b] (~N/50, cap 1000)",0.596
2025-09-08T18:17:59.539174451+03:00,heap_no_index,select,10000,"k in [a,b] (~N/50, cap 1000)",0.593
2025-09-08T18:17:59.539785019+03:00,heap_no_index,select,10000,"k in [a,b] (~N/50, cap 1000)",0.601
2025-09-08T18:17:59.775513235+03:00,heap_no_index,delete,10000,k%7=0,59.171
2025-09-08T18:17:59.835519563+03:00,heap_no_index,delete,10000,k%7=0,59.988
2025-09-08T18:17:59.896040214+03:00,heap_no_index,delete,10000,k%7=0,60.503
2025-09-08T18:17:59.955504349+03:00,heap_no_index,delete,10000,k%7=0,59.443
2025-09-08T18:18:00.013623448+03:00,heap_no_index,delete,10000,k%7=0,58.104
2025-09-08T18:18:00.071563539+03:00,heap_no_index,delete,10000,k%7=0,57.924
2025-09-08T18:18:00.13089162+03:00,heap_no_index,delete,10000,k%7=0,59.316
2025-09-08T18:18:00.191318821+03:00,heap_no_index,delete,10000,k%7=0,60.413
2025-09-08T18:18:00.249443158+03:00,heap_no_index,delete,10000,k%7=0,58.111
2025-09-08T18:18:00.309030776+03:00,heap_no_index,delete,10000,k%7=0,59.572
2025-09-08T18:18:00.367470663+03:00,heap_no_index,delete,10000,k%7=0,58.424
2025-09-08T18:18:00.438579166+03:00,heap_no_index,delete,10000,k%7=0,71.088
2025-09-08T18:18:00.503433157+03:00,heap_no_index,delete,10000,k%7=0,64.829
2025-09-08T18:18:00.563744209+03:00,heap_no_index,delete,10000,k%7=0,60.294
2025-09-08T18:18:00.626064923+03:00,heap_no_index,delete,10000,k%7=0,62.292
2025-09-08T18:18:00.688064709+03:00,heap_no_index,delete,10000,k%7=0,61.973
2025-09-08T18:18:00.769578914+03:00,heap_no_index,delete,10000,k%7=0,81.487
2025-09-08T18:18:00.832588979+03:00,heap_no_index,delete,10000,k%7=0,62.986
2025-09-08T18:18:00.894980445+03:00,heap_no_index,delete,10000,k%7=0,62.363
2025-09-08T18:18:00.957703456+03:00,heap_no_index,delete,10000,k%7=0,62.701
2025-09-08T18:18:01.019670765+03:00,heap_no_index,delete,10000,k%7=0,61.942
2025-09-08T18:18:01.079578263+03:00,heap_no_index,delete,10000,k%7=0,59.893
2025-09-08T18:18:01.141207042+03:00,heap_no_index,delete,10000,k%7=0,61.616
2025-09-08T18:18:01.202433736+03:00,heap_no_index,delete,10000,k%7=0,61.213
2025-09-08T18:18:01.26506588+03:00,heap_no_index,delete,10000,k%7=0,62.617
2025-09-08T18:18:01.330693661+03:00,heap_no_index,delete,10000,k%7=0,65.613
2025-09-08T18:18:01.443486571+03:00,heap_no_index,delete,10000,k%7=0,112.772
2025-09-08T18:18:01.808278114+03:00,heap_no_index,delete,10000,k%7=0,364.717
2025-09-08T18:18:01.869964584+03:00,heap_no_index,delete,10000,k%7=0,61.673
2025-09-08T18:18:01.930772568+03:00,heap_no_index,delete,10000,k%7=0,60.791
2025-09-08T18:18:01.990364027+03:00,heap_no_index,delete,10000,k%7=0,59.575
2025-09-08T18:18:02.049700558+03:00,heap_no_index,delete,10000,k%7=0,59.305
2025-09-08T18:18:02.108712669+03:00,heap_no_index,delete,10000,k%7=0,58.996
2025-09-08T18:18:02.166641375+03:00,heap_no_index,delete,10000,k%7=0,57.914
2025-09-08T18:18:02.225031533+03:00,heap_no_index,delete,10000,k%7=0,58.377
2025-09-08T18:18:02.283108725+03:00,heap_no_index,delete,10000,k%7=0,58.065
2025-09-08T18:18:02.340528484+03:00,heap_no_index,delete,10000,k%7=0,57.405
2025-09-08T18:18:02.39755391+03:00,heap_no_index,delete,10000,k%7=0,57.013
2025-09-08T18:18:02.455713098+03:00,heap_no_index,delete,10000,k%7=0,58.147
2025-09-08T18:18:02.516585128+03:00,heap_no_index,delete,10000,k%7=0,60.852
2025-09-08T18:18:02.574516557+03:00,heap_no_index,delete,10000,k%7=0,57.916
2025-09-08T18:18:02.635613063+03:00,heap_no_index,delete,10000,k%7=0,61.081
2025-09-08T18:18:02.694287342+03:00,heap_no_index,delete,10000,k%7=0,58.660
2025-09-08T18:18:02.752508481+03:00,heap_no_index,delete,10000,k%7=0,58.209
2025-09-08T18:18:02.810538948+03:00,heap_no_index,delete,10000,k%7=0,58.016
2025-09-08T18:18:02.870036327+03:00,heap_no_index,delete,10000,k%7=0,59.482
2025-09-08T18:18:02.928625748+03:00,heap_no_index,delete,10000,k%7=0,58.576
2025-09-08T18:18:02.986573521+03:00,heap_no_index,delete,10000,k%7=0,57.932
2025-09-08T18:18:03.044461298+03:00,heap_no_index,delete,10000,k%7=0,57.874
2025-09-08T18:18:03.101820154+03:00,heap_no_index,delete,10000,k%7=0,57.346
2025-09-08T18:18:03.160186007+03:00,heap_no_index,delete,10000,k%7=0,58.352
2025-09-08T18:18:03.217834222+03:00,heap_no_index,delete,10000,k%7=0,57.635
2025-09-08T18:18:03.275706354+03:00,heap_no_index,delete,10000,k%7=0,57.858
2025-09-08T18:18:03.33336337+03:00,heap_no_index,delete,10000,k%7=0,57.639
2025-09-08T18:18:03.391335238+03:00,heap_no_index,delete,10000,k%7=0,57.899
2025-09-08T18:18:03.451760133+03:00,heap_no_index,delete,10000,k%7=0,60.410
2025-09-08T18:18:03.51708214+03:00,heap_no_index,delete,10000,k%7=0,65.302
2025-09-08T18:18:03.575576225+03:00,heap_no_index,delete,10000,k%7=0,58.481
2025-09-08T18:18:03.633758879+03:00,heap_no_index,delete,10000,k%7=0,58.170
2025-09-08T18:18:03.691711052+03:00,heap_no_index,delete,10000,k%7=0,57.937
2025-09-08T18:18:03.756269326+03:00,heap_no_index,delete,10000,k%7=0,64.544
2025-09-08T18:18:03.815870282+03:00,heap_no_index,delete,10000,k%7=0,59.585
2025-09-08T18:18:03.87541292+03:00,heap_no_index,delete,10000,k%7=0,59.528
2025-09-08T18:18:03.933436402+03:00,heap_no_index,delete,10000,k%7=0,58.010
2025-09-08T18:18:03.993165031+03:00,heap_no_index,delete,10000,k%7=0,59.713
2025-09-08T18:18:04.052518534+03:00,heap_no_index,delete,10000,k%7=0,59.339
2025-09-08T18:18:04.111586029+03:00,heap_no_index,delete,10000,k%7=0,59.047
2025-09-08T18:18:04.170685582+03:00,heap_no_index,delete,10000,k%7=0,59.085
2025-09-08T18:18:04.22894178+03:00,heap_no_index,delete,10000,k%7=0,58.243
2025-09-08T18:18:04.28713519+03:00,heap_no_index,delete,10000,k%7=0,58.180
2025-09-08T18:18:04.346145414+03:00,heap_no_index,delete,10000,k%7=0,58.998
2025-09-08T18:18:04.406461912+03:00,heap_no_index,delete,10000,k%7=0,60.297
2025-09-08T18:18:04.464765254+03:00,heap_no_index,delete,10000,k%7=0,58.290
2025-09-08T18:18:04.524490182+03:00,heap_no_index,delete,10000,k%7=0,59.712
2025-09-08T18:18:04.591837706+03:00,heap_no_index,delete,10000,k%7=0,67.334
2025-09-08T18:18:04.656982102+03:00,heap_no_index,delete,10000,k%7=0,65.129
2025-09-08T18:18:04.720014446+03:00,heap_no_index,delete,10000,k%7=0,63.017
2025-09-08T18:18:04.782952571+03:00,heap_no_index,delete,10000,k%7=0,62.923
2025-09-08T18:18:04.84548407+03:00,heap_no_index,delete,10000,k%7=0,62.516
2025-09-08T18:18:04.903444414+03:00,heap_no_index,delete,10000,k%7=0,57.944
2025-09-08T18:18:04.962486625+03:00,heap_no_index,delete,10000,k%7=0,59.028
2025-09-08T18:18:05.021092318+03:00,heap_no_index,delete,10000,k%7=0,58.590
2025-09-08T18:18:05.081417965+03:00,heap_no_index,delete,10000,k%7=0,60.312
2025-09-08T18:18:05.140128841+03:00,heap_no_index,delete,10000,k%7=0,58.696
2025-09-08T18:18:05.198799977+03:00,heap_no_index,delete,10000,k%7=0,58.647
2025-09-08T18:18:05.261318834+03:00,heap_no_index,delete,10000,k%7=0,62.492
2025-09-08T18:18:05.322211396+03:00,heap_no_index,delete,10000,k%7=0,60.867
2025-09-08T18:18:05.379460598+03:00,heap_no_index,delete,10000,k%7=0,57.236
2025-09-08T18:18:05.441693029+03:00,heap_no_index,delete,10000,k%7=0,62.219
2025-09-08T18:18:05.500194656+03:00,heap_no_index,delete,10000,k%7=0,58.490
2025-09-08T18:18:05.558770525+03:00,heap_no_index,delete,10000,k%7=0,58.563
2025-09-08T18:18:05.616978113+03:00,heap_no_index,delete,10000,k%7=0,58.190
2025-09-08T18:18:05.676028216+03:00,heap_no_index,delete,10000,k%7=0,59.037
2025-09-08T18:18:05.734554428+03:00,heap_no_index,delete,10000,k%7=0,58.515
2025-09-08T18:18:05.793229195+03:00,heap_no_index,delete,10000,k%7=0,58.659
2025-09-08T18:18:05.852043788+03:00,heap_no_index,delete,10000,k%7=0,58.801
2025-09-08T18:18:05.910149125+03:00,heap_no_index,delete,10000,k%7=0,58.092
2025-09-08T18:18:05.968739173+03:00,heap_no_index,delete,10000,k%7=0,58.575
2025-09-08T18:18:06.026336402+03:00,heap_no_index,delete,10000,k%7=0,57.584
2025-09-08T18:18:06.084700717+03:00,heap_no_index,delete,10000,k%7=0,58.352
2025-09-08T18:18:06.821721359+03:00,heap_no_index,insert,40000,bulk=40000,182.570
2025-09-08T18:18:07.001541488+03:00,heap_no_index,insert,40000,bulk=40000,179.806
2025-09-08T18:18:07.200556571+03:00,heap_no_index,insert,40000,bulk=40000,199.000
2025-09-08T18:18:07.391871252+03:00,heap_no_index,insert,40000,bulk=40000,191.302
2025-09-08T18:18:07.573730377+03:00,heap_no_index,insert,40000,bulk=40000,181.844
2025-09-08T18:18:07.758233828+03:00,heap_no_index,insert,40000,bulk=40000,184.491
2025-09-08T18:18:07.940339428+03:00,heap_no_index,insert,40000,bulk=40000,182.091
2025-09-08T18:18:08.122713714+03:00,heap_no_index,insert,40000,bulk=40000,182.362
2025-09-08T18:18:08.310112855+03:00,heap_no_index,insert,40000,bulk=40000,187.386
2025-09-08T18:18:08.495118616+03:00,heap_no_index,insert,40000,bulk=40000,184.989
2025-09-08T18:18:08.676428424+03:00,heap_no_index,insert,40000,bulk=40000,181.295
2025-09-08T18:18:08.869879671+03:00,heap_no_index,insert,40000,bulk=40000,193.438
2025-09-08T18:18:09.054559684+03:00,heap_no_index,insert,40000,bulk=40000,184.658
2025-09-08T18:18:09.237264325+03:00,heap_no_index,insert,40000,bulk=40000,182.692
2025-09-08T18:18:09.423632372+03:00,heap_no_index,insert,40000,bulk=40000,186.354
2025-09-08T18:18:09.607809374+03:00,heap_no_index,insert,40000,bulk=40000,184.161
2025-09-08T18:18:09.788710599+03:00,heap_no_index,insert,40000,bulk=40000,180.886
2025-09-08T18:18:09.989840316+03:00,heap_no_index,insert,40000,bulk=40000,201.116
2025-09-08T18:18:10.168679076+03:00,heap_no_index,insert,40000,bulk=40000,178.824
2025-09-08T18:18:10.350531422+03:00,heap_no_index,insert,40000,bulk=40000,181.840
2025-09-08T18:18:10.532693452+03:00,heap_no_index,insert,40000,bulk=40000,182.148
2025-09-08T18:18:10.719712574+03:00,heap_no_index,insert,40000,bulk=40000,187.007
2025-09-08T18:18:10.897647774+03:00,heap_no_index,insert,40000,bulk=40000,177.922
2025-09-08T18:18:11.087592131+03:00,heap_no_index,insert,40000,bulk=40000,189.930
2025-09-08T18:18:11.276950364+03:00,heap_no_index,insert,40000,bulk=40000,189.344
2025-09-08T18:18:11.464536191+03:00,heap_no_index,insert,40000,bulk=40000,187.570
2025-09-08T18:18:11.66044968+03:00,heap_no_index,insert,40000,bulk=40000,195.899
2025-09-08T18:18:11.847197461+03:00,heap_no_index,insert,40000,bulk=40000,186.728
2025-09-08T18:18:12.033781669+03:00,heap_no_index,insert,40000,bulk=40000,186.571
2025-09-08T18:18:12.221540776+03:00,heap_no_index,insert,40000,bulk=40000,187.749
2025-09-08T18:18:12.405199189+03:00,heap_no_index,insert,40000,bulk=40000,183.645
2025-09-08T18:18:12.609627448+03:00,heap_no_index,insert,40000,bulk=40000,204.415
2025-09-08T18:18:12.804331603+03:00,heap_no_index,insert,40000,bulk=40000,194.688
2025-09-08T18:18:12.985648251+03:00,heap_no_index,insert,40000,bulk=40000,181.303
2025-09-08T18:18:13.168748757+03:00,heap_no_index,insert,40000,bulk=40000,183.087
2025-09-08T18:18:13.351722708+03:00,heap_no_index,insert,40000,bulk=40000,182.961
2025-09-08T18:18:13.530806892+03:00,heap_no_index,insert,40000,bulk=40000,179.071
2025-09-08T18:18:13.717927213+03:00,heap_no_index,insert,40000,bulk=40000,187.105
2025-09-08T18:18:13.897988221+03:00,heap_no_index,insert,40000,bulk=40000,180.048
2025-09-08T18:18:14.079356061+03:00,heap_no_index,insert,40000,bulk=40000,181.355
2025-09-08T18:18:14.261623968+03:00,heap_no_index,insert,40000,bulk=40000,182.255
2025-09-08T18:18:14.449871833+03:00,heap_no_index,insert,40000,bulk=40000,188.235
2025-09-08T18:18:14.651929477+03:00,heap_no_index,insert,40000,bulk=40000,202.045
2025-09-08T18:18:14.835214437+03:00,heap_no_index,insert,40000,bulk=40000,183.273
2025-09-08T18:18:15.017417529+03:00,heap_no_index,insert,40000,bulk=40000,182.191
2025-09-08T18:18:15.198643586+03:00,heap_no_index,insert,40000,bulk=40000,181.208
2025-09-08T18:18:15.380608792+03:00,heap_no_index,insert,40000,bulk=40000,181.953
2025-09-08T18:18:15.5639784+03:00,heap_no_index,insert,40000,bulk=40000,183.356
2025-09-08T18:18:15.747051386+03:00,heap_no_index,insert,40000,bulk=40000,183.061
2025-09-08T18:18:15.932625519+03:00,heap_no_index,insert,40000,bulk=40000,185.554
2025-09-08T18:18:16.117841776+03:00,heap_no_index,insert,40000,bulk=40000,185.157
2025-09-08T18:18:16.30232964+03:00,heap_no_index,insert,40000,bulk=40000,184.475
2025-09-08T18:18:16.485347658+03:00,heap_no_index,insert,40000,bulk=40000,183.004
2025-09-08T18:18:16.670812626+03:00,heap_no_index,insert,40000,bulk=40000,185.452
2025-09-08T18:18:16.852246674+03:00,heap_no_index,insert,40000,bulk=40000,181.420
2025-09-08T18:18:17.034521701+03:00,heap_no_index,insert,40000,bulk=40000,182.263
2025-09-08T18:18:17.218639396+03:00,heap_no_index,insert,40000,bulk=40000,184.105
2025-09-08T18:18:17.405865663+03:00,heap_no_index,insert,40000,bulk=40000,187.105
2025-09-08T18:18:17.592174263+03:00,heap_no_index,insert,40000,bulk=40000,186.295
2025-09-08T18:18:17.794404764+03:00,heap_no_index,insert,40000,bulk=40000,202.217
2025-09-08T18:18:18.004536674+03:00,heap_no_index,insert,40000,bulk=40000,210.114
2025-09-08T18:18:18.194489402+03:00,heap_no_index,insert,40000,bulk=40000,189.937
2025-09-08T18:18:18.379873349+03:00,heap_no_index,insert,40000,bulk=40000,185.372
2025-09-08T18:18:18.562933549+03:00,heap_no_index,insert,40000,bulk=40000,183.047
2025-09-08T18:18:18.744167634+03:00,heap_no_index,insert,40000,bulk=40000,181.221
2025-09-08T18:18:18.927448329+03:00,heap_no_index,insert,40000,bulk=40000,183.267
2025-09-08T18:18:19.109027437+03:00,heap_no_index,insert,40000,bulk=40000,181.567
2025-09-08T18:18:19.294253049+03:00,heap_no_index,insert,40000,bulk=40000,185.211
2025-09-08T18:18:19.476487284+03:00,heap_no_index,insert,40000,bulk=40000,182.219
2025-09-08T18:18:19.658573453+03:00,heap_no_index,insert,40000,bulk=40000,182.074
2025-09-08T18:18:19.841869442+03:00,heap_no_index,insert,40000,bulk=40000,183.285
2025-09-08T18:18:20.026436014+03:00,heap_no_index,insert,40000,bulk=40000,184.555
2025-09-08T18:18:20.208566043+03:00,heap_no_index,insert,40000,bulk=40000,182.117
2025-09-08T18:18:20.394610423+03:00,heap_no_index,insert,40000,bulk=40000,186.029
2025-09-08T18:18:20.580600744+03:00,heap_no_index,insert,40000,bulk=40000,185.974
2025-09-08T18:18:20.766407727+03:00,heap_no_index,insert,40000,bulk=40000,185.792
2025-09-08T18:18:20.961122837+03:00,heap_no_index,insert,40000,bulk=40000,194.697
2025-09-08T18:18:21.155509474+03:00,heap_no_index,insert,40000,bulk=40000,194.371
2025-09-08T18:18:21.341219724+03:00,heap_no_index,insert,40000,bulk=40000,185.697
2025-09-08T18:18:21.523413517+03:00,heap_no_index,insert,40000,bulk=40000,182.181
2025-09-08T18:18:21.707031759+03:00,heap_no_index,insert,40000,bulk=40000,183.607
2025-09-08T18:18:21.891332856+03:00,heap_no_index,insert,40000,bulk=40000,184.286
2025-09-08T18:18:22.075916887+03:00,heap_no_index,insert,40000,bulk=40000,184.570
2025-09-08T18:18:22.259897263+03:00,heap_no_index,insert,40000,bulk=40000,183.969
2025-09-08T18:18:22.441166335+03:00,heap_no_index,insert,40000,bulk=40000,181.256
2025-09-08T18:18:22.622761712+03:00,heap_no_index,insert,40000,bulk=40000,181.582
2025-09-08T18:18:22.808230094+03:00,heap_no_index,insert,40000,bulk=40000,185.457
2025-09-08T18:18:22.995928842+03:00,heap_no_index,insert,40000,bulk=40000,187.685
2025-09-08T18:18:23.178494059+03:00,heap_no_index,insert,40000,bulk=40000,182.551
2025-09-08T18:18:23.383314539+03:00,heap_no_index,insert,40000,bulk=40000,204.804
2025-09-08T18:18:23.57328514+03:00,heap_no_index,insert,40000,bulk=40000,189.951
2025-09-08T18:18:23.755138865+03:00,heap_no_index,insert,40000,bulk=40000,181.841
2025-09-08T18:18:23.941411139+03:00,heap_no_index,insert,40000,bulk=40000,186.259
2025-09-08T18:18:24.137985464+03:00,heap_no_index,insert,40000,bulk=40000,196.559
2025-09-08T18:18:24.320940403+03:00,heap_no_index,insert,40000,bulk=40000,182.942
2025-09-08T18:18:24.506185355+03:00,heap_no_index,insert,40000,bulk=40000,185.232
2025-09-08T18:18:24.687952613+03:00,heap_no_index,insert,40000,bulk=40000,181.754
2025-09-08T18:18:24.869527524+03:00,heap_no_index,insert,40000,bulk=40000,181.563
2025-09-08T18:18:25.060296429+03:00,heap_no_index,insert,40000,bulk=40000,190.756
2025-09-08T18:18:25.240805953+03:00,heap_no_index,insert,40000,bulk=40000,180.493
2025-09-08T18:18:25.432519204+03:00,heap_no_index,select,40000,"k in [a,b] (~N/50, cap 1000)",1.830
2025-09-08T18:18:25.434504421+03:00,heap_no_index,select,40000,"k in [a,b] (~N/50, cap 1000)",1.970
2025-09-08T18:18:25.436399821+03:00,heap_no_index,select,40000,"k in [a,b] (~N/50, cap 1000)",1.885
2025-09-08T18:18:25.438171249+03:00,heap_no_index,select,40000,"k in [a,b] (~N/50, cap 1000)",1.761
2025-09-08T18:18:25.43986557+03:00,heap_no_index,select,40000,"k in [a,b] (~N/50, cap 1000)",1.686
2025-09-08T18:18:25.441803644+03:00,heap_no_index,select,40000,"k in [a,b] (~N/50, cap 1000)",1.929
2025-09-08T18:18:25.44370044+03:00,heap_no_index,select,40000,"k in [a,b] (~N/50, cap 1000)",1.887
2025-09-08T18:18:25.445445188+03:00,heap_no_index,select,40000,"k in [a,b] (~N/50, cap 1000)",1.737
2025-09-08T18:18:25.447385846+03:00,heap_no_index,select,40000,"k in [a,b] (~N/50, cap 1000)",1.931
2025-09-08T18:18:25.4491146+03:00,heap_no_index,select,40000,"k in [a,b] (~N/50, cap 1000)",1.720
2025-09-08T18:18:25.450986183+03:00,heap_no_index,select,40000,"k in [a,b] (~N/50, cap 1000)",1.861
2025-09-08T18:18:25.452764805+03:00,heap_no_index,select,40000,"k in [a,b] (~N/50, cap 1000)",1.770
2025-09-08T18:18:25.454600419+03:00,heap_no_index,select,40000,"k in [a,b] (~N/50, cap 1000)",1.827
2025-09-08T18:18:25.456464319+03:00,heap_no_index,select,40000,"k in [a,b] (~N/50, cap 1000)",1.856
2025-09-08T18:18:25.458371312+03:00,heap_no_index,select,40000,"k in [a,b] (~N/50, cap 1000)",1.898
2025-09-08T18:18:25.46022285+03:00,heap_no_index,select,40000,"k in [a,b] (~N/50, cap 1000)",1.836
2025-09-08T18:18:25.462127888+03:00,heap_no_index,select,40000,"k in [a,b] (~N/50, cap 1000)",1.895
2025-09-08T18:18:25.464040748+03:00,heap_no_index,select,40000,"k in [a,b] (~N/50, cap 1000)",1.904
2025-09-08T18:18:25.465750505+03:00,heap_no_index,select,40000,"k in [a,b] (~N/50, cap 1000)",1.702
2025-09-08T18:18:25.467655543+03:00,heap_no_index,select,40000,"k in [a,b] (~N/50, cap 1000)",1.896
2025-09-08T18:18:25.469526218+03:00,heap_no_index,select,40000,"k in [a,b] (~N/50, cap 1000)",1.863
2025-09-08T18:18:25.471389001+03:00,heap_no_index,select,40000,"k in [a,b] (~N/50, cap 1000)",1.855
2025-09-08T18:18:25.47339552+03:00,heap_no_index,select,40000,"k in [a,b] (~N/50, cap 1000)",1.997
2025-09-08T18:18:25.475136986+03:00,heap_no_index,select,40000,"k in [a,b] (~N/50, cap 1000)",1.733
2025-09-08T18:18:25.477060602+03:00,heap_no_index,select,40000,"k in [a,b] (~N/50, cap 1000)",1.916
2025-09-08T18:18:25.47897444+03:00,heap_no_index,select,40000,"k in [a,b] (~N/50, cap 1000)",1.906
2025-09-08T18:18:25.480915656+03:00,heap_no_index,select,40000,"k in [a,b] (~N/50, cap 1000)",1.933
2025-09-08T18:18:25.482699377+03:00,heap_no_index,select,40000,"k in [a,b] (~N/50, cap 1000)",1.775
2025-09-08T18:18:25.484626415+03:00,heap_no_index,select,40000,"k in [a,b] (~N/50, cap 1000)",1.920
2025-09-08T18:18:25.486546609+03:00,heap_no_index,select,40000,"k in [a,b] (~N/50, cap 1000)",1.912
2025-09-08T18:18:25.488385645+03:00,heap_no_index,select,40000,"k in [a,b] (~N/50, cap 1000)",1.832
2025-09-08T18:18:25.490170343+03:00,heap_no_index,select,40000,"k in [a,b] (~N/50, cap 1000)",1.775
2025-09-08T18:18:25.492057641+03:00,heap_no_index,select,40000,"k in [a,b] (~N/50, cap 1000)",1.880
2025-09-08T18:18:25.493944031+03:00,heap_no_index,select,40000,"k in [a,b] (~N/50, cap 1000)",1.878
2025-09-08T18:18:25.495773917+03:00,heap_no_index,select,40000,"k in [a,b] (~N/50, cap 1000)",1.823
2025-09-08T18:18:25.497513148+03:00,heap_no_index,select,40000,"k in [a,b] (~N/50, cap 1000)",1.731
2025-09-08T18:18:25.499344292+03:00,heap_no_index,select,40000,"k in [a,b] (~N/50, cap 1000)",1.824
2025-09-08T18:18:25.501298569+03:00,heap_no_index,select,40000,"k in [a,b] (~N/50, cap 1000)",1.945
2025-09-08T18:18:25.503218623+03:00,heap_no_index,select,40000,"k in [a,b] (~N/50, cap 1000)",1.912
2025-09-08T18:18:25.504953244+03:00,heap_no_index,select,40000,"k in [a,b] (~N/50, cap 1000)",1.727
2025-09-08T18:18:25.506703579+03:00,heap_no_index,select,40000,"k in [a,b] (~N/50, cap 1000)",1.741
2025-09-08T18:18:25.508667355+03:00,heap_no_index,select,40000,"k in [a,b] (~N/50, cap 1000)",1.957
2025-09-08T18:18:25.510630852+03:00,heap_no_index,select,40000,"k in [a,b] (~N/50, cap 1000)",1.918
2025-09-08T18:18:25.512570182+03:00,heap_no_index,select,40000,"k in [a,b] (~N/50, cap 1000)",1.931
2025-09-08T18:18:25.514342588+03:00,heap_no_index,select,40000,"k in [a,b] (~N/50, cap 1000)",1.764
2025-09-08T18:18:25.51657484+03:00,heap_no_index,select,40000,"k in [a,b] (~N/50, cap 1000)",2.223
2025-09-08T18:18:25.518793753+03:00,heap_no_index,select,40000,"k in [a,b] (~N/50, cap 1000)",2.211
2025-09-08T18:18:25.52070354+03:00,heap_no_index,select,40000,"k in [a,b] (~N/50, cap 1000)",1.901
2025-09-08T18:18:25.5226076+03:00,heap_no_index,select,40000,"k in [a,b] (~N/50, cap 1000)",1.896
2025-09-08T18:18:25.524511171+03:00,heap_no_index,select,40000,"k in [a,b] (~N/50, cap 1000)",1.895
2025-09-08T18:18:25.526440235+03:00,heap_no_index,select,40000,"k in [a,b] (~N/50, cap 1000)",1.921
2025-09-08T18:18:25.528404429+03:00,heap_no_index,select,40000,"k in [a,b] (~N/50, cap 1000)",1.957
2025-09-08T18:18:25.530300737+03:00,heap_no_index,select,40000,"k in [a,b] (~N/50, cap 1000)",1.888
2025-09-08T18:18:25.532173856+03:00,heap_no_index,select,40000,"k in [a,b] (~N/50, cap 1000)",1.865
2025-09-08T18:18:25.533917766+03:00,heap_no_index,select,40000,"k in [a,b] (~N/50, cap 1000)",1.736
2025-09-08T18:18:25.535806112+03:00,heap_no_index,select,40000,"k in [a,b] (~N/50, cap 1000)",1.881
2025-09-08T18:18:25.537662958+03:00,heap_no_index,select,40000,"k in [a,b] (~N/50, cap 1000)",1.849
2025-09-08T18:18:25.53957931+03:00,heap_no_index,select,40000,"k in [a,b] (~N/50, cap 1000)",1.908
2025-09-08T18:18:25.54142994+03:00,heap_no_index,select,40000,"k in [a,b] (~N/50, cap 1000)",1.842
2025-09-08T18:18:25.543232169+03:00,heap_no_index,select,40000,"k in [a,b] (~N/50, cap 1000)",1.795
2025-09-08T18:18:25.545243438+03:00,heap_no_index,select,40000,"k in [a,b] (~N/50, cap 1000)",2.003
2025-09-08T18:18:25.547155251+03:00,heap_no_index,select,40000,"k in [a,b] (~N/50, cap 1000)",1.904
2025-09-08T18:18:25.549083057+03:00,heap_no_index,select,40000,"k in [a,b] (~N/50, cap 1000)",1.919
2025-09-08T18:18:25.550958971+03:00,heap_no_index,select,40000,"k in [a,b] (~N/50, cap 1000)",1.866
2025-09-08T18:18:25.552772724+03:00,heap_no_index,select,40000,"k in [a,b] (~N/50, cap 1000)",1.806
2025-09-08T18:18:25.554462505+03:00,heap_no_index,select,40000,"k in [a,b] (~N/50, cap 1000)",1.681
2025-09-08T18:18:25.55639115+03:00,heap_no_index,select,40000,"k in [a,b] (~N/50, cap 1000)",1.920
2025-09-08T18:18:25.558465767+03:00,heap_no_index,select,40000,"k in [a,b] (~N/50, cap 1000)",2.066
2025-09-08T18:18:25.56039511+03:00,heap_no_index,select,40000,"k in [a,b] (~N/50, cap 1000)",1.921
2025-09-08T18:18:25.562228698+03:00,heap_no_index,select,40000,"k in [a,b] (~N/50, cap 1000)",1.824
2025-09-08T18:18:25.563901298+03:00,heap_no_index,select,40000,"k in [a,b] (~N/50, cap 1000)",1.665
2025-09-08T18:18:25.565947978+03:00,heap_no_index,select,40000,"k in [a,b] (~N/50, cap 1000)",2.037
2025-09-08T18:18:25.567990257+03:00,heap_no_index,select,40000,"k in [a,b] (~N/50, cap 1000)",2.035
2025-09-08T18:18:25.569899765+03:00,heap_no_index,select,40000,"k in [a,b] (~N/50, cap 1000)",1.902
2025-09-08T18:18:25.571799704+03:00,heap_no_index,select,40000,"k in [a,b] (~N/50, cap 1000)",1.892
2025-09-08T18:18:25.573574135+03:00,heap_no_index,select,40000,"k in [a,b] (~N/50, cap 1000)",1.767
2025-09-08T18:18:25.575331176+03:00,heap_no_index,select,40000,"k in [a,b] (~N/50, cap 1000)",1.747
2025-09-08T18:18:25.577269529+03:00,heap_no_index,select,40000,"k in [a,b] (~N/50, cap 1000)",1.929
2025-09-08T18:18:25.579184275+03:00,heap_no_index,select,40000,"k in [a,b] (~N/50, cap 1000)",1.907
2025-09-08T18:18:25.581073528+03:00,heap_no_index,select,40000,"k in [a,b] (~N/50, cap 1000)",1.882
2025-09-08T18:18:25.583215124+03:00,heap_no_index,select,40000,"k in [a,b] (~N/50, cap 1000)",2.133
2025-09-08T18:18:25.58547713+03:00,heap_no_index,select,40000,"k in [a,b] (~N/50, cap 1000)",2.255
2025-09-08T18:18:25.587552375+03:00,heap_no_index,select,40000,"k in [a,b] (~N/50, cap 1000)",2.067
2025-09-08T18:18:25.589617493+03:00,heap_no_index,select,40000,"k in [a,b] (~N/50, cap 1000)",2.021
2025-09-08T18:18:25.591348482+03:00,heap_no_index,select,40000,"k in [a,b] (~N/50, cap 1000)",1.722
2025-09-08T18:18:25.593257361+03:00,heap_no_index,select,40000,"k in [a,b] (~N/50, cap 1000)",1.901
2025-09-08T18:18:25.595118118+03:00,heap_no_index,select,40000,"k in [a,b] (~N/50, cap 1000)",1.853
2025-09-08T18:18:25.596993612+03:00,heap_no_index,select,40000,"k in [a,b] (~N/50, cap 1000)",1.868
2025-09-08T18:18:25.599346484+03:00,heap_no_index,select,40000,"k in [a,b] (~N/50, cap 1000)",2.344
2025-09-08T18:18:25.601039827+03:00,heap_no_index,select,40000,"k in [a,b] (~N/50, cap 1000)",1.685
2025-09-08T18:18:25.602859587+03:00,heap_no_index,select,40000,"k in [a,b] (~N/50, cap 1000)",1.811
2025-09-08T18:18:25.604730471+03:00,heap_no_index,select,40000,"k in [a,b] (~N/50, cap 1000)",1.862
2025-09-08T18:18:25.606773449+03:00,heap_no_index,select,40000,"k in [a,b] (~N/50, cap 1000)",2.034
2025-09-08T18:18:25.608709707+03:00,heap_no_index,select,40000,"k in [a,b] (~N/50, cap 1000)",1.928
2025-09-08T18:18:25.610896072+03:00,heap_no_index,select,40000,"k in [a,b] (~N/50, cap 1000)",2.178
2025-09-08T18:18:25.612659398+03:00,heap_no_index,select,40000,"k in [a,b] (~N/50, cap 1000)",1.756
2025-09-08T18:18:25.614807629+03:00,heap_no_index,select,40000,"k in [a,b] (~N/50, cap 1000)",2.141
2025-09-08T18:18:25.616659237+03:00,heap_no_index,select,40000,"k in [a,b] (~N/50, cap 1000)",1.843
2025-09-08T18:18:25.618529423+03:00,heap_no_index,select,40000,"k in [a,b] (~N/50, cap 1000)",1.861
2025-09-08T18:18:25.620750152+03:00,heap_no_index,select,40000,"k in [a,b] (~N/50, cap 1000)",2.212
2025-09-08T18:18:26.402968751+03:00,heap_no_index,delete,40000,k%7=0,196.263
2025-09-08T18:18:26.594344379+03:00,heap_no_index,delete,40000,k%7=0,191.360
2025-09-08T18:18:26.782587549+03:00,heap_no_index,delete,40000,k%7=0,188.227
2025-09-08T18:18:26.97678197+03:00,heap_no_index,delete,40000,k%7=0,194.180
2025-09-08T18:18:27.165053704+03:00,heap_no_index,delete,40000,k%7=0,188.256
2025-09-08T18:18:27.363895338+03:00,heap_no_index,delete,40000,k%7=0,198.828
2025-09-08T18:18:27.554425516+03:00,heap_no_index,delete,40000,k%7=0,190.512
2025-09-08T18:18:27.744212912+03:00,heap_no_index,delete,40000,k%7=0,189.764
2025-09-08T18:18:27.934109963+03:00,heap_no_index,delete,40000,k%7=0,189.873
2025-09-08T18:18:28.120965279+03:00,heap_no_index,delete,40000,k%7=0,186.840
2025-09-08T18:18:28.317992321+03:00,heap_no_index,delete,40000,k%7=0,197.013
2025-09-08T18:18:28.514631106+03:00,heap_no_index,delete,40000,k%7=0,196.625
2025-09-08T18:18:28.7379576+03:00,heap_no_index,delete,40000,k%7=0,223.312
2025-09-08T18:18:28.976310677+03:00,heap_no_index,delete,40000,k%7=0,238.339
2025-09-08T18:18:29.17540514+03:00,heap_no_index,delete,40000,k%7=0,199.079
2025-09-08T18:18:29.446362954+03:00,heap_no_index,delete,40000,k%7=0,270.940
2025-09-08T18:18:29.67619651+03:00,heap_no_index,delete,40000,k%7=0,229.810
2025-09-08T18:18:29.861525616+03:00,heap_no_index,delete,40000,k%7=0,185.312
2025-09-08T18:18:30.067648868+03:00,heap_no_index,delete,40000,k%7=0,206.105
2025-09-08T18:18:30.256082913+03:00,heap_no_index,delete,40000,k%7=0,188.414
2025-09-08T18:18:30.454741625+03:00,heap_no_index,delete,40000,k%7=0,198.641
2025-09-08T18:18:30.641240948+03:00,heap_no_index,delete,40000,k%7=0,186.484
2025-09-08T18:18:30.825640652+03:00,heap_no_index,delete,40000,k%7=0,184.386
2025-09-08T18:18:31.011823727+03:00,heap_no_index,delete,40000,k%7=0,186.169
2025-09-08T18:18:31.197113857+03:00,heap_no_index,delete,40000,k%7=0,185.275
2025-09-08T18:18:31.383102418+03:00,heap_no_index,delete,40000,k%7=0,185.974
2025-09-08T18:18:31.572566716+03:00,heap_no_index,delete,40000,k%7=0,189.450
2025-09-08T18:18:31.75732129+03:00,heap_no_index,delete,40000,k%7=0,184.732
2025-09-08T18:18:31.943456871+03:00,heap_no_index,delete,40000,k%7=0,186.119
2025-09-08T18:18:32.14584785+03:00,heap_no_index,delete,40000,k%7=0,202.374
2025-09-08T18:18:32.33501664+03:00,heap_no_index,delete,40000,k%7=0,189.154
2025-09-08T18:18:32.525965799+03:00,heap_no_index,delete,40000,k%7=0,190.933
2025-09-08T18:18:32.71427119+03:00,heap_no_index,delete,40000,k%7=0,188.292
2025-09-08T18:18:32.900452307+03:00,heap_no_index,delete,40000,k%7=0,186.167
2025-09-08T18:18:33.087973989+03:00,heap_no_index,delete,40000,k%7=0,187.502
2025-09-08T18:18:33.274265596+03:00,heap_no_index,delete,40000,k%7=0,186.277
2025-09-08T18:18:33.464251549+03:00,heap_no_index,delete,40000,k%7=0,189.965
2025-09-08T18:18:33.653031731+03:00,heap_no_index,delete,40000,k%7=0,188.763
2025-09-08T18:18:33.852544409+03:00,heap_no_index,delete,40000,k%7=0,199.500
2025-09-08T18:18:34.042134421+03:00,heap_no_index,delete,40000,k%7=0,189.572
2025-09-08T18:18:34.24040005+03:00,heap_no_index,delete,40000,k%7=0,198.246
2025-09-08T18:18:34.439555409+03:00,heap_no_index,delete,40000,k%7=0,199.137
2025-09-08T18:18:34.630079221+03:00,heap_no_index,delete,40000,k%7=0,190.508
2025-09-08T18:18:34.818469818+03:00,heap_no_index,delete,40000,k%7=0,188.374
2025-09-08T18:18:35.005999321+03:00,heap_no_index,delete,40000,k%7=0,187.515
2025-09-08T18:18:35.193700916+03:00,heap_no_index,delete,40000,k%7=0,187.686
2025-09-08T18:18:35.381566712+03:00,heap_no_index,delete,40000,k%7=0,187.852
2025-09-08T18:18:35.569681009+03:00,heap_no_index,delete,40000,k%7=0,188.101
2025-09-08T18:18:35.757426116+03:00,heap_no_index,delete,40000,k%7=0,187.731
2025-09-08T18:18:35.943269887+03:00,heap_no_index,delete,40000,k%7=0,185.829
2025-09-08T18:18:36.131886075+03:00,heap_no_index,delete,40000,k%7=0,188.601
2025-09-08T18:18:36.32193551+03:00,heap_no_index,delete,40000,k%7=0,190.033
2025-09-08T18:18:36.510215264+03:00,heap_no_index,delete,40000,k%7=0,188.266
2025-09-08T18:18:36.695855511+03:00,heap_no_index,delete,40000,k%7=0,185.626
2025-09-08T18:18:36.899492553+03:00,heap_no_index,delete,40000,k%7=0,203.524
2025-09-08T18:18:37.093990778+03:00,heap_no_index,delete,40000,k%7=0,194.484
2025-09-08T18:18:37.286338536+03:00,heap_no_index,delete,40000,k%7=0,192.333
2025-09-08T18:18:37.474354771+03:00,heap_no_index,delete,40000,k%7=0,188.003
2025-09-08T18:18:37.661921915+03:00,heap_no_index,delete,40000,k%7=0,187.552
2025-09-08T18:18:37.864748567+03:00,heap_no_index,delete,40000,k%7=0,202.811
2025-09-08T18:18:38.056931495+03:00,heap_no_index,delete,40000,k%7=0,192.166
2025-09-08T18:18:38.24284322+03:00,heap_no_index,delete,40000,k%7=0,185.894
2025-09-08T18:18:38.432873516+03:00,heap_no_index,delete,40000,k%7=0,190.015
2025-09-08T18:18:38.618418355+03:00,heap_no_index,delete,40000,k%7=0,185.531
2025-09-08T18:18:38.803628436+03:00,heap_no_index,delete,40000,k%7=0,185.195
2025-09-08T18:18:38.98659991+03:00,heap_no_index,delete,40000,k%7=0,182.958
2025-09-08T18:18:39.17396793+03:00,heap_no_index,delete,40000,k%7=0,187.344
2025-09-08T18:18:39.362467755+03:00,heap_no_index,delete,40000,k%7=0,188.485
2025-09-08T18:18:39.562776355+03:00,heap_no_index,delete,40000,k%7=0,200.290
2025-09-08T18:18:39.762073348+03:00,heap_no_index,delete,40000,k%7=0,199.280
2025-09-08T18:18:39.953613858+03:00,heap_no_index,delete,40000,k%7=0,191.523
2025-09-08T18:18:40.145592213+03:00,heap_no_index,delete,40000,k%7=0,191.960
2025-09-08T18:18:40.356074981+03:00,heap_no_index,delete,40000,k%7=0,210.466
2025-09-08T18:18:40.547625267+03:00,heap_no_index,delete,40000,k%7=0,191.535
2025-09-08T18:18:40.737594099+03:00,heap_no_index,delete,40000,k%7=0,189.944
2025-09-08T18:18:40.925223469+03:00,heap_no_index,delete,40000,k%7=0,187.611
2025-09-08T18:18:41.1218475+03:00,heap_no_index,delete,40000,k%7=0,196.610
2025-09-08T18:18:41.320013244+03:00,heap_no_index,delete,40000,k%7=0,198.149
2025-09-08T18:18:41.509242786+03:00,heap_no_index,delete,40000,k%7=0,189.212
2025-09-08T18:18:41.6997126+03:00,heap_no_index,delete,40000,k%7=0,190.455
2025-09-08T18:18:41.888132173+03:00,heap_no_index,delete,40000,k%7=0,188.400
2025-09-08T18:18:42.079508409+03:00,heap_no_index,delete,40000,k%7=0,191.362
2025-09-08T18:18:42.274660357+03:00,heap_no_index,delete,40000,k%7=0,195.138
2025-09-08T18:18:42.464125408+03:00,heap_no_index,delete,40000,k%7=0,189.438
2025-09-08T18:18:42.655879983+03:00,heap_no_index,delete,40000,k%7=0,191.739
2025-09-08T18:18:42.842370002+03:00,heap_no_index,delete,40000,k%7=0,186.475
2025-09-08T18:18:43.029085055+03:00,heap_no_index,delete,40000,k%7=0,186.681
2025-09-08T18:18:43.21963351+03:00,heap_no_index,delete,40000,k%7=0,190.531
2025-09-08T18:18:43.408934848+03:00,heap_no_index,delete,40000,k%7=0,189.287
2025-09-08T18:18:43.608197544+03:00,heap_no_index,delete,40000,k%7=0,199.248
2025-09-08T18:18:43.796589735+03:00,heap_no_index,delete,40000,k%7=0,188.378
2025-09-08T18:18:43.986855955+03:00,heap_no_index,delete,40000,k%7=0,190.251
2025-09-08T18:18:44.173388017+03:00,heap_no_index,delete,40000,k%7=0,186.519
2025-09-08T18:18:44.358695173+03:00,heap_no_index,delete,40000,k%7=0,185.292
2025-09-08T18:18:44.544064698+03:00,heap_no_index,delete,40000,k%7=0,185.354
2025-09-08T18:18:44.732863934+03:00,heap_no_index,delete,40000,k%7=0,188.784
2025-09-08T18:18:44.951343718+03:00,heap_no_index,delete,40000,k%7=0,218.463
2025-09-08T18:18:45.156817898+03:00,heap_no_index,delete,40000,k%7=0,205.456
2025-09-08T18:18:45.360116189+03:00,heap_no_index,delete,40000,k%7=0,203.284
2025-09-08T18:18:45.628796393+03:00,heap_no_index,delete,40000,k%7=0,268.665
2025-09-08T18:18:46.93928159+03:00,heap_no_index,insert,70000,bulk=70000,333.815
2025-09-08T18:18:47.246948988+03:00,heap_no_index,insert,70000,bulk=70000,307.653
2025-09-08T18:18:47.554664508+03:00,heap_no_index,insert,70000,bulk=70000,307.702
2025-09-08T18:18:47.859737518+03:00,heap_no_index,insert,70000,bulk=70000,305.061
2025-09-08T18:18:48.17345646+03:00,heap_no_index,insert,70000,bulk=70000,313.707
2025-09-08T18:18:48.496408646+03:00,heap_no_index,insert,70000,bulk=70000,322.937
2025-09-08T18:18:48.806836306+03:00,heap_no_index,insert,70000,bulk=70000,310.415
2025-09-08T18:18:49.11538491+03:00,heap_no_index,insert,70000,bulk=70000,308.535
2025-09-08T18:18:49.426629172+03:00,heap_no_index,insert,70000,bulk=70000,311.231
2025-09-08T18:18:49.736104382+03:00,heap_no_index,insert,70000,bulk=70000,309.461
2025-09-08T18:18:50.04415661+03:00,heap_no_index,insert,70000,bulk=70000,308.039
2025-09-08T18:18:50.419032027+03:00,heap_no_index,insert,70000,bulk=70000,374.862
2025-09-08T18:18:50.737278117+03:00,heap_no_index,insert,70000,bulk=70000,318.218
2025-09-08T18:18:51.04944675+03:00,heap_no_index,insert,70000,bulk=70000,312.156
2025-09-08T18:18:51.360261613+03:00,heap_no_index,insert,70000,bulk=70000,310.802
2025-09-08T18:18:51.667311591+03:00,heap_no_index,insert,70000,bulk=70000,307.037
2025-09-08T18:18:51.975953918+03:00,heap_no_index,insert,70000,bulk=70000,308.629
2025-09-08T18:18:52.283257004+03:00,heap_no_index,insert,70000,bulk=70000,307.290
2025-09-08T18:18:52.588979893+03:00,heap_no_index,insert,70000,bulk=70000,305.709
2025-09-08T18:18:52.895937815+03:00,heap_no_index,insert,70000,bulk=70000,306.946
2025-09-08T18:18:53.20911686+03:00,heap_no_index,insert,70000,bulk=70000,313.167
2025-09-08T18:18:53.524512652+03:00,heap_no_index,insert,70000,bulk=70000,315.380
2025-09-08T18:18:53.837707621+03:00,heap_no_index,insert,70000,bulk=70000,313.183
2025-09-08T18:18:54.16092841+03:00,heap_no_index,insert,70000,bulk=70000,323.197
2025-09-08T18:18:54.480965895+03:00,heap_no_index,insert,70000,bulk=70000,320.023
2025-09-08T18:18:54.804410251+03:00,heap_no_index,insert,70000,bulk=70000,323.428
2025-09-08T18:18:55.116805166+03:00,heap_no_index,insert,70000,bulk=70000,312.382
2025-09-08T18:18:55.426113927+03:00,heap_no_index,insert,70000,bulk=70000,309.289
2025-09-08T18:18:55.744557243+03:00,heap_no_index,insert,70000,bulk=70000,318.430
2025-09-08T18:18:56.062869254+03:00,heap_no_index,insert,70000,bulk=70000,318.296
2025-09-08T18:18:56.386760461+03:00,heap_no_index,insert,70000,bulk=70000,323.876
2025-09-08T18:18:56.691702357+03:00,heap_no_index,insert,70000,bulk=70000,304.928
2025-09-08T18:18:57.004685416+03:00,heap_no_index,insert,70000,bulk=70000,312.970
2025-09-08T18:18:57.315305126+03:00,heap_no_index,insert,70000,bulk=70000,310.606
2025-09-08T18:18:57.640675395+03:00,heap_no_index,insert,70000,bulk=70000,325.357
2025-09-08T18:18:57.950422976+03:00,heap_no_index,insert,70000,bulk=70000,309.731
2025-09-08T18:18:58.259092179+03:00,heap_no_index,insert,70000,bulk=70000,308.655
2025-09-08T18:18:58.569792555+03:00,heap_no_index,insert,70000,bulk=70000,310.688
2025-09-08T18:18:58.872447858+03:00,heap_no_index,insert,70000,bulk=70000,302.642
2025-09-08T18:18:59.181165809+03:00,heap_no_index,insert,70000,bulk=70000,308.705
2025-09-08T18:18:59.490567174+03:00,heap_no_index,insert,70000,bulk=70000,309.388
2025-09-08T18:18:59.796121517+03:00,heap_no_index,insert,70000,bulk=70000,305.543
2025-09-08T18:19:00.106240797+03:00,heap_no_index,insert,70000,bulk=70000,310.107
2025-09-08T18:19:00.413759612+03:00,heap_no_index,insert,70000,bulk=70000,307.507
2025-09-08T18:19:00.715716899+03:00,heap_no_index,insert,70000,bulk=70000,301.944
2025-09-08T18:19:01.046141979+03:00,heap_no_index,insert,70000,bulk=70000,330.410
2025-09-08T18:19:01.365777991+03:00,heap_no_index,insert,70000,bulk=70000,319.612
2025-09-08T18:19:01.673224167+03:00,heap_no_index,insert,70000,bulk=70000,307.434
2025-09-08T18:19:02.001512887+03:00,heap_no_index,insert,70000,bulk=70000,328.275
2025-09-08T18:19:02.436162766+03:00,heap_no_index,insert,70000,bulk=70000,434.637
2025-09-08T18:19:02.745038067+03:00,heap_no_index,insert,70000,bulk=70000,308.864
2025-09-08T18:19:03.056875548+03:00,heap_no_index,insert,70000,bulk=70000,311.788
2025-09-08T18:19:03.370357062+03:00,heap_no_index,insert,70000,bulk=70000,313.466
2025-09-08T18:19:03.694106263+03:00,heap_no_index,insert,70000,bulk=70000,323.736
2025-09-08T18:19:04.003702761+03:00,heap_no_index,insert,70000,bulk=70000,309.583
2025-09-08T18:19:04.314132414+03:00,heap_no_index,insert,70000,bulk=70000,310.417
2025-09-08T18:19:04.632017316+03:00,heap_no_index,insert,70000,bulk=70000,317.873
2025-09-08T18:19:04.938682362+03:00,heap_no_index,insert,70000,bulk=70000,306.653
2025-09-08T18:19:05.252491855+03:00,heap_no_index,insert,70000,bulk=70000,313.796
2025-09-08T18:19:05.559771168+03:00,heap_no_index,insert,70000,bulk=70000,307.263
2025-09-08T18:19:05.865904078+03:00,heap_no_index,insert,70000,bulk=70000,306.117
2025-09-08T18:19:06.173400462+03:00,heap_no_index,insert,70000,bulk=70000,307.472
2025-09-08T18:19:06.487745857+03:00,heap_no_index,insert,70000,bulk=70000,314.333
2025-09-08T18:19:06.79920562+03:00,heap_no_index,insert,70000,bulk=70000,311.442
2025-09-08T18:19:07.107551852+03:00,heap_no_index,insert,70000,bulk=70000,308.332
2025-09-08T18:19:07.421248823+03:00,heap_no_index,insert,70000,bulk=70000,313.683
2025-09-08T18:19:07.726586567+03:00,heap_no_index,insert,70000,bulk=70000,305.324
2025-09-08T18:19:08.047033793+03:00,heap_no_index,insert,70000,bulk=70000,320.433
2025-09-08T18:19:08.358618151+03:00,heap_no_index,insert,70000,bulk=70000,311.571
2025-09-08T18:19:08.677964859+03:00,heap_no_index,insert,70000,bulk=70000,319.328
2025-09-08T18:19:08.983244491+03:00,heap_no_index,insert,70000,bulk=70000,305.267
2025-09-08T18:19:09.291528767+03:00,heap_no_index,insert,70000,bulk=70000,308.268
2025-09-08T18:19:09.600411108+03:00,heap_no_index,insert,70000,bulk=70000,308.870
2025-09-08T18:19:09.914212351+03:00,heap_no_index,insert,70000,bulk=70000,313.788
2025-09-08T18:19:10.227509815+03:00,heap_no_index,insert,70000,bulk=70000,313.284
2025-09-08T18:19:10.539241538+03:00,heap_no_index,insert,70000,bulk=70000,311.718
2025-09-08T18:19:10.855437066+03:00,heap_no_index,insert,70000,bulk=70000,316.181
2025-09-08T18:19:11.175448185+03:00,heap_no_index,insert,70000,bulk=70000,319.999
2025-09-08T18:19:11.49175497+03:00,heap_no_index,insert,70000,bulk=70000,316.294
2025-09-08T18:19:11.818751853+03:00,heap_no_index,insert,70000,bulk=70000,326.983
2025-09-08T18:19:12.132236772+03:00,heap_no_index,insert,70000,bulk=70000,313.468
2025-09-08T18:19:12.454132322+03:00,heap_no_index,insert,70000,bulk=70000,321.877
2025-09-08T18:19:12.758264007+03:00,heap_no_index,insert,70000,bulk=70000,304.120
2025-09-08T18:19:13.061459097+03:00,heap_no_index,insert,70000,bulk=70000,303.183
2025-09-08T18:19:13.364388503+03:00,heap_no_index,insert,70000,bulk=70000,302.917
2025-09-08T18:19:13.670948767+03:00,heap_no_index,insert,70000,bulk=70000,306.545
2025-09-08T18:19:13.97576554+03:00,heap_no_index,insert,70000,bulk=70000,304.803
2025-09-08T18:19:14.282532746+03:00,heap_no_index,insert,70000,bulk=70000,306.754
2025-09-08T18:19:14.588743863+03:00,heap_no_index,insert,70000,bulk=70000,306.199
2025-09-08T18:19:14.895327382+03:00,heap_no_index,insert,70000,bulk=70000,306.569
2025-09-08T18:19:15.201668335+03:00,heap_no_index,insert,70000,bulk=70000,306.325
2025-09-08T18:19:15.510868869+03:00,heap_no_index,insert,70000,bulk=70000,309.188
2025-09-08T18:19:15.818568616+03:00,heap_no_index,insert,70000,bulk=70000,307.688
2025-09-08T18:19:16.142213725+03:00,heap_no_index,insert,70000,bulk=70000,323.629
2025-09-08T18:19:16.449447548+03:00,heap_no_index,insert,70000,bulk=70000,307.219
2025-09-08T18:19:16.756754427+03:00,heap_no_index,insert,70000,bulk=70000,307.295
2025-09-08T18:19:17.065639967+03:00,heap_no_index,insert,70000,bulk=70000,308.873
2025-09-08T18:19:17.388320611+03:00,heap_no_index,insert,70000,bulk=70000,322.666
2025-09-08T18:19:17.699288866+03:00,heap_no_index,insert,70000,bulk=70000,310.955
2025-09-08T18:19:18.008590878+03:00,heap_no_index,insert,70000,bulk=70000,309.289
2025-09-08T18:19:18.331353655+03:00,heap_no_index,select,70000,"k in [a,b] (~N/50, cap 1000)",3.487
2025-09-08T18:19:18.334573137+03:00,heap_no_index,select,70000,"k in [a,b] (~N/50, cap 1000)",3.203
2025-09-08T18:19:18.337805609+03:00,heap_no_index,select,70000,"k in [a,b] (~N/50, cap 1000)",3.223
2025-09-08T18:19:18.341339804+03:00,heap_no_index,select,70000,"k in [a,b] (~N/50, cap 1000)",3.525
2025-09-08T18:19:18.344364564+03:00,heap_no_index,select,70000,"k in [a,b] (~N/50, cap 1000)",3.014
2025-09-08T18:19:18.34763985+03:00,heap_no_index,select,70000,"k in [a,b] (~N/50, cap 1000)",3.256
2025-09-08T18:19:18.350995596+03:00,heap_no_index,select,70000,"k in [a,b] (~N/50, cap 1000)",3.344
2025-09-08T18:19:18.354262222+03:00,heap_no_index,select,70000,"k in [a,b] (~N/50, cap 1000)",3.259
2025-09-08T18:19:18.357439938+03:00,heap_no_index,select,70000,"k in [a,b] (~N/50, cap 1000)",3.168
2025-09-08T18:19:18.360867133+03:00,heap_no_index,select,70000,"k in [a,b] (~N/50, cap 1000)",3.412
2025-09-08T18:19:18.364180554+03:00,heap_no_index,select,70000,"k in [a,b] (~N/50, cap 1000)",3.304
2025-09-08T18:19:18.367253714+03:00,heap_no_index,select,70000,"k in [a,b] (~N/50, cap 1000)",3.063
2025-09-08T18:19:18.370763324+03:00,heap_no_index,select,70000,"k in [a,b] (~N/50, cap 1000)",3.500
2025-09-08T18:19:18.374048109+03:00,heap_no_index,select,70000,"k in [a,b] (~N/50, cap 1000)",3.275
2025-09-08T18:19:18.377290779+03:00,heap_no_index,select,70000,"k in [a,b] (~N/50, cap 1000)",3.233
2025-09-08T18:19:18.380167891+03:00,heap_no_index,select,70000,"k in [a,b] (~N/50, cap 1000)",2.868
2025-09-08T18:19:18.383607937+03:00,heap_no_index,select,70000,"k in [a,b] (~N/50, cap 1000)",3.431
2025-09-08T18:19:18.38671134+03:00,heap_no_index,select,70000,"k in [a,b] (~N/50, cap 1000)",3.091
2025-09-08T18:19:18.390138256+03:00,heap_no_index,select,70000,"k in [a,b] (~N/50, cap 1000)",3.408
2025-09-08T18:19:18.393412983+03:00,heap_no_index,select,70000,"k in [a,b] (~N/50, cap 1000)",3.264
2025-09-08T18:19:18.396748754+03:00,heap_no_index,select,70000,"k in [a,b] (~N/50, cap 1000)",3.328
2025-09-08T18:19:18.40009549+03:00,heap_no_index,select,70000,"k in [a,b] (~N/50, cap 1000)",3.338
2025-09-08T18:19:18.403545035+03:00,heap_no_index,select,70000,"k in [a,b] (~N/50, cap 1000)",3.438
2025-09-08T18:19:18.406893377+03:00,heap_no_index,select,70000,"k in [a,b] (~N/50, cap 1000)",3.337
2025-09-08T18:19:18.409987211+03:00,heap_no_index,select,70000,"k in [a,b] (~N/50, cap 1000)",3.085
2025-09-08T18:19:18.412961964+03:00,heap_no_index,select,70000,"k in [a,b] (~N/50, cap 1000)",2.966
2025-09-08T18:19:18.416109437+03:00,heap_no_index,select,70000,"k in [a,b] (~N/50, cap 1000)",3.139
2025-09-08T18:19:18.41942216+03:00,heap_no_index,select,70000,"k in [a,b] (~N/50, cap 1000)",3.305
2025-09-08T18:19:18.422688087+03:00,heap_no_index,select,70000,"k in [a,b] (~N/50, cap 1000)",3.256
2025-09-08T18:19:18.426150763+03:00,heap_no_index,select,70000,"k in [a,b] (~N/50, cap 1000)",3.448
2025-09-08T18:19:18.429435199+03:00,heap_no_index,select,70000,"k in [a,b] (~N/50, cap 1000)",3.275
2025-09-08T18:19:18.432708739+03:00,heap_no_index,select,70000,"k in [a,b] (~N/50, cap 1000)",3.262
2025-09-08T18:19:18.436034662+03:00,heap_no_index,select,70000,"k in [a,b] (~N/50, cap 1000)",3.315
2025-09-08T18:19:18.439634439+03:00,heap_no_index,select,70000,"k in [a,b] (~N/50, cap 1000)",3.590
2025-09-08T18:19:18.442819767+03:00,heap_no_index,select,70000,"k in [a,b] (~N/50, cap 1000)",3.173
2025-09-08T18:19:18.446116566+03:00,heap_no_index,select,70000,"k in [a,b] (~N/50, cap 1000)",3.286
2025-09-08T18:19:18.449407148+03:00,heap_no_index,select,70000,"k in [a,b] (~N/50, cap 1000)",3.280
2025-09-08T18:19:18.452725248+03:00,heap_no_index,select,70000,"k in [a,b] (~N/50, cap 1000)",3.308
2025-09-08T18:19:18.456223753+03:00,heap_no_index,select,70000,"k in [a,b] (~N/50, cap 1000)",3.487
2025-09-08T18:19:18.459555891+03:00,heap_no_index,select,70000,"k in [a,b] (~N/50, cap 1000)",3.323
2025-09-08T18:19:18.46285709+03:00,heap_no_index,select,70000,"k in [a,b] (~N/50, cap 1000)",3.292
2025-09-08T18:19:18.466058971+03:00,heap_no_index,select,70000,"k in [a,b] (~N/50, cap 1000)",3.193
2025-09-08T18:19:18.469360449+03:00,heap_no_index,select,70000,"k in [a,b] (~N/50, cap 1000)",3.257
2025-09-08T18:19:18.472635945+03:00,heap_no_index,select,70000,"k in [a,b] (~N/50, cap 1000)",3.266
2025-09-08T18:19:18.476007266+03:00,heap_no_index,select,70000,"k in [a,b] (~N/50, cap 1000)",3.362
2025-09-08T18:19:18.479299733+03:00,heap_no_index,select,70000,"k in [a,b] (~N/50, cap 1000)",3.281
2025-09-08T18:19:18.482657295+03:00,heap_no_index,select,70000,"k in [a,b] (~N/50, cap 1000)",3.347
2025-09-08T18:19:18.486029524+03:00,heap_no_index,select,70000,"k in [a,b] (~N/50, cap 1000)",3.362
2025-09-08T18:19:18.489236643+03:00,heap_no_index,select,70000,"k in [a,b] (~N/50, cap 1000)",3.198
2025-09-08T18:19:18.492647006+03:00,heap_no_index,select,70000,"k in [a,b] (~N/50, cap 1000)",3.401
2025-09-08T18:19:18.495908534+03:00,heap_no_index,select,70000,"k in [a,b] (~N/50, cap 1000)",3.252
2025-09-08T18:19:18.499341805+03:00,heap_no_index,select,70000,"k in [a,b] (~N/50, cap 1000)",3.426
2025-09-08T18:19:18.502753285+03:00,heap_no_index,select,70000,"k in [a,b] (~N/50, cap 1000)",3.404
2025-09-08T18:19:18.506346218+03:00,heap_no_index,select,70000,"k in [a,b] (~N/50, cap 1000)",3.582
2025-09-08T18:19:18.509529032+03:00,heap_no_index,select,70000,"k in [a,b] (~N/50, cap 1000)",3.172
2025-09-08T18:19:18.512694176+03:00,heap_no_index,select,70000,"k in [a,b] (~N/50, cap 1000)",3.156
2025-09-08T18:19:18.515809662+03:00,heap_no_index,select,70000,"k in [a,b] (~N/50, cap 1000)",3.107
2025-09-08T18:19:18.519110511+03:00,heap_no_index,select,70000,"k in [a,b] (~N/50, cap 1000)",3.292
2025-09-08T18:19:18.522336908+03:00,heap_no_index,select,70000,"k in [a,b] (~N/50, cap 1000)",3.217
2025-09-08T18:19:18.525860556+03:00,heap_no_index,select,70000,"k in [a,b] (~N/50, cap 1000)",3.515
2025-09-08T18:19:18.529090025+03:00,heap_no_index,select,70000,"k in [a,b] (~N/50, cap 1000)",3.219
2025-09-08T18:19:18.531914825+03:00,heap_no_index,select,70000,"k in [a,b] (~N/50, cap 1000)",2.816
2025-09-08T18:19:18.535279091+03:00,heap_no_index,select,70000,"k in [a,b] (~N/50, cap 1000)",3.354
2025-09-08T18:19:18.53868247+03:00,heap_no_index,select,70000,"k in [a,b] (~N/50, cap 1000)",3.393
2025-09-08T18:19:18.542256754+03:00,heap_no_index,select,70000,"k in [a,b] (~N/50, cap 1000)",3.564
2025-09-08T18:19:18.545964927+03:00,heap_no_index,select,70000,"k in [a,b] (~N/50, cap 1000)",3.694
2025-09-08T18:19:18.549897157+03:00,heap_no_index,select,70000,"k in [a,b] (~N/50, cap 1000)",3.920
2025-09-08T18:19:18.553409141+03:00,heap_no_index,select,70000,"k in [a,b] (~N/50, cap 1000)",3.491
2025-09-08T18:19:18.556851422+03:00,heap_no_index,select,70000,"k in [a,b] (~N/50, cap 1000)",3.429
2025-09-08T18:19:18.560292237+03:00,heap_no_index,select,70000,"k in [a,b] (~N/50, cap 1000)",3.428
2025-09-08T18:19:18.563628287+03:00,heap_no_index,select,70000,"k in [a,b] (~N/50, cap 1000)",3.325
2025-09-08T18:19:18.567278909+03:00,heap_no_index,select,70000,"k in [a,b] (~N/50, cap 1000)",3.639
2025-09-08T18:19:18.570850609+03:00,heap_no_index,select,70000,"k in [a,b] (~N/50, cap 1000)",3.562
2025-09-08T18:19:18.574087762+03:00,heap_no_index,select,70000,"k in [a,b] (~N/50, cap 1000)",3.228
2025-09-08T18:19:18.577448117+03:00,heap_no_index,select,70000,"k in [a,b] (~N/50, cap 1000)",3.350
2025-09-08T18:19:18.580331026+03:00,heap_no_index,select,70000,"k in [a,b] (~N/50, cap 1000)",2.874
2025-09-08T18:19:18.584179164+03:00,heap_no_index,select,70000,"k in [a,b] (~N/50, cap 1000)",3.838
2025-09-08T18:19:18.58781938+03:00,heap_no_index,select,70000,"k in [a,b] (~N/50, cap 1000)",3.625
2025-09-08T18:19:18.591336952+03:00,heap_no_index,select,70000,"k in [a,b] (~N/50, cap 1000)",3.504
2025-09-08T18:19:18.594781119+03:00,heap_no_index,select,70000,"k in [a,b] (~N/50, cap 1000)",3.432
2025-09-08T18:19:18.598304418+03:00,heap_no_index,select,70000,"k in [a,b] (~N/50, cap 1000)",3.512
2025-09-08T18:19:18.601826949+03:00,heap_no_index,select,70000,"k in [a,b] (~N/50, cap 1000)",3.511
2025-09-08T18:19:18.605035395+03:00,heap_no_index,select,70000,"k in [a,b] (~N/50, cap 1000)",3.159
2025-09-08T18:19:18.608233366+03:00,heap_no_index,select,70000,"k in [a,b] (~N/50, cap 1000)",3.185
2025-09-08T18:19:18.611824901+03:00,heap_no_index,select,70000,"k in [a,b] (~N/50, cap 1000)",3.579
2025-09-08T18:19:18.615133084+03:00,heap_no_index,select,70000,"k in [a,b] (~N/50, cap 1000)",3.295
2025-09-08T18:19:18.618288241+03:00,heap_no_index,select,70000,"k in [a,b] (~N/50, cap 1000)",3.144
2025-09-08T18:19:18.621589858+03:00,heap_no_index,select,70000,"k in [a,b] (~N/50, cap 1000)",3.291
2025-09-08T18:19:18.624697801+03:00,heap_no_index,select,70000,"k in [a,b] (~N/50, cap 1000)",3.097
2025-09-08T18:19:18.628202731+03:00,heap_no_index,select,70000,"k in [a,b] (~N/50, cap 1000)",3.494
2025-09-08T18:19:18.631630275+03:00,heap_no_index,select,70000,"k in [a,b] (~N/50, cap 1000)",3.418
2025-09-08T18:19:18.634964439+03:00,heap_no_index,select,70000,"k in [a,b] (~N/50, cap 1000)",3.325
2025-09-08T18:19:18.638563169+03:00,heap_no_index,select,70000,"k in [a,b] (~N/50, cap 1000)",3.589
2025-09-08T18:19:18.641870024+03:00,heap_no_index,select,70000,"k in [a,b] (~N/50, cap 1000)",3.297
2025-09-08T18:19:18.645213198+03:00,heap_no_index,select,70000,"k in [a,b] (~N/50, cap 1000)",3.332
2025-09-08T18:19:18.648679016+03:00,heap_no_index,select,70000,"k in [a,b] (~N/50, cap 1000)",3.452
2025-09-08T18:19:18.65202205+03:00,heap_no_index,select,70000,"k in [a,b] (~N/50, cap 1000)",3.333
2025-09-08T18:19:18.655430458+03:00,heap_no_index,select,70000,"k in [a,b] (~N/50, cap 1000)",3.398
2025-09-08T18:19:18.658813233+03:00,heap_no_index,select,70000,"k in [a,b] (~N/50, cap 1000)",3.372
2025-09-08T18:19:18.662125885+03:00,heap_no_index,select,70000,"k in [a,b] (~N/50, cap 1000)",3.298
2025-09-08T18:19:20.00497275+03:00,heap_no_index,delete,70000,k%7=0,314.926
2025-09-08T18:19:20.324293382+03:00,heap_no_index,delete,70000,k%7=0,319.281
2025-09-08T18:19:20.653908939+03:00,heap_no_index,delete,70000,k%7=0,329.599
2025-09-08T18:19:20.968228254+03:00,heap_no_index,delete,70000,k%7=0,314.306
2025-09-08T18:19:21.281090085+03:00,heap_no_index,delete,70000,k%7=0,312.848
2025-09-08T18:19:21.613833068+03:00,heap_no_index,delete,70000,k%7=0,332.726
2025-09-08T18:19:21.92758393+03:00,heap_no_index,delete,70000,k%7=0,313.732
2025-09-08T18:19:22.241069876+03:00,heap_no_index,delete,70000,k%7=0,313.472
2025-09-08T18:19:22.560146681+03:00,heap_no_index,delete,70000,k%7=0,319.059
2025-09-08T18:19:22.884254416+03:00,heap_no_index,delete,70000,k%7=0,324.089
2025-09-08T18:19:23.202965872+03:00,heap_no_index,delete,70000,k%7=0,318.697
2025-09-08T18:19:23.536686933+03:00,heap_no_index,delete,70000,k%7=0,333.706
2025-09-08T18:19:23.853304006+03:00,heap_no_index,delete,70000,k%7=0,316.603
2025-09-08T18:19:24.167800087+03:00,heap_no_index,delete,70000,k%7=0,314.470
2025-09-08T18:19:24.485410466+03:00,heap_no_index,delete,70000,k%7=0,317.355
2025-09-08T18:19:24.802087603+03:00,heap_no_index,delete,70000,k%7=0,316.660
2025-09-08T18:19:25.118616462+03:00,heap_no_index,delete,70000,k%7=0,316.512
2025-09-08T18:19:25.435066118+03:00,heap_no_index,delete,70000,k%7=0,316.432
2025-09-08T18:19:25.749532513+03:00,heap_no_index,delete,70000,k%7=0,314.448
2025-09-08T18:19:26.07178619+03:00,heap_no_index,delete,70000,k%7=0,322.237
2025-09-08T18:19:26.398177712+03:00,heap_no_index,delete,70000,k%7=0,326.367
2025-09-08T18:19:26.716522346+03:00,heap_no_index,delete,70000,k%7=0,318.332
2025-09-08T18:19:27.030165779+03:00,heap_no_index,delete,70000,k%7=0,313.627
2025-09-08T18:19:27.360341252+03:00,heap_no_index,delete,70000,k%7=0,330.160
2025-09-08T18:19:27.675637727+03:00,heap_no_index,delete,70000,k%7=0,315.281
2025-09-08T18:19:27.999932771+03:00,heap_no_index,delete,70000,k%7=0,324.279
2025-09-08T18:19:28.32173393+03:00,heap_no_index,delete,70000,k%7=0,321.783
2025-09-08T18:19:28.644189866+03:00,heap_no_index,delete,70000,k%7=0,322.443
2025-09-08T18:19:28.962741371+03:00,heap_no_index,delete,70000,k%7=0,318.538
2025-09-08T18:19:29.282140348+03:00,heap_no_index,delete,70000,k%7=0,319.385
2025-09-08T18:19:29.599348631+03:00,heap_no_index,delete,70000,k%7=0,317.190
2025-09-08T18:19:29.917178306+03:00,heap_no_index,delete,70000,k%7=0,317.813
2025-09-08T18:19:30.229276806+03:00,heap_no_index,delete,70000,k%7=0,312.072
2025-09-08T18:19:30.543683405+03:00,heap_no_index,delete,70000,k%7=0,314.392
2025-09-08T18:19:30.859081775+03:00,heap_no_index,delete,70000,k%7=0,315.384
2025-09-08T18:19:31.184621064+03:00,heap_no_index,delete,70000,k%7=0,325.525
2025-09-08T18:19:31.502528261+03:00,heap_no_index,delete,70000,k%7=0,317.893
2025-09-08T18:19:31.815896573+03:00,heap_no_index,delete,70000,k%7=0,313.353
2025-09-08T18:19:32.134167162+03:00,heap_no_index,delete,70000,k%7=0,318.256
2025-09-08T18:19:32.447958092+03:00,heap_no_index,delete,70000,k%7=0,313.777
2025-09-08T18:19:32.760664081+03:00,heap_no_index,delete,70000,k%7=0,312.692
2025-09-08T18:19:33.077031169+03:00,heap_no_index,delete,70000,k%7=0,316.348
2025-09-08T18:19:33.403896212+03:00,heap_no_index,delete,70000,k%7=0,326.849
2025-09-08T18:19:33.721229296+03:00,heap_no_index,delete,70000,k%7=0,317.315
2025-09-08T18:19:34.052032016+03:00,heap_no_index,delete,70000,k%7=0,330.788
2025-09-08T18:19:34.367887081+03:00,heap_no_index,delete,70000,k%7=0,315.835
2025-09-08T18:19:34.687113187+03:00,heap_no_index,delete,70000,k%7=0,319.211
2025-09-08T18:19:35.040627024+03:00,heap_no_index,delete,70000,k%7=0,353.499
2025-09-08T18:19:35.483952565+03:00,heap_no_index,delete,70000,k%7=0,443.308
2025-09-08T18:19:35.812032384+03:00,heap_no_index,delete,70000,k%7=0,328.058
2025-09-08T18:19:36.14756717+03:00,heap_no_index,delete,70000,k%7=0,335.519
2025-09-08T18:19:36.473672176+03:00,heap_no_index,delete,70000,k%7=0,326.089
2025-09-08T18:19:36.822594741+03:00,heap_no_index,delete,70000,k%7=0,348.901
2025-09-08T18:19:37.137838047+03:00,heap_no_index,delete,70000,k%7=0,315.219
2025-09-08T18:19:37.460617688+03:00,heap_no_index,delete,70000,k%7=0,322.728
2025-09-08T18:19:37.773788681+03:00,heap_no_index,delete,70000,k%7=0,313.158
2025-09-08T18:19:38.114649689+03:00,heap_no_index,delete,70000,k%7=0,340.845
2025-09-08T18:19:38.429224385+03:00,heap_no_index,delete,70000,k%7=0,314.559
2025-09-08T18:19:38.757325918+03:00,heap_no_index,delete,70000,k%7=0,328.086
2025-09-08T18:19:39.090137661+03:00,heap_no_index,delete,70000,k%7=0,332.796
2025-09-08T18:19:39.418741433+03:00,heap_no_index,delete,70000,k%7=0,328.580
2025-09-08T18:19:39.736328035+03:00,heap_no_index,delete,70000,k%7=0,317.570
2025-09-08T18:19:40.058064287+03:00,heap_no_index,delete,70000,k%7=0,321.718
2025-09-08T18:19:40.375848264+03:00,heap_no_index,delete,70000,k%7=0,317.769
2025-09-08T18:19:40.693855179+03:00,heap_no_index,delete,70000,k%7=0,317.991
2025-09-08T18:19:41.026150289+03:00,heap_no_index,delete,70000,k%7=0,332.278
2025-09-08T18:19:41.377844911+03:00,heap_no_index,delete,70000,k%7=0,351.677
2025-09-08T18:19:41.712101001+03:00,heap_no_index,delete,70000,k%7=0,334.240
2025-09-08T18:19:42.0344863+03:00,heap_no_index,delete,70000,k%7=0,322.368
2025-09-08T18:19:42.358363443+03:00,heap_no_index,delete,70000,k%7=0,323.861
2025-09-08T18:19:42.673080122+03:00,heap_no_index,delete,70000,k%7=0,314.693
2025-09-08T18:19:42.989478271+03:00,heap_no_index,delete,70000,k%7=0,316.382
2025-09-08T18:19:43.31620731+03:00,heap_no_index,delete,70000,k%7=0,326.696
2025-09-08T18:19:43.634274494+03:00,heap_no_index,delete,70000,k%7=0,318.052
2025-09-08T18:19:43.954307827+03:00,heap_no_index,delete,70000,k%7=0,320.017
2025-09-08T18:19:44.285477061+03:00,heap_no_index,delete,70000,k%7=0,331.146
2025-09-08T18:19:44.601607707+03:00,heap_no_index,delete,70000,k%7=0,316.114
2025-09-08T18:19:44.93539256+03:00,heap_no_index,delete,70000,k%7=0,333.769
2025-09-08T18:19:45.252652286+03:00,heap_no_index,delete,70000,k%7=0,317.240
2025-09-08T18:19:45.570497296+03:00,heap_no_index,delete,70000,k%7=0,317.829
2025-09-08T18:19:45.888538355+03:00,heap_no_index,delete,70000,k%7=0,318.024
2025-09-08T18:19:46.200150507+03:00,heap_no_index,delete,70000,k%7=0,311.596
2025-09-08T18:19:46.518793191+03:00,heap_no_index,delete,70000,k%7=0,318.626
2025-09-08T18:19:46.836288355+03:00,heap_no_index,delete,70000,k%7=0,317.478
2025-09-08T18:19:47.164391617+03:00,heap_no_index,delete,70000,k%7=0,328.088
2025-09-08T18:19:47.475662025+03:00,heap_no_index,delete,70000,k%7=0,311.251
2025-09-08T18:19:47.790833861+03:00,heap_no_index,delete,70000,k%7=0,315.156
2025-09-08T18:19:48.108326858+03:00,heap_no_index,delete,70000,k%7=0,317.474
2025-09-08T18:19:48.421964591+03:00,heap_no_index,delete,70000,k%7=0,313.622
2025-09-08T18:19:48.735557904+03:00,heap_no_index,delete,70000,k%7=0,313.577
2025-09-08T18:19:49.048926043+03:00,heap_no_index,delete,70000,k%7=0,313.352
2025-09-08T18:19:49.371996417+03:00,heap_no_index,delete,70000,k%7=0,323.051
2025-09-08T18:19:49.702027899+03:00,heap_no_index,delete,70000,k%7=0,330.016
2025-09-08T18:19:50.019040931+03:00,heap_no_index,delete,70000,k%7=0,316.997
2025-09-08T18:19:50.337387683+03:00,heap_no_index,delete,70000,k%7=0,318.331
2025-09-08T18:19:50.654276812+03:00,heap_no_index,delete,70000,k%7=0,316.872
2025-09-08T18:19:50.98506518+03:00,heap_no_index,delete,70000,k%7=0,330.769
2025-09-08T18:19:51.332283545+03:00,heap_no_index,delete,70000,k%7=0,347.201
2025-09-08T18:19:51.758277442+03:00,heap_no_index,delete,70000,k%7=0,425.979
2025-09-08T18:19:52.071237064+03:00,heap_no_index,delete,70000,k%7=0,312.942
2025-09-08T18:19:53.817449189+03:00,heap_no_index,insert,100000,bulk=100000,429.860
2025-09-08T18:19:54.243597641+03:00,heap_no_index,insert,100000,bulk=100000,426.135
2025-09-08T18:19:54.675633505+03:00,heap_no_index,insert,100000,bulk=100000,432.022
2025-09-08T18:19:55.142477704+03:00,heap_no_index,insert,100000,bulk=100000,466.830
2025-09-08T18:19:55.574681189+03:00,heap_no_index,insert,100000,bulk=100000,432.192
2025-09-08T18:19:56.010086693+03:00,heap_no_index,insert,100000,bulk=100000,435.393
2025-09-08T18:19:56.467137158+03:00,heap_no_index,insert,100000,bulk=100000,457.036
2025-09-08T18:19:56.90328586+03:00,heap_no_index,insert,100000,bulk=100000,436.137
2025-09-08T18:19:57.337184917+03:00,heap_no_index,insert,100000,bulk=100000,433.886
2025-09-08T18:19:57.77153935+03:00,heap_no_index,insert,100000,bulk=100000,434.341
2025-09-08T18:19:58.200739022+03:00,heap_no_index,insert,100000,bulk=100000,429.185
2025-09-08T18:19:58.653433935+03:00,heap_no_index,insert,100000,bulk=100000,452.682
2025-09-08T18:19:59.096493731+03:00,heap_no_index,insert,100000,bulk=100000,443.047
2025-09-08T18:19:59.528922798+03:00,heap_no_index,insert,100000,bulk=100000,432.404
2025-09-08T18:19:59.961305838+03:00,heap_no_index,insert,100000,bulk=100000,432.371
2025-09-08T18:20:00.418888706+03:00,heap_no_index,insert,100000,bulk=100000,457.569
2025-09-08T18:20:00.8532835+03:00,heap_no_index,insert,100000,bulk=100000,434.382
2025-09-08T18:20:01.282239342+03:00,heap_no_index,insert,100000,bulk=100000,428.943
2025-09-08T18:20:01.711481888+03:00,heap_no_index,insert,100000,bulk=100000,429.230
2025-09-08T18:20:02.147806161+03:00,heap_no_index,insert,100000,bulk=100000,436.311
2025-09-08T18:20:02.575831412+03:00,heap_no_index,insert,100000,bulk=100000,428.013
2025-09-08T18:20:03.006612177+03:00,heap_no_index,insert,100000,bulk=100000,430.769
2025-09-08T18:20:03.458171221+03:00,heap_no_index,insert,100000,bulk=100000,451.546
2025-09-08T18:20:03.934906696+03:00,heap_no_index,insert,100000,bulk=100000,476.722
2025-09-08T18:20:04.389971504+03:00,heap_no_index,insert,100000,bulk=100000,455.050
2025-09-08T18:20:04.835353285+03:00,heap_no_index,insert,100000,bulk=100000,445.369
2025-09-08T18:20:05.33979846+03:00,heap_no_index,insert,100000,bulk=100000,504.431
2025-09-08T18:20:05.820733028+03:00,heap_no_index,insert,100000,bulk=100000,480.919
2025-09-08T18:20:06.267502724+03:00,heap_no_index,insert,100000,bulk=100000,446.754
2025-09-08T18:20:06.700263876+03:00,heap_no_index,insert,100000,bulk=100000,432.746
2025-09-08T18:20:07.140076442+03:00,heap_no_index,insert,100000,bulk=100000,439.792
2025-09-08T18:20:07.586000545+03:00,heap_no_index,insert,100000,bulk=100000,445.911
2025-09-08T18:20:08.152829304+03:00,heap_no_index,insert,100000,bulk=100000,566.814
2025-09-08T18:20:08.587158217+03:00,heap_no_index,insert,100000,bulk=100000,434.315
2025-09-08T18:20:09.025697891+03:00,heap_no_index,insert,100000,bulk=100000,438.525
2025-09-08T18:20:09.474012853+03:00,heap_no_index,insert,100000,bulk=100000,448.303
2025-09-08T18:20:09.909971129+03:00,heap_no_index,insert,100000,bulk=100000,435.946
2025-09-08T18:20:10.346325412+03:00,heap_no_index,insert,100000,bulk=100000,436.341
2025-09-08T18:20:10.797221628+03:00,heap_no_index,insert,100000,bulk=100000,450.883
2025-09-08T18:20:11.235796496+03:00,heap_no_index,insert,100000,bulk=100000,438.562
2025-09-08T18:20:11.667366255+03:00,heap_no_index,insert,100000,bulk=100000,431.556
2025-09-08T18:20:12.111430918+03:00,heap_no_index,insert,100000,bulk=100000,444.043
2025-09-08T18:20:12.548185466+03:00,heap_no_index,insert,100000,bulk=100000,436.733
2025-09-08T18:20:12.980705994+03:00,heap_no_index,insert,100000,bulk=100000,432.508
2025-09-08T18:20:13.413780515+03:00,heap_no_index,insert,100000,bulk=100000,433.062
2025-09-08T18:20:13.845966772+03:00,heap_no_index,insert,100000,bulk=100000,432.172
2025-09-08T18:20:14.279620708+03:00,heap_no_index,insert,100000,bulk=100000,433.641
2025-09-08T18:20:14.715877969+03:00,heap_no_index,insert,100000,bulk=100000,436.244
2025-09-08T18:20:15.148985451+03:00,heap_no_index,insert,100000,bulk=100000,433.095
2025-09-08T18:20:15.579495822+03:00,heap_no_index,insert,100000,bulk=100000,430.470
2025-09-08T18:20:16.016804077+03:00,heap_no_index,insert,100000,bulk=100000,437.298
2025-09-08T18:20:16.480092583+03:00,heap_no_index,insert,100000,bulk=100000,463.276
2025-09-08T18:20:16.915486021+03:00,heap_no_index,insert,100000,bulk=100000,435.382
2025-09-08T18:20:17.349746884+03:00,heap_no_index,insert,100000,bulk=100000,434.247
2025-09-08T18:20:17.783263361+03:00,heap_no_index,insert,100000,bulk=100000,433.502
2025-09-08T18:20:18.213592134+03:00,heap_no_index,insert,100000,bulk=100000,430.314
2025-09-08T18:20:18.649597671+03:00,heap_no_index,insert,100000,bulk=100000,435.990
2025-09-08T18:20:19.084284363+03:00,heap_no_index,insert,100000,bulk=100000,434.674
2025-09-08T18:20:19.513919871+03:00,heap_no_index,insert,100000,bulk=100000,429.621
2025-09-08T18:20:19.947325711+03:00,heap_no_index,insert,100000,bulk=100000,433.394
2025-09-08T18:20:20.383326844+03:00,heap_no_index,insert,100000,bulk=100000,435.987
2025-09-08T18:20:20.829731503+03:00,heap_no_index,insert,100000,bulk=100000,446.391
2025-09-08T18:20:21.289805264+03:00,heap_no_index,insert,100000,bulk=100000,460.063
2025-09-08T18:20:21.741626731+03:00,heap_no_index,insert,100000,bulk=100000,451.808
2025-09-08T18:20:22.184496634+03:00,heap_no_index,insert,100000,bulk=100000,442.857
2025-09-08T18:20:22.620973601+03:00,heap_no_index,insert,100000,bulk=100000,436.463
2025-09-08T18:20:23.07193425+03:00,heap_no_index,insert,100000,bulk=100000,450.948
2025-09-08T18:20:23.504724555+03:00,heap_no_index,insert,100000,bulk=100000,432.776
2025-09-08T18:20:23.939260374+03:00,heap_no_index,insert,100000,bulk=100000,434.523
2025-09-08T18:20:24.507937054+03:00,heap_no_index,insert,100000,bulk=100000,568.662
2025-09-08T18:20:24.942274936+03:00,heap_no_index,insert,100000,bulk=100000,434.325
2025-09-08T18:20:25.37654025+03:00,heap_no_index,insert,100000,bulk=100000,434.253
2025-09-08T18:20:25.83623119+03:00,heap_no_index,insert,100000,bulk=100000,459.679
2025-09-08T18:20:26.270443491+03:00,heap_no_index,insert,100000,bulk=100000,434.199
2025-09-08T18:20:26.703487109+03:00,heap_no_index,insert,100000,bulk=100000,433.029
2025-09-08T18:20:27.145091097+03:00,heap_no_index,insert,100000,bulk=100000,441.590
2025-09-08T18:20:27.576664518+03:00,heap_no_index,insert,100000,bulk=100000,431.559
2025-09-08T18:20:28.009123966+03:00,heap_no_index,insert,100000,bulk=100000,432.440
2025-09-08T18:20:28.44398587+03:00,heap_no_index,insert,100000,bulk=100000,434.849
2025-09-08T18:20:28.873691549+03:00,heap_no_index,insert,100000,bulk=100000,429.692
2025-09-08T18:20:29.303876139+03:00,heap_no_index,insert,100000,bulk=100000,430.173
2025-09-08T18:20:29.740027271+03:00,heap_no_index,insert,100000,bulk=100000,436.139
2025-09-08T18:20:30.195500315+03:00,heap_no_index,insert,100000,bulk=100000,455.460
2025-09-08T18:20:30.633088464+03:00,heap_no_index,insert,100000,bulk=100000,437.577
2025-09-08T18:20:31.069300497+03:00,heap_no_index,insert,100000,bulk=100000,436.200
2025-09-08T18:20:31.498001897+03:00,heap_no_index,insert,100000,bulk=100000,428.688
2025-09-08T18:20:31.930521889+03:00,heap_no_index,insert,100000,bulk=100000,432.508
2025-09-08T18:20:32.366015584+03:00,heap_no_index,insert,100000,bulk=100000,435.481
2025-09-08T18:20:32.812350439+03:00,heap_no_index,insert,100000,bulk=100000,446.322
2025-09-08T18:20:33.245978277+03:00,heap_no_index,insert,100000,bulk=100000,433.615
2025-09-08T18:20:33.685950438+03:00,heap_no_index,insert,100000,bulk=100000,439.959
2025-09-08T18:20:34.123247613+03:00,heap_no_index,insert,100000,bulk=100000,437.285
2025-09-08T18:20:34.572422488+03:00,heap_no_index,insert,100000,bulk=100000,449.161
2025-09-08T18:20:35.008071089+03:00,heap_no_index,insert,100000,bulk=100000,435.636
2025-09-08T18:20:35.441015158+03:00,heap_no_index,insert,100000,bulk=100000,432.920
2025-09-08T18:20:35.870259438+03:00,heap_no_index,insert,100000,bulk=100000,429.232
2025-09-08T18:20:36.300086694+03:00,heap_no_index,insert,100000,bulk=100000,429.815
2025-09-08T18:20:36.728684854+03:00,heap_no_index,insert,100000,bulk=100000,428.587
2025-09-08T18:20:37.181122366+03:00,heap_no_index,insert,100000,bulk=100000,452.393
2025-09-08T18:20:37.626280426+03:00,heap_no_index,insert,100000,bulk=100000,445.137
2025-09-08T18:20:38.115801608+03:00,heap_no_index,select,100000,"k in [a,b] (~N/50, cap 1000)",4.876
2025-09-08T18:20:38.120229371+03:00,heap_no_index,select,100000,"k in [a,b] (~N/50, cap 1000)",4.415
2025-09-08T18:20:38.125175649+03:00,heap_no_index,select,100000,"k in [a,b] (~N/50, cap 1000)",4.934
2025-09-08T18:20:38.130047404+03:00,heap_no_index,select,100000,"k in [a,b] (~N/50, cap 1000)",4.860
2025-09-08T18:20:38.134770044+03:00,heap_no_index,select,100000,"k in [a,b] (~N/50, cap 1000)",4.713
2025-09-08T18:20:38.139869627+03:00,heap_no_index,select,100000,"k in [a,b] (~N/50, cap 1000)",5.091
2025-09-08T18:20:38.144631728+03:00,heap_no_index,select,100000,"k in [a,b] (~N/50, cap 1000)",4.748
2025-09-08T18:20:38.149159996+03:00,heap_no_index,select,100000,"k in [a,b] (~N/50, cap 1000)",4.516
2025-09-08T18:20:38.15331628+03:00,heap_no_index,select,100000,"k in [a,b] (~N/50, cap 1000)",4.141
2025-09-08T18:20:38.157515098+03:00,heap_no_index,select,100000,"k in [a,b] (~N/50, cap 1000)",4.180
2025-09-08T18:20:38.161981903+03:00,heap_no_index,select,100000,"k in [a,b] (~N/50, cap 1000)",4.452
2025-09-08T18:20:38.166776901+03:00,heap_no_index,select,100000,"k in [a,b] (~N/50, cap 1000)",4.777
2025-09-08T18:20:38.171285193+03:00,heap_no_index,select,100000,"k in [a,b] (~N/50, cap 1000)",4.487
2025-09-08T18:20:38.175623069+03:00,heap_no_index,select,100000,"k in [a,b] (~N/50, cap 1000)",4.320
2025-09-08T18:20:38.180323988+03:00,heap_no_index,select,100000,"k in [a,b] (~N/50, cap 1000)",4.689
2025-09-08T18:20:38.184966519+03:00,heap_no_index,select,100000,"k in [a,b] (~N/50, cap 1000)",4.629
2025-09-08T18:20:38.189863557+03:00,heap_no_index,select,100000,"k in [a,b] (~N/50, cap 1000)",4.888
2025-09-08T18:20:38.194330921+03:00,heap_no_index,select,100000,"k in [a,b] (~N/50, cap 1000)",4.455
2025-09-08T18:20:38.199103639+03:00,heap_no_index,select,100000,"k in [a,b] (~N/50, cap 1000)",4.755
2025-09-08T18:20:38.203807492+03:00,heap_no_index,select,100000,"k in [a,b] (~N/50, cap 1000)",4.683
2025-09-08T18:20:38.208336457+03:00,heap_no_index,select,100000,"k in [a,b] (~N/50, cap 1000)",4.516
2025-09-08T18:20:38.212976543+03:00,heap_no_index,select,100000,"k in [a,b] (~N/50, cap 1000)",4.625
2025-09-08T18:20:38.217837403+03:00,heap_no_index,select,100000,"k in [a,b] (~N/50, cap 1000)",4.841
2025-09-08T18:20:38.222448784+03:00,heap_no_index,select,100000,"k in [a,b] (~N/50, cap 1000)",4.593
2025-09-08T18:20:38.227157385+03:00,heap_no_index,select,100000,"k in [a,b] (~N/50, cap 1000)",4.691
2025-09-08T18:20:38.231902376+03:00,heap_no_index,select,100000,"k in [a,b] (~N/50, cap 1000)",4.727
2025-09-08T18:20:38.236362127+03:00,heap_no_index,select,100000,"k in [a,b] (~N/50, cap 1000)",4.441
2025-09-08T18:20:38.240709711+03:00,heap_no_index,select,100000,"k in [a,b] (~N/50, cap 1000)",4.338
2025-09-08T18:20:38.245205571+03:00,heap_no_index,select,100000,"k in [a,b] (~N/50, cap 1000)",4.487
2025-09-08T18:20:38.24922182+03:00,heap_no_index,select,100000,"k in [a,b] (~N/50, cap 1000)",4.007
2025-09-08T18:20:38.253772786+03:00,heap_no_index,select,100000,"k in [a,b] (~N/50, cap 1000)",4.533
2025-09-08T18:20:38.258609201+03:00,heap_no_index,select,100000,"k in [a,b] (~N/50, cap 1000)",4.827
2025-09-08T18:20:38.263286513+03:00,heap_no_index,select,100000,"k in [a,b] (~N/50, cap 1000)",4.663
2025-09-08T18:20:38.268003147+03:00,heap_no_index,select,100000,"k in [a,b] (~N/50, cap 1000)",4.707
2025-09-08T18:20:38.272718314+03:00,heap_no_index,select,100000,"k in [a,b] (~N/50, cap 1000)",4.706
2025-09-08T18:20:38.277856101+03:00,heap_no_index,select,100000,"k in [a,b] (~N/50, cap 1000)",5.125
2025-09-08T18:20:38.2826013+03:00,heap_no_index,select,100000,"k in [a,b] (~N/50, cap 1000)",4.732
2025-09-08T18:20:38.287531793+03:00,heap_no_index,select,100000,"k in [a,b] (~N/50, cap 1000)",4.920
2025-09-08T18:20:38.291955855+03:00,heap_no_index,select,100000,"k in [a,b] (~N/50, cap 1000)",4.413
2025-09-08T18:20:38.29677879+03:00,heap_no_index,select,100000,"k in [a,b] (~N/50, cap 1000)",4.810
2025-09-08T18:20:38.301461899+03:00,heap_no_index,select,100000,"k in [a,b] (~N/50, cap 1000)",4.671
2025-09-08T18:20:38.306283996+03:00,heap_no_index,select,100000,"k in [a,b] (~N/50, cap 1000)",4.768
2025-09-08T18:20:38.311108118+03:00,heap_no_index,select,100000,"k in [a,b] (~N/50, cap 1000)",4.813
2025-09-08T18:20:38.315884118+03:00,heap_no_index,select,100000,"k in [a,b] (~N/50, cap 1000)",4.765
2025-09-08T18:20:38.321336478+03:00,heap_no_index,select,100000,"k in [a,b] (~N/50, cap 1000)",5.442
2025-09-08T18:20:38.326141742+03:00,heap_no_index,select,100000,"k in [a,b] (~N/50, cap 1000)",4.793
2025-09-08T18:20:38.331045276+03:00,heap_no_index,select,100000,"k in [a,b] (~N/50, cap 1000)",4.894
2025-09-08T18:20:38.335727198+03:00,heap_no_index,select,100000,"k in [a,b] (~N/50, cap 1000)",4.670
2025-09-08T18:20:38.340589245+03:00,heap_no_index,select,100000,"k in [a,b] (~N/50, cap 1000)",4.851
2025-09-08T18:20:38.345391786+03:00,heap_no_index,select,100000,"k in [a,b] (~N/50, cap 1000)",4.786
2025-09-08T18:20:38.350131537+03:00,heap_no_index,select,100000,"k in [a,b] (~N/50, cap 1000)",4.728
2025-09-08T18:20:38.354976473+03:00,heap_no_index,select,100000,"k in [a,b] (~N/50, cap 1000)",4.827
2025-09-08T18:20:38.35932706+03:00,heap_no_index,select,100000,"k in [a,b] (~N/50, cap 1000)",4.340
2025-09-08T18:20:38.364118216+03:00,heap_no_index,select,100000,"k in [a,b] (~N/50, cap 1000)",4.772
2025-09-08T18:20:38.368760118+03:00,heap_no_index,select,100000,"k in [a,b] (~N/50, cap 1000)",4.631
2025-09-08T18:20:38.373444624+03:00,heap_no_index,select,100000,"k in [a,b] (~N/50, cap 1000)",4.665
2025-09-08T18:20:38.378021851+03:00,heap_no_index,select,100000,"k in [a,b] (~N/50, cap 1000)",4.559
2025-09-08T18:20:38.382508423+03:00,heap_no_index,select,100000,"k in [a,b] (~N/50, cap 1000)",4.465
2025-09-08T18:20:38.387251736+03:00,heap_no_index,select,100000,"k in [a,b] (~N/50, cap 1000)",4.726
2025-09-08T18:20:38.391475838+03:00,heap_no_index,select,100000,"k in [a,b] (~N/50, cap 1000)",4.205
2025-09-08T18:20:38.396016607+03:00,heap_no_index,select,100000,"k in [a,b] (~N/50, cap 1000)",4.528
2025-09-08T18:20:38.400813211+03:00,heap_no_index,select,100000,"k in [a,b] (~N/50, cap 1000)",4.786
2025-09-08T18:20:38.405497857+03:00,heap_no_index,select,100000,"k in [a,b] (~N/50, cap 1000)",4.675
2025-09-08T18:20:38.41029495+03:00,heap_no_index,select,100000,"k in [a,b] (~N/50, cap 1000)",4.778
2025-09-08T18:20:38.41450613+03:00,heap_no_index,select,100000,"k in [a,b] (~N/50, cap 1000)",4.195
2025-09-08T18:20:38.419153201+03:00,heap_no_index,select,100000,"k in [a,b] (~N/50, cap 1000)",4.633
2025-09-08T18:20:38.423893441+03:00,heap_no_index,select,100000,"k in [a,b] (~N/50, cap 1000)",4.730
2025-09-08T18:20:38.428649746+03:00,heap_no_index,select,100000,"k in [a,b] (~N/50, cap 1000)",4.744
2025-09-08T18:20:38.433496148+03:00,heap_no_index,select,100000,"k in [a,b] (~N/50, cap 1000)",4.836
2025-09-08T18:20:38.438392977+03:00,heap_no_index,select,100000,"k in [a,b] (~N/50, cap 1000)",4.886
2025-09-08T18:20:38.443138526+03:00,heap_no_index,select,100000,"k in [a,b] (~N/50, cap 1000)",4.731
2025-09-08T18:20:38.447791393+03:00,heap_no_index,select,100000,"k in [a,b] (~N/50, cap 1000)",4.641
2025-09-08T18:20:38.452863876+03:00,heap_no_index,select,100000,"k in [a,b] (~N/50, cap 1000)",5.063
2025-09-08T18:20:38.457079387+03:00,heap_no_index,select,100000,"k in [a,b] (~N/50, cap 1000)",4.205
2025-09-08T18:20:38.461645649+03:00,heap_no_index,select,100000,"k in [a,b] (~N/50, cap 1000)",4.558
2025-09-08T18:20:38.465945181+03:00,heap_no_index,select,100000,"k in [a,b] (~N/50, cap 1000)",4.290
2025-09-08T18:20:38.470634855+03:00,heap_no_index,select,100000,"k in [a,b] (~N/50, cap 1000)",4.681
2025-09-08T18:20:38.475305183+03:00,heap_no_index,select,100000,"k in [a,b] (~N/50, cap 1000)",4.661
2025-09-08T18:20:38.480137617+03:00,heap_no_index,select,100000,"k in [a,b] (~N/50, cap 1000)",4.822
2025-09-08T18:20:38.485126149+03:00,heap_no_index,select,100000,"k in [a,b] (~N/50, cap 1000)",4.979
2025-09-08T18:20:38.489829024+03:00,heap_no_index,select,100000,"k in [a,b] (~N/50, cap 1000)",4.693
2025-09-08T18:20:38.494319926+03:00,heap_no_index,select,100000,"k in [a,b] (~N/50, cap 1000)",4.482
2025-09-08T18:20:38.499002546+03:00,heap_no_index,select,100000,"k in [a,b] (~N/50, cap 1000)",4.634
2025-09-08T18:20:38.503476406+03:00,heap_no_index,select,100000,"k in [a,b] (~N/50, cap 1000)",4.465
2025-09-08T18:20:38.50799294+03:00,heap_no_index,select,100000,"k in [a,b] (~N/50, cap 1000)",4.507
2025-09-08T18:20:38.512553754+03:00,heap_no_index,select,100000,"k in [a,b] (~N/50, cap 1000)",4.552
2025-09-08T18:20:38.516542135+03:00,heap_no_index,select,100000,"k in [a,b] (~N/50, cap 1000)",3.979
2025-09-08T18:20:38.521143808+03:00,heap_no_index,select,100000,"k in [a,b] (~N/50, cap 1000)",4.592
2025-09-08T18:20:38.525270967+03:00,heap_no_index,select,100000,"k in [a,b] (~N/50, cap 1000)",4.118
2025-09-08T18:20:38.529878017+03:00,heap_no_index,select,100000,"k in [a,b] (~N/50, cap 1000)",4.599
2025-09-08T18:20:38.534360677+03:00,heap_no_index,select,100000,"k in [a,b] (~N/50, cap 1000)",4.473
2025-09-08T18:20:38.539462704+03:00,heap_no_index,select,100000,"k in [a,b] (~N/50, cap 1000)",5.093
2025-09-08T18:20:38.5435914+03:00,heap_no_index,select,100000,"k in [a,b] (~N/50, cap 1000)",4.118
2025-09-08T18:20:38.548046752+03:00,heap_no_index,select,100000,"k in [a,b] (~N/50, cap 1000)",4.445
2025-09-08T18:20:38.552999455+03:00,heap_no_index,select,100000,"k in [a,b] (~N/50, cap 1000)",4.943
2025-09-08T18:20:38.557575984+03:00,heap_no_index,select,100000,"k in [a,b] (~N/50, cap 1000)",4.566
2025-09-08T18:20:38.56218939+03:00,heap_no_index,select,100000,"k in [a,b] (~N/50, cap 1000)",4.603
2025-09-08T18:20:38.566660526+03:00,heap_no_index,select,100000,"k in [a,b] (~N/50, cap 1000)",4.462
2025-09-08T18:20:38.571466977+03:00,heap_no_index,select,100000,"k in [a,b] (~N/50, cap 1000)",4.796
2025-09-08T18:20:38.576267842+03:00,heap_no_index,select,100000,"k in [a,b] (~N/50, cap 1000)",4.791
2025-09-08T18:20:40.381319461+03:00,heap_no_index,delete,100000,k%7=0,442.854
2025-09-08T18:20:40.832997911+03:00,heap_no_index,delete,100000,k%7=0,451.660
2025-09-08T18:20:41.397746221+03:00,heap_no_index,delete,100000,k%7=0,564.732
2025-09-08T18:20:41.841569642+03:00,heap_no_index,delete,100000,k%7=0,443.809
2025-09-08T18:20:42.300229938+03:00,heap_no_index,delete,100000,k%7=0,458.645
2025-09-08T18:20:42.760592097+03:00,heap_no_index,delete,100000,k%7=0,460.344
2025-09-08T18:20:43.245808704+03:00,heap_no_index,delete,100000,k%7=0,485.198
2025-09-08T18:20:43.725013997+03:00,heap_no_index,delete,100000,k%7=0,479.176
2025-09-08T18:20:44.192947476+03:00,heap_no_index,delete,100000,k%7=0,467.916
2025-09-08T18:20:44.653441563+03:00,heap_no_index,delete,100000,k%7=0,460.475
2025-09-08T18:20:45.10061199+03:00,heap_no_index,delete,100000,k%7=0,447.144
2025-09-08T18:20:45.542591268+03:00,heap_no_index,delete,100000,k%7=0,441.963
2025-09-08T18:20:45.984281676+03:00,heap_no_index,delete,100000,k%7=0,441.674
2025-09-08T18:20:46.429204623+03:00,heap_no_index,delete,100000,k%7=0,444.903
2025-09-08T18:20:46.872052396+03:00,heap_no_index,delete,100000,k%7=0,442.832
2025-09-08T18:20:47.319973279+03:00,heap_no_index,delete,100000,k%7=0,447.901
2025-09-08T18:20:47.768756862+03:00,heap_no_index,delete,100000,k%7=0,448.767
2025-09-08T18:20:48.232385072+03:00,heap_no_index,delete,100000,k%7=0,463.615
2025-09-08T18:20:48.695549734+03:00,heap_no_index,delete,100000,k%7=0,463.147
2025-09-08T18:20:49.157361606+03:00,heap_no_index,delete,100000,k%7=0,461.793
2025-09-08T18:20:49.602408726+03:00,heap_no_index,delete,100000,k%7=0,445.022
2025-09-08T18:20:50.046510871+03:00,heap_no_index,delete,100000,k%7=0,444.084
2025-09-08T18:20:50.488957317+03:00,heap_no_index,delete,100000,k%7=0,442.193
2025-09-08T18:20:50.932385476+03:00,heap_no_index,delete,100000,k%7=0,443.413
2025-09-08T18:20:51.382715721+03:00,heap_no_index,delete,100000,k%7=0,450.310
2025-09-08T18:20:51.826570268+03:00,heap_no_index,delete,100000,k%7=0,443.841
2025-09-08T18:20:52.269787008+03:00,heap_no_index,delete,100000,k%7=0,443.198
2025-09-08T18:20:52.721501189+03:00,heap_no_index,delete,100000,k%7=0,451.582
2025-09-08T18:20:53.184391147+03:00,heap_no_index,delete,100000,k%7=0,462.870
2025-09-08T18:20:53.624986119+03:00,heap_no_index,delete,100000,k%7=0,440.579
2025-09-08T18:20:54.078106236+03:00,heap_no_index,delete,100000,k%7=0,453.100
2025-09-08T18:20:54.525621035+03:00,heap_no_index,delete,100000,k%7=0,447.498
2025-09-08T18:20:54.973459486+03:00,heap_no_index,delete,100000,k%7=0,447.821
2025-09-08T18:20:55.417384914+03:00,heap_no_index,delete,100000,k%7=0,443.901
2025-09-08T18:20:55.862506054+03:00,heap_no_index,delete,100000,k%7=0,445.106
2025-09-08T18:20:56.306687455+03:00,heap_no_index,delete,100000,k%7=0,444.165
2025-09-08T18:20:56.766963672+03:00,heap_no_index,delete,100000,k%7=0,460.258
2025-09-08T18:20:57.330342454+03:00,heap_no_index,delete,100000,k%7=0,563.355
2025-09-08T18:20:57.78933733+03:00,heap_no_index,delete,100000,k%7=0,458.979
2025-09-08T18:20:58.232463889+03:00,heap_no_index,delete,100000,k%7=0,443.110
2025-09-08T18:20:58.690975868+03:00,heap_no_index,delete,100000,k%7=0,458.498
2025-09-08T18:20:59.136599101+03:00,heap_no_index,delete,100000,k%7=0,445.608
2025-09-08T18:20:59.593434149+03:00,heap_no_index,delete,100000,k%7=0,456.808
2025-09-08T18:21:00.040265942+03:00,heap_no_index,delete,100000,k%7=0,446.814
2025-09-08T18:21:00.486045618+03:00,heap_no_index,delete,100000,k%7=0,445.762
2025-09-08T18:21:00.929278123+03:00,heap_no_index,delete,100000,k%7=0,443.217
2025-09-08T18:21:01.370495867+03:00,heap_no_index,delete,100000,k%7=0,441.200
2025-09-08T18:21:01.811528596+03:00,heap_no_index,delete,100000,k%7=0,441.015
2025-09-08T18:21:02.259761363+03:00,heap_no_index,delete,100000,k%7=0,448.215
2025-09-08T18:21:02.730775009+03:00,heap_no_index,delete,100000,k%7=0,470.989
2025-09-08T18:21:03.18442542+03:00,heap_no_index,delete,100000,k%7=0,453.632
2025-09-08T18:21:03.628352157+03:00,heap_no_index,delete,100000,k%7=0,443.911
2025-09-08T18:21:04.069670958+03:00,heap_no_index,delete,100000,k%7=0,441.302
2025-09-08T18:21:04.514505441+03:00,heap_no_index,delete,100000,k%7=0,444.790
2025-09-08T18:21:04.974145509+03:00,heap_no_index,delete,100000,k%7=0,459.619
2025-09-08T18:21:05.415174318+03:00,heap_no_index,delete,100000,k%7=0,441.014
2025-09-08T18:21:05.85978628+03:00,heap_no_index,delete,100000,k%7=0,444.597
2025-09-08T18:21:06.309152657+03:00,heap_no_index,delete,100000,k%7=0,449.351
2025-09-08T18:21:06.761815411+03:00,heap_no_index,delete,100000,k%7=0,452.646
2025-09-08T18:21:07.206422899+03:00,heap_no_index,delete,100000,k%7=0,444.579
2025-09-08T18:21:07.652992972+03:00,heap_no_index,delete,100000,k%7=0,446.552
2025-09-08T18:21:08.098232327+03:00,heap_no_index,delete,100000,k%7=0,445.221
2025-09-08T18:21:08.549752097+03:00,heap_no_index,delete,100000,k%7=0,451.504
2025-09-08T18:21:08.995764193+03:00,heap_no_index,delete,100000,k%7=0,445.996
2025-09-08T18:21:09.441988189+03:00,heap_no_index,delete,100000,k%7=0,446.210
2025-09-08T18:21:09.89294621+03:00,heap_no_index,delete,100000,k%7=0,450.937
2025-09-08T18:21:10.356454515+03:00,heap_no_index,delete,100000,k%7=0,463.489
2025-09-08T18:21:10.80322985+03:00,heap_no_index,delete,100000,k%7=0,446.762
2025-09-08T18:21:11.246642595+03:00,heap_no_index,delete,100000,k%7=0,443.396
2025-09-08T18:21:11.709700271+03:00,heap_no_index,delete,100000,k%7=0,463.040
2025-09-08T18:21:12.150363856+03:00,heap_no_index,delete,100000,k%7=0,440.639
2025-09-08T18:21:12.610667972+03:00,heap_no_index,delete,100000,k%7=0,460.280
2025-09-08T18:21:13.181476599+03:00,heap_no_index,delete,100000,k%7=0,570.793
2025-09-08T18:21:13.630885355+03:00,heap_no_index,delete,100000,k%7=0,449.391
2025-09-08T18:21:14.071526726+03:00,heap_no_index,delete,100000,k%7=0,440.627
2025-09-08T18:21:14.531368267+03:00,heap_no_index,delete,100000,k%7=0,459.827
2025-09-08T18:21:14.976853734+03:00,heap_no_index,delete,100000,k%7=0,445.460
2025-09-08T18:21:15.443860948+03:00,heap_no_index,delete,100000,k%7=0,466.993
2025-09-08T18:21:15.898315641+03:00,heap_no_index,delete,100000,k%7=0,454.437
2025-09-08T18:21:16.357807195+03:00,heap_no_index,delete,100000,k%7=0,459.469
2025-09-08T18:21:16.80443389+03:00,heap_no_index,delete,100000,k%7=0,446.608
2025-09-08T18:21:17.249648081+03:00,heap_no_index,delete,100000,k%7=0,445.196
2025-09-08T18:21:17.702726375+03:00,heap_no_index,delete,100000,k%7=0,453.058
2025-09-08T18:21:18.143833869+03:00,heap_no_index,delete,100000,k%7=0,441.092
2025-09-08T18:21:18.584571683+03:00,heap_no_index,delete,100000,k%7=0,440.722
2025-09-08T18:21:19.031474392+03:00,heap_no_index,delete,100000,k%7=0,446.884
2025-09-08T18:21:19.476989879+03:00,heap_no_index,delete,100000,k%7=0,445.501
2025-09-08T18:21:19.922757919+03:00,heap_no_index,delete,100000,k%7=0,445.753
2025-09-08T18:21:20.372472082+03:00,heap_no_index,delete,100000,k%7=0,449.698
2025-09-08T18:21:20.846950103+03:00,heap_no_index,delete,100000,k%7=0,474.464
2025-09-08T18:21:21.294936629+03:00,heap_no_index,delete,100000,k%7=0,447.971
2025-09-08T18:21:21.740823467+03:00,heap_no_index,delete,100000,k%7=0,445.865
2025-09-08T18:21:22.189969943+03:00,heap_no_index,delete,100000,k%7=0,449.118
2025-09-08T18:21:22.636802033+03:00,heap_no_index,delete,100000,k%7=0,446.812
2025-09-08T18:21:23.085491175+03:00,heap_no_index,delete,100000,k%7=0,448.668
2025-09-08T18:21:23.534137642+03:00,heap_no_index,delete,100000,k%7=0,448.628
2025-09-08T18:21:23.978128449+03:00,heap_no_index,delete,100000,k%7=0,443.972
2025-09-08T18:21:24.427763471+03:00,heap_no_index,delete,100000,k%7=0,449.621
2025-09-08T18:21:24.89368307+03:00,heap_no_index,delete,100000,k%7=0,465.902
2025-09-08T18:21:25.344280456+03:00,heap_no_index,delete,100000,k%7=0,450.575
2025-09-08T18:21:27.639352553+03:00,heap_no_index,insert,130000,bulk=130000,570.000
2025-09-08T18:21:28.206339541+03:00,heap_no_index,insert,130000,bulk=130000,566.974
2025-09-08T18:21:28.853683889+03:00,heap_no_index,insert,130000,bulk=130000,647.331
2025-09-08T18:21:29.524247726+03:00,heap_no_index,insert,130000,bulk=130000,670.535
2025-09-08T18:21:30.102306559+03:00,heap_no_index,insert,130000,bulk=130000,578.046
2025-09-08T18:21:30.679782131+03:00,heap_no_index,insert,130000,bulk=130000,577.463
2025-09-08T18:21:31.252664413+03:00,heap_no_index,insert,130000,bulk=130000,572.867
2025-09-08T18:21:31.811922851+03:00,heap_no_index,insert,130000,bulk=130000,559.242
2025-09-08T18:21:32.388325911+03:00,heap_no_index,insert,130000,bulk=130000,576.392
2025-09-08T18:21:32.964998214+03:00,heap_no_index,insert,130000,bulk=130000,576.660
2025-09-08T18:21:33.536313143+03:00,heap_no_index,insert,130000,bulk=130000,571.302
2025-09-08T18:21:34.104809002+03:00,heap_no_index,insert,130000,bulk=130000,568.480
2025-09-08T18:21:34.673351652+03:00,heap_no_index,insert,130000,bulk=130000,568.528
2025-09-08T18:21:35.237045527+03:00,heap_no_index,insert,130000,bulk=130000,563.682
2025-09-08T18:21:35.798183637+03:00,heap_no_index,insert,130000,bulk=130000,561.126
2025-09-08T18:21:36.36432215+03:00,heap_no_index,insert,130000,bulk=130000,566.126
2025-09-08T18:21:36.924052085+03:00,heap_no_index,insert,130000,bulk=130000,559.719
2025-09-08T18:21:37.490345785+03:00,heap_no_index,insert,130000,bulk=130000,566.281
2025-09-08T18:21:38.085719635+03:00,heap_no_index,insert,130000,bulk=130000,595.363
2025-09-08T18:21:38.665992394+03:00,heap_no_index,insert,130000,bulk=130000,580.255
2025-09-08T18:21:39.233497446+03:00,heap_no_index,insert,130000,bulk=130000,567.493
2025-09-08T18:21:39.802958168+03:00,heap_no_index,insert,130000,bulk=130000,569.449
2025-09-08T18:21:40.368757722+03:00,heap_no_index,insert,130000,bulk=130000,565.787
2025-09-08T18:21:40.944202583+03:00,heap_no_index,insert,130000,bulk=130000,575.433
2025-09-08T18:21:41.52019494+03:00,heap_no_index,insert,130000,bulk=130000,575.979
2025-09-08T18:21:42.097767982+03:00,heap_no_index,insert,130000,bulk=130000,577.562
2025-09-08T18:21:42.669356251+03:00,heap_no_index,insert,130000,bulk=130000,571.575
2025-09-08T18:21:43.248487764+03:00,heap_no_index,insert,130000,bulk=130000,579.120
2025-09-08T18:21:43.834470587+03:00,heap_no_index,insert,130000,bulk=130000,585.971
2025-09-08T18:21:44.406710136+03:00,heap_no_index,insert,130000,bulk=130000,572.224
2025-09-08T18:21:44.972243018+03:00,heap_no_index,insert,130000,bulk=130000,565.521
2025-09-08T18:21:45.671585368+03:00,heap_no_index,insert,130000,bulk=130000,699.326
2025-09-08T18:21:46.23738805+03:00,heap_no_index,insert,130000,bulk=130000,565.790
2025-09-08T18:21:46.827711252+03:00,heap_no_index,insert,130000,bulk=130000,590.311
2025-09-08T18:21:47.394649506+03:00,heap_no_index,insert,130000,bulk=130000,566.925
2025-09-08T18:21:47.959457201+03:00,heap_no_index,insert,130000,bulk=130000,564.794
2025-09-08T18:21:48.525987499+03:00,heap_no_index,insert,130000,bulk=130000,566.519
2025-09-08T18:21:49.095840364+03:00,heap_no_index,insert,130000,bulk=130000,569.839
2025-09-08T18:21:49.673949289+03:00,heap_no_index,insert,130000,bulk=130000,578.097
2025-09-08T18:21:50.249507828+03:00,heap_no_index,insert,130000,bulk=130000,575.546
2025-09-08T18:21:50.821957099+03:00,heap_no_index,insert,130000,bulk=130000,572.436
2025-09-08T18:21:51.393457202+03:00,heap_no_index,insert,130000,bulk=130000,571.488
2025-09-08T18:21:51.954482473+03:00,heap_no_index,insert,130000,bulk=130000,561.014
2025-09-08T18:21:52.532900794+03:00,heap_no_index,insert,130000,bulk=130000,578.394
2025-09-08T18:21:53.103047337+03:00,heap_no_index,insert,130000,bulk=130000,570.134
2025-09-08T18:21:53.67071655+03:00,heap_no_index,insert,130000,bulk=130000,567.656
2025-09-08T18:21:54.256063703+03:00,heap_no_index,insert,130000,bulk=130000,585.335
2025-09-08T18:21:54.829866938+03:00,heap_no_index,insert,130000,bulk=130000,573.787
2025-09-08T18:21:55.405815815+03:00,heap_no_index,insert,130000,bulk=130000,575.937
2025-09-08T18:21:55.972619669+03:00,heap_no_index,insert,130000,bulk=130000,566.769
2025-09-08T18:21:56.539496296+03:00,heap_no_index,insert,130000,bulk=130000,566.865
2025-09-08T18:21:57.113987827+03:00,heap_no_index,insert,130000,bulk=130000,574.480
2025-09-08T18:21:57.702361404+03:00,heap_no_index,insert,130000,bulk=130000,588.358
2025-09-08T18:21:58.268018989+03:00,heap_no_index,insert,130000,bulk=130000,565.644
2025-09-08T18:21:58.835279398+03:00,heap_no_index,insert,130000,bulk=130000,567.249
2025-09-08T18:21:59.399738615+03:00,heap_no_index,insert,130000,bulk=130000,564.447
2025-09-08T18:21:59.972319445+03:00,heap_no_index,insert,130000,bulk=130000,572.570
2025-09-08T18:22:00.538051686+03:00,heap_no_index,insert,130000,bulk=130000,565.719
2025-09-08T18:22:01.096150584+03:00,heap_no_index,insert,130000,bulk=130000,558.086
2025-09-08T18:22:01.77569444+03:00,heap_no_index,insert,130000,bulk=130000,679.531
2025-09-08T18:22:02.374340081+03:00,heap_no_index,insert,130000,bulk=130000,598.630
2025-09-08T18:22:02.951351948+03:00,heap_no_index,insert,130000,bulk=130000,577.001
2025-09-08T18:22:03.53509611+03:00,heap_no_index,insert,130000,bulk=130000,583.733
2025-09-08T18:22:04.096802108+03:00,heap_no_index,insert,130000,bulk=130000,561.690
2025-09-08T18:22:04.668098374+03:00,heap_no_index,insert,130000,bulk=130000,571.284
2025-09-08T18:22:05.244730987+03:00,heap_no_index,insert,130000,bulk=130000,576.621
2025-09-08T18:22:05.814474642+03:00,heap_no_index,insert,130000,bulk=130000,569.732
2025-09-08T18:22:06.388109315+03:00,heap_no_index,insert,130000,bulk=130000,573.622
2025-09-08T18:22:06.960988635+03:00,heap_no_index,insert,130000,bulk=130000,572.862
2025-09-08T18:22:07.537647642+03:00,heap_no_index,insert,130000,bulk=130000,576.647
2025-09-08T18:22:08.109741855+03:00,heap_no_index,insert,130000,bulk=130000,572.081
2025-09-08T18:22:08.691591305+03:00,heap_no_index,insert,130000,bulk=130000,581.837
2025-09-08T18:22:09.258541235+03:00,heap_no_index,insert,130000,bulk=130000,566.937
2025-09-08T18:22:09.827923652+03:00,heap_no_index,insert,130000,bulk=130000,569.360
2025-09-08T18:22:10.402869335+03:00,heap_no_index,insert,130000,bulk=130000,574.932
2025-09-08T18:22:10.996501489+03:00,heap_no_index,insert,130000,bulk=130000,593.596
2025-09-08T18:22:11.559400872+03:00,heap_no_index,insert,130000,bulk=130000,562.887
2025-09-08T18:22:12.135007475+03:00,heap_no_index,insert,130000,bulk=130000,575.595
2025-09-08T18:22:12.721268262+03:00,heap_no_index,insert,130000,bulk=130000,586.249
2025-09-08T18:22:13.344190781+03:00,heap_no_index,insert,130000,bulk=130000,622.909
2025-09-08T18:22:13.979925213+03:00,heap_no_index,insert,130000,bulk=130000,635.722
2025-09-08T18:22:14.595707617+03:00,heap_no_index,insert,130000,bulk=130000,615.770
2025-09-08T18:22:15.23573012+03:00,heap_no_index,insert,130000,bulk=130000,640.010
2025-09-08T18:22:15.833875789+03:00,heap_no_index,insert,130000,bulk=130000,598.135
2025-09-08T18:22:16.404139746+03:00,heap_no_index,insert,130000,bulk=130000,570.253
2025-09-08T18:22:16.977690929+03:00,heap_no_index,insert,130000,bulk=130000,573.539
2025-09-08T18:22:17.543936681+03:00,heap_no_index,insert,130000,bulk=130000,566.235
2025-09-08T18:22:18.111295309+03:00,heap_no_index,insert,130000,bulk=130000,567.347
2025-09-08T18:22:18.81145632+03:00,heap_no_index,insert,130000,bulk=130000,700.148
2025-09-08T18:22:19.381268246+03:00,heap_no_index,insert,130000,bulk=130000,569.799
2025-09-08T18:22:19.957720556+03:00,heap_no_index,insert,130000,bulk=130000,576.440
2025-09-08T18:22:20.527007051+03:00,heap_no_index,insert,130000,bulk=130000,569.275
2025-09-08T18:22:21.092589356+03:00,heap_no_index,insert,130000,bulk=130000,565.570
2025-09-08T18:22:21.658058025+03:00,heap_no_index,insert,130000,bulk=130000,565.447
2025-09-08T18:22:22.231586845+03:00,heap_no_index,insert,130000,bulk=130000,573.517
2025-09-08T18:22:22.801476707+03:00,heap_no_index,insert,130000,bulk=130000,569.877
2025-09-08T18:22:23.376829122+03:00,heap_no_index,insert,130000,bulk=130000,575.340
2025-09-08T18:22:23.955459752+03:00,heap_no_index,insert,130000,bulk=130000,578.619
2025-09-08T18:22:24.523458682+03:00,heap_no_index,insert,130000,bulk=130000,567.955
2025-09-08T18:22:25.10233376+03:00,heap_no_index,insert,130000,bulk=130000,578.862
2025-09-08T18:22:25.696989701+03:00,heap_no_index,select,130000,"k in [a,b] (~N/50, cap 1000)",5.757
2025-09-08T18:22:25.702501633+03:00,heap_no_index,select,130000,"k in [a,b] (~N/50, cap 1000)",5.491
2025-09-08T18:22:25.708259623+03:00,heap_no_index,select,130000,"k in [a,b] (~N/50, cap 1000)",5.739
2025-09-08T18:22:25.713610218+03:00,heap_no_index,select,130000,"k in [a,b] (~N/50, cap 1000)",5.341
2025-09-08T18:22:25.718919466+03:00,heap_no_index,select,130000,"k in [a,b] (~N/50, cap 1000)",5.292
2025-09-08T18:22:25.724941252+03:00,heap_no_index,select,130000,"k in [a,b] (~N/50, cap 1000)",6.008
2025-09-08T18:22:25.730687089+03:00,heap_no_index,select,130000,"k in [a,b] (~N/50, cap 1000)",5.736
2025-09-08T18:22:25.735618906+03:00,heap_no_index,select,130000,"k in [a,b] (~N/50, cap 1000)",4.914
2025-09-08T18:22:25.741278277+03:00,heap_no_index,select,130000,"k in [a,b] (~N/50, cap 1000)",5.641
2025-09-08T18:22:25.746849017+03:00,heap_no_index,select,130000,"k in [a,b] (~N/50, cap 1000)",5.559
2025-09-08T18:22:25.752417034+03:00,heap_no_index,select,130000,"k in [a,b] (~N/50, cap 1000)",5.555
2025-09-08T18:22:25.758392653+03:00,heap_no_index,select,130000,"k in [a,b] (~N/50, cap 1000)",5.968
2025-09-08T18:22:25.763857791+03:00,heap_no_index,select,130000,"k in [a,b] (~N/50, cap 1000)",5.455
2025-09-08T18:22:25.769732348+03:00,heap_no_index,select,130000,"k in [a,b] (~N/50, cap 1000)",5.857
2025-09-08T18:22:25.775526586+03:00,heap_no_index,select,130000,"k in [a,b] (~N/50, cap 1000)",5.784
2025-09-08T18:22:25.781204884+03:00,heap_no_index,select,130000,"k in [a,b] (~N/50, cap 1000)",5.668
2025-09-08T18:22:25.786694048+03:00,heap_no_index,select,130000,"k in [a,b] (~N/50, cap 1000)",5.473
2025-09-08T18:22:25.792652696+03:00,heap_no_index,select,130000,"k in [a,b] (~N/50, cap 1000)",5.941
2025-09-08T18:22:25.797827567+03:00,heap_no_index,select,130000,"k in [a,b] (~N/50, cap 1000)",5.159
2025-09-08T18:22:25.803673837+03:00,heap_no_index,select,130000,"k in [a,b] (~N/50, cap 1000)",5.836
2025-09-08T18:22:25.809594979+03:00,heap_no_index,select,130000,"k in [a,b] (~N/50, cap 1000)",5.911
2025-09-08T18:22:25.815309177+03:00,heap_no_index,select,130000,"k in [a,b] (~N/50, cap 1000)",5.705
2025-09-08T18:22:25.820778296+03:00,heap_no_index,select,130000,"k in [a,b] (~N/50, cap 1000)",5.459
2025-09-08T18:22:25.826647335+03:00,heap_no_index,select,130000,"k in [a,b] (~N/50, cap 1000)",5.859
2025-09-08T18:22:25.832401692+03:00,heap_no_index,select,130000,"k in [a,b] (~N/50, cap 1000)",5.744
2025-09-08T18:22:25.838171555+03:00,heap_no_index,select,130000,"k in [a,b] (~N/50, cap 1000)",5.755
2025-09-08T18:22:25.844124336+03:00,heap_no_index,select,130000,"k in [a,b] (~N/50, cap 1000)",5.943
2025-09-08T18:22:25.850216523+03:00,heap_no_index,select,130000,"k in [a,b] (~N/50, cap 1000)",6.079
2025-09-08T18:22:25.855537924+03:00,heap_no_index,select,130000,"k in [a,b] (~N/50, cap 1000)",5.312
2025-09-08T18:22:25.860805267+03:00,heap_no_index,select,130000,"k in [a,b] (~N/50, cap 1000)",5.256
2025-09-08T18:22:25.866476232+03:00,heap_no_index,select,130000,"k in [a,b] (~N/50, cap 1000)",5.659
2025-09-08T18:22:25.872539714+03:00,heap_no_index,select,130000,"k in [a,b] (~N/50, cap 1000)",6.053
2025-09-08T18:22:25.87878381+03:00,heap_no_index,select,130000,"k in [a,b] (~N/50, cap 1000)",6.231
2025-09-08T18:22:25.884875718+03:00,heap_no_index,select,130000,"k in [a,b] (~N/50, cap 1000)",6.080
2025-09-08T18:22:25.891178552+03:00,heap_no_index,select,130000,"k in [a,b] (~N/50, cap 1000)",6.289
2025-09-08T18:22:25.896961684+03:00,heap_no_index,select,130000,"k in [a,b] (~N/50, cap 1000)",5.769
2025-09-08T18:22:25.902837149+03:00,heap_no_index,select,130000,"k in [a,b] (~N/50, cap 1000)",5.865
2025-09-08T18:22:25.908032624+03:00,heap_no_index,select,130000,"k in [a,b] (~N/50, cap 1000)",5.182
2025-09-08T18:22:25.91363165+03:00,heap_no_index,select,130000,"k in [a,b] (~N/50, cap 1000)",5.588
2025-09-08T18:22:25.919682072+03:00,heap_no_index,select,130000,"k in [a,b] (~N/50, cap 1000)",6.031
2025-09-08T18:22:25.925396269+03:00,heap_no_index,select,130000,"k in [a,b] (~N/50, cap 1000)",5.704
2025-09-08T18:22:25.931944112+03:00,heap_no_index,select,130000,"k in [a,b] (~N/50, cap 1000)",6.485
2025-09-08T18:22:25.937421263+03:00,heap_no_index,select,130000,"k in [a,b] (~N/50, cap 1000)",5.464
2025-09-08T18:22:25.943800225+03:00,heap_no_index,select,130000,"k in [a,b] (~N/50, cap 1000)",6.361
2025-09-08T18:22:25.949584685+03:00,heap_no_index,select,130000,"k in [a,b] (~N/50, cap 1000)",5.775
2025-09-08T18:22:25.954902943+03:00,heap_no_index,select,130000,"k in [a,b] (~N/50, cap 1000)",5.304
2025-09-08T18:22:25.960602683+03:00,heap_no_index,select,130000,"k in [a,b] (~N/50, cap 1000)",5.681
2025-09-08T18:22:25.966254441+03:00,heap_no_index,select,130000,"k in [a,b] (~N/50, cap 1000)",5.634
2025-09-08T18:22:25.97156327+03:00,heap_no_index,select,130000,"k in [a,b] (~N/50, cap 1000)",5.291
2025-09-08T18:22:25.977328803+03:00,heap_no_index,select,130000,"k in [a,b] (~N/50, cap 1000)",5.747
2025-09-08T18:22:25.983001863+03:00,heap_no_index,select,130000,"k in [a,b] (~N/50, cap 1000)",5.656
2025-09-08T18:22:25.988317956+03:00,heap_no_index,select,130000,"k in [a,b] (~N/50, cap 1000)",5.307
2025-09-08T18:22:25.994040744+03:00,heap_no_index,select,130000,"k in [a,b] (~N/50, cap 1000)",5.711
2025-09-08T18:22:25.999642076+03:00,heap_no_index,select,130000,"k in [a,b] (~N/50, cap 1000)",5.587
2025-09-08T18:22:26.005651709+03:00,heap_no_index,select,130000,"k in [a,b] (~N/50, cap 1000)",5.996
2025-09-08T18:22:26.011696892+03:00,heap_no_index,select,130000,"k in [a,b] (~N/50, cap 1000)",6.034
2025-09-08T18:22:26.017447338+03:00,heap_no_index,select,130000,"k in [a,b] (~N/50, cap 1000)",5.735
2025-09-08T18:22:26.02314177+03:00,heap_no_index,select,130000,"k in [a,b] (~N/50, cap 1000)",5.676
2025-09-08T18:22:26.028835713+03:00,heap_no_index,select,130000,"k in [a,b] (~N/50, cap 1000)",5.675
2025-09-08T18:22:26.034365526+03:00,heap_no_index,select,130000,"k in [a,b] (~N/50, cap 1000)",5.509
2025-09-08T18:22:26.039524053+03:00,heap_no_index,select,130000,"k in [a,b] (~N/50, cap 1000)",5.126
2025-09-08T18:22:26.045296011+03:00,heap_no_index,select,130000,"k in [a,b] (~N/50, cap 1000)",5.755
2025-09-08T18:22:26.05092074+03:00,heap_no_index,select,130000,"k in [a,b] (~N/50, cap 1000)",5.615
2025-09-08T18:22:26.056473879+03:00,heap_no_index,select,130000,"k in [a,b] (~N/50, cap 1000)",5.540
2025-09-08T18:22:26.062168521+03:00,heap_no_index,select,130000,"k in [a,b] (~N/50, cap 1000)",5.677
2025-09-08T18:22:26.067725921+03:00,heap_no_index,select,130000,"k in [a,b] (~N/50, cap 1000)",5.540
2025-09-08T18:22:26.073575684+03:00,heap_no_index,select,130000,"k in [a,b] (~N/50, cap 1000)",5.834
2025-09-08T18:22:26.079395135+03:00,heap_no_index,select,130000,"k in [a,b] (~N/50, cap 1000)",5.809
2025-09-08T18:22:26.085387796+03:00,heap_no_index,select,130000,"k in [a,b] (~N/50, cap 1000)",5.983
2025-09-08T18:22:26.091879485+03:00,heap_no_index,select,130000,"k in [a,b] (~N/50, cap 1000)",6.482
2025-09-08T18:22:26.098621491+03:00,heap_no_index,select,130000,"k in [a,b] (~N/50, cap 1000)",6.729
2025-09-08T18:22:26.104032151+03:00,heap_no_index,select,130000,"k in [a,b] (~N/50, cap 1000)",5.400
2025-09-08T18:22:26.110062388+03:00,heap_no_index,select,130000,"k in [a,b] (~N/50, cap 1000)",6.020
2025-09-08T18:22:26.115618391+03:00,heap_no_index,select,130000,"k in [a,b] (~N/50, cap 1000)",5.546
2025-09-08T18:22:26.120943424+03:00,heap_no_index,select,130000,"k in [a,b] (~N/50, cap 1000)",5.316
2025-09-08T18:22:26.126730748+03:00,heap_no_index,select,130000,"k in [a,b] (~N/50, cap 1000)",5.778
2025-09-08T18:22:26.132080016+03:00,heap_no_index,select,130000,"k in [a,b] (~N/50, cap 1000)",5.339
2025-09-08T18:22:26.138238414+03:00,heap_no_index,select,130000,"k in [a,b] (~N/50, cap 1000)",6.148
2025-09-08T18:22:26.14417597+03:00,heap_no_index,select,130000,"k in [a,b] (~N/50, cap 1000)",5.925
2025-09-08T18:22:26.150174568+03:00,heap_no_index,select,130000,"k in [a,b] (~N/50, cap 1000)",5.988
2025-09-08T18:22:26.15614432+03:00,heap_no_index,select,130000,"k in [a,b] (~N/50, cap 1000)",5.960
2025-09-08T18:22:26.162299227+03:00,heap_no_index,select,130000,"k in [a,b] (~N/50, cap 1000)",6.143
2025-09-08T18:22:26.168224699+03:00,heap_no_index,select,130000,"k in [a,b] (~N/50, cap 1000)",5.876
2025-09-08T18:22:26.173914522+03:00,heap_no_index,select,130000,"k in [a,b] (~N/50, cap 1000)",5.681
2025-09-08T18:22:26.179711762+03:00,heap_no_index,select,130000,"k in [a,b] (~N/50, cap 1000)",5.788
2025-09-08T18:22:26.185534566+03:00,heap_no_index,select,130000,"k in [a,b] (~N/50, cap 1000)",5.813
2025-09-08T18:22:26.190999704+03:00,heap_no_index,select,130000,"k in [a,b] (~N/50, cap 1000)",5.457
2025-09-08T18:22:26.196745121+03:00,heap_no_index,select,130000,"k in [a,b] (~N/50, cap 1000)",5.737
2025-09-08T18:22:26.201756559+03:00,heap_no_index,select,130000,"k in [a,b] (~N/50, cap 1000)",5.003
2025-09-08T18:22:26.207237551+03:00,heap_no_index,select,130000,"k in [a,b] (~N/50, cap 1000)",5.473
2025-09-08T18:22:26.212764081+03:00,heap_no_index,select,130000,"k in [a,b] (~N/50, cap 1000)",5.518
2025-09-08T18:22:26.218396283+03:00,heap_no_index,select,130000,"k in [a,b] (~N/50, cap 1000)",5.625
2025-09-08T18:22:26.224108316+03:00,heap_no_index,select,130000,"k in [a,b] (~N/50, cap 1000)",5.702
2025-09-08T18:22:26.229718238+03:00,heap_no_index,select,130000,"k in [a,b] (~N/50, cap 1000)",5.600
2025-09-08T18:22:26.235554102+03:00,heap_no_index,select,130000,"k in [a,b] (~N/50, cap 1000)",5.818
2025-09-08T18:22:26.240754675+03:00,heap_no_index,select,130000,"k in [a,b] (~N/50, cap 1000)",5.183
2025-09-08T18:22:26.246993951+03:00,heap_no_index,select,130000,"k in [a,b] (~N/50, cap 1000)",6.221
2025-09-08T18:22:26.253250828+03:00,heap_no_index,select,130000,"k in [a,b] (~N/50, cap 1000)",6.240
2025-09-08T18:22:26.258939394+03:00,heap_no_index,select,130000,"k in [a,b] (~N/50, cap 1000)",5.680
2025-09-08T18:22:26.264565589+03:00,heap_no_index,select,130000,"k in [a,b] (~N/50, cap 1000)",5.611
2025-09-08T18:22:28.595787649+03:00,heap_no_index,delete,130000,k%7=0,585.880
2025-09-08T18:22:29.18527346+03:00,heap_no_index,delete,130000,k%7=0,589.471
2025-09-08T18:22:29.766241298+03:00,heap_no_index,delete,130000,k%7=0,580.954
2025-09-08T18:22:30.345151352+03:00,heap_no_index,delete,130000,k%7=0,578.886
2025-09-08T18:22:30.927451581+03:00,heap_no_index,delete,130000,k%7=0,582.284
2025-09-08T18:22:31.502313328+03:00,heap_no_index,delete,130000,k%7=0,574.847
2025-09-08T18:22:32.084459131+03:00,heap_no_index,delete,130000,k%7=0,582.123
2025-09-08T18:22:32.673326403+03:00,heap_no_index,delete,130000,k%7=0,588.835
2025-09-08T18:22:33.2687668+03:00,heap_no_index,delete,130000,k%7=0,595.423
2025-09-08T18:22:33.843955686+03:00,heap_no_index,delete,130000,k%7=0,575.167
2025-09-08T18:22:34.426192767+03:00,heap_no_index,delete,130000,k%7=0,582.223
2025-09-08T18:22:35.108988267+03:00,heap_no_index,delete,130000,k%7=0,682.773
2025-09-08T18:22:35.712605656+03:00,heap_no_index,delete,130000,k%7=0,603.579
2025-09-08T18:22:36.299281668+03:00,heap_no_index,delete,130000,k%7=0,586.654
2025-09-08T18:22:36.909521209+03:00,heap_no_index,delete,130000,k%7=0,610.220
2025-09-08T18:22:37.493800698+03:00,heap_no_index,delete,130000,k%7=0,584.263
2025-09-08T18:22:38.103129833+03:00,heap_no_index,delete,130000,k%7=0,609.314
2025-09-08T18:22:38.689054609+03:00,heap_no_index,delete,130000,k%7=0,585.906
2025-09-08T18:22:39.302002232+03:00,heap_no_index,delete,130000,k%7=0,612.931
2025-09-08T18:22:39.886111369+03:00,heap_no_index,delete,130000,k%7=0,584.070
2025-09-08T18:22:40.474933992+03:00,heap_no_index,delete,130000,k%7=0,588.799
2025-09-08T18:22:41.052570155+03:00,heap_no_index,delete,130000,k%7=0,577.619
2025-09-08T18:22:41.635623193+03:00,heap_no_index,delete,130000,k%7=0,583.038
2025-09-08T18:22:42.274509275+03:00,heap_no_index,delete,130000,k%7=0,638.874
2025-09-08T18:22:42.921869885+03:00,heap_no_index,delete,130000,k%7=0,647.339
2025-09-08T18:22:43.575782594+03:00,heap_no_index,delete,130000,k%7=0,653.899
2025-09-08T18:22:44.233203162+03:00,heap_no_index,delete,130000,k%7=0,657.406
2025-09-08T18:22:44.892857305+03:00,heap_no_index,delete,130000,k%7=0,659.640
2025-09-08T18:22:45.505449969+03:00,heap_no_index,delete,130000,k%7=0,612.577
2025-09-08T18:22:46.091468735+03:00,heap_no_index,delete,130000,k%7=0,586.002
2025-09-08T18:22:46.675151115+03:00,heap_no_index,delete,130000,k%7=0,583.667
2025-09-08T18:22:47.258660352+03:00,heap_no_index,delete,130000,k%7=0,583.494
2025-09-08T18:22:47.839896202+03:00,heap_no_index,delete,130000,k%7=0,581.221
2025-09-08T18:22:48.426240709+03:00,heap_no_index,delete,130000,k%7=0,586.322
2025-09-08T18:22:49.011287813+03:00,heap_no_index,delete,130000,k%7=0,585.030
2025-09-08T18:22:49.600284392+03:00,heap_no_index,delete,130000,k%7=0,588.973
2025-09-08T18:22:50.191544159+03:00,heap_no_index,delete,130000,k%7=0,591.245
2025-09-08T18:22:50.779044979+03:00,heap_no_index,delete,130000,k%7=0,587.487
2025-09-08T18:22:51.46392147+03:00,heap_no_index,delete,130000,k%7=0,684.861
2025-09-08T18:22:52.077836873+03:00,heap_no_index,delete,130000,k%7=0,613.900
2025-09-08T18:22:52.660149408+03:00,heap_no_index,delete,130000,k%7=0,582.298
2025-09-08T18:22:53.288928704+03:00,heap_no_index,delete,130000,k%7=0,628.762
2025-09-08T18:22:53.875172136+03:00,heap_no_index,delete,130000,k%7=0,586.225
2025-09-08T18:22:54.462315141+03:00,heap_no_index,delete,130000,k%7=0,587.130
2025-09-08T18:22:55.046435416+03:00,heap_no_index,delete,130000,k%7=0,584.107
2025-09-08T18:22:55.629851531+03:00,heap_no_index,delete,130000,k%7=0,583.401
2025-09-08T18:22:56.210438241+03:00,heap_no_index,delete,130000,k%7=0,580.574
2025-09-08T18:22:56.79672804+03:00,heap_no_index,delete,130000,k%7=0,586.277
2025-09-08T18:22:57.372217681+03:00,heap_no_index,delete,130000,k%7=0,575.475
2025-09-08T18:22:57.954642233+03:00,heap_no_index,delete,130000,k%7=0,582.404
2025-09-08T18:22:58.536196888+03:00,heap_no_index,delete,130000,k%7=0,581.537
2025-09-08T18:22:59.122903295+03:00,heap_no_index,delete,130000,k%7=0,586.691
2025-09-08T18:22:59.711982124+03:00,heap_no_index,delete,130000,k%7=0,589.066
2025-09-08T18:23:00.284955947+03:00,heap_no_index,delete,130000,k%7=0,572.927
2025-09-08T18:23:00.871694198+03:00,heap_no_index,delete,130000,k%7=0,586.720
2025-09-08T18:23:01.454595767+03:00,heap_no_index,delete,130000,k%7=0,582.888
2025-09-08T18:23:02.034424458+03:00,heap_no_index,delete,130000,k%7=0,579.806
2025-09-08T18:23:02.625447007+03:00,heap_no_index,delete,130000,k%7=0,590.997
2025-09-08T18:23:03.214000609+03:00,heap_no_index,delete,130000,k%7=0,588.539
2025-09-08T18:23:03.801250801+03:00,heap_no_index,delete,130000,k%7=0,587.236
2025-09-08T18:23:04.390814049+03:00,heap_no_index,delete,130000,k%7=0,589.549
2025-09-08T18:23:04.970882573+03:00,heap_no_index,delete,130000,k%7=0,580.056
2025-09-08T18:23:05.551364704+03:00,heap_no_index,delete,130000,k%7=0,580.469
2025-09-08T18:23:06.132423318+03:00,heap_no_index,delete,130000,k%7=0,581.036
2025-09-08T18:23:06.73780004+03:00,heap_no_index,delete,130000,k%7=0,605.358
2025-09-08T18:23:07.428695127+03:00,heap_no_index,delete,130000,k%7=0,690.879
2025-09-08T18:23:08.027365251+03:00,heap_no_index,delete,130000,k%7=0,598.647
2025-09-08T18:23:08.621025124+03:00,heap_no_index,delete,130000,k%7=0,593.635
2025-09-08T18:23:09.215269231+03:00,heap_no_index,delete,130000,k%7=0,594.228
2025-09-08T18:23:09.796349208+03:00,heap_no_index,delete,130000,k%7=0,581.065
2025-09-08T18:23:10.376585201+03:00,heap_no_index,delete,130000,k%7=0,580.211
2025-09-08T18:23:10.960352731+03:00,heap_no_index,delete,130000,k%7=0,583.755
2025-09-08T18:23:11.55100097+03:00,heap_no_index,delete,130000,k%7=0,590.635
2025-09-08T18:23:12.132686899+03:00,heap_no_index,delete,130000,k%7=0,581.667
2025-09-08T18:23:12.719997693+03:00,heap_no_index,delete,130000,k%7=0,587.294
2025-09-08T18:23:13.294638566+03:00,heap_no_index,delete,130000,k%7=0,574.623
2025-09-08T18:23:13.88666033+03:00,heap_no_index,delete,130000,k%7=0,592.007
2025-09-08T18:23:14.476135831+03:00,heap_no_index,delete,130000,k%7=0,589.460
2025-09-08T18:23:15.070114172+03:00,heap_no_index,delete,130000,k%7=0,593.960
2025-09-08T18:23:15.660900272+03:00,heap_no_index,delete,130000,k%7=0,590.772
2025-09-08T18:23:16.248507331+03:00,heap_no_index,delete,130000,k%7=0,587.593
2025-09-08T18:23:16.83899478+03:00,heap_no_index,delete,130000,k%7=0,590.476
2025-09-08T18:23:17.422859445+03:00,heap_no_index,delete,130000,k%7=0,583.849
2025-09-08T18:23:17.999576248+03:00,heap_no_index,delete,130000,k%7=0,576.705
2025-09-08T18:23:18.581121846+03:00,heap_no_index,delete,130000,k%7=0,581.533
2025-09-08T18:23:19.167542757+03:00,heap_no_index,delete,130000,k%7=0,586.407
2025-09-08T18:23:19.756658135+03:00,heap_no_index,delete,130000,k%7=0,589.098
2025-09-08T18:23:20.362545166+03:00,heap_no_index,delete,130000,k%7=0,605.867
2025-09-08T18:23:20.948256818+03:00,heap_no_index,delete,130000,k%7=0,585.692
2025-09-08T18:23:21.532695302+03:00,heap_no_index,delete,130000,k%7=0,584.412
2025-09-08T18:23:22.111624369+03:00,heap_no_index,delete,130000,k%7=0,578.911
2025-09-08T18:23:22.687820761+03:00,heap_no_index,delete,130000,k%7=0,576.184
2025-09-08T18:23:23.377886978+03:00,heap_no_index,delete,130000,k%7=0,690.054
2025-09-08T18:23:23.978339315+03:00,heap_no_index,delete,130000,k%7=0,600.436
2025-09-08T18:23:24.563666962+03:00,heap_no_index,delete,130000,k%7=0,585.309
2025-09-08T18:23:25.166865728+03:00,heap_no_index,delete,130000,k%7=0,603.161
2025-09-08T18:23:25.750402391+03:00,heap_no_index,delete,130000,k%7=0,583.510
2025-09-08T18:23:26.325168811+03:00,heap_no_index,delete,130000,k%7=0,574.748
2025-09-08T18:23:26.903055671+03:00,heap_no_index,delete,130000,k%7=0,577.871
2025-09-08T18:23:27.480807523+03:00,heap_no_index,delete,130000,k%7=0,577.735
2025-09-08T18:23:30.275672077+03:00,heap_no_index,insert,160000,bulk=160000,697.343
2025-09-08T18:23:30.969146467+03:00,heap_no_index,insert,160000,bulk=160000,693.461
2025-09-08T18:23:31.663616046+03:00,heap_no_index,insert,160000,bulk=160000,694.459
2025-09-08T18:23:32.361557374+03:00,heap_no_index,insert,160000,bulk=160000,697.928
2025-09-08T18:23:33.06723366+03:00,heap_no_index,insert,160000,bulk=160000,705.663
2025-09-08T18:23:33.771704805+03:00,heap_no_index,insert,160000,bulk=160000,704.459
2025-09-08T18:23:34.472091117+03:00,heap_no_index,insert,160000,bulk=160000,700.372
2025-09-08T18:23:35.154860187+03:00,heap_no_index,insert,160000,bulk=160000,682.754
2025-09-08T18:23:35.852584713+03:00,heap_no_index,insert,160000,bulk=160000,697.713
2025-09-08T18:23:36.553930591+03:00,heap_no_index,insert,160000,bulk=160000,701.334
2025-09-08T18:23:37.265430994+03:00,heap_no_index,insert,160000,bulk=160000,711.485
2025-09-08T18:23:37.984920794+03:00,heap_no_index,insert,160000,bulk=160000,719.479
2025-09-08T18:23:38.741843166+03:00,heap_no_index,insert,160000,bulk=160000,756.912
2025-09-08T18:23:39.50453442+03:00,heap_no_index,insert,160000,bulk=160000,762.618
2025-09-08T18:23:40.205903545+03:00,heap_no_index,insert,160000,bulk=160000,701.352
2025-09-08T18:23:40.918476167+03:00,heap_no_index,insert,160000,bulk=160000,712.557
2025-09-08T18:23:41.623971886+03:00,heap_no_index,insert,160000,bulk=160000,705.483
2025-09-08T18:23:42.336578098+03:00,heap_no_index,insert,160000,bulk=160000,712.596
2025-09-08T18:23:43.028346752+03:00,heap_no_index,insert,160000,bulk=160000,691.756
2025-09-08T18:23:43.721935091+03:00,heap_no_index,insert,160000,bulk=160000,693.573
2025-09-08T18:23:44.425003972+03:00,heap_no_index,insert,160000,bulk=160000,703.057
2025-09-08T18:23:45.135791328+03:00,heap_no_index,insert,160000,bulk=160000,710.775
2025-09-08T18:23:45.831515597+03:00,heap_no_index,insert,160000,bulk=160000,695.712
2025-09-08T18:23:46.529871404+03:00,heap_no_index,insert,160000,bulk=160000,698.344
2025-09-08T18:23:47.217044944+03:00,heap_no_index,insert,160000,bulk=160000,687.162
2025-09-08T18:23:47.925007358+03:00,heap_no_index,insert,160000,bulk=160000,707.946
2025-09-08T18:23:48.619147792+03:00,heap_no_index,insert,160000,bulk=160000,694.116
2025-09-08T18:23:49.3225943+03:00,heap_no_index,insert,160000,bulk=160000,703.427
2025-09-08T18:23:50.025350479+03:00,heap_no_index,insert,160000,bulk=160000,702.744
2025-09-08T18:23:50.717448283+03:00,heap_no_index,insert,160000,bulk=160000,692.084
2025-09-08T18:23:51.411338393+03:00,heap_no_index,insert,160000,bulk=160000,693.877
2025-09-08T18:23:52.111543066+03:00,heap_no_index,insert,160000,bulk=160000,700.193
2025-09-08T18:23:52.799982844+03:00,heap_no_index,insert,160000,bulk=160000,688.427
2025-09-08T18:23:53.494744727+03:00,heap_no_index,insert,160000,bulk=160000,694.751
2025-09-08T18:23:54.196644971+03:00,heap_no_index,insert,160000,bulk=160000,701.889
2025-09-08T18:23:54.902734389+03:00,heap_no_index,insert,160000,bulk=160000,706.077
2025-09-08T18:23:55.683589215+03:00,heap_no_index,insert,160000,bulk=160000,780.842
2025-09-08T18:23:56.434337496+03:00,heap_no_index,insert,160000,bulk=160000,750.733
2025-09-08T18:23:57.147332693+03:00,heap_no_index,insert,160000,bulk=160000,712.983
2025-09-08T18:23:57.84513329+03:00,heap_no_index,insert,160000,bulk=160000,697.784
2025-09-08T18:23:58.549091302+03:00,heap_no_index,insert,160000,bulk=160000,703.944
2025-09-08T18:23:59.254576428+03:00,heap_no_index,insert,160000,bulk=160000,705.472
2025-09-08T18:23:59.95117244+03:00,heap_no_index,insert,160000,bulk=160000,696.585
2025-09-08T18:24:00.658321917+03:00,heap_no_index,insert,160000,bulk=160000,707.132
2025-09-08T18:24:01.352059954+03:00,heap_no_index,insert,160000,bulk=160000,693.727
2025-09-08T18:24:02.07532267+03:00,heap_no_index,insert,160000,bulk=160000,723.251
2025-09-08T18:24:02.771584964+03:00,heap_no_index,insert,160000,bulk=160000,696.249
2025-09-08T18:24:03.470177355+03:00,heap_no_index,insert,160000,bulk=160000,698.570
2025-09-08T18:24:04.165415051+03:00,heap_no_index,insert,160000,bulk=160000,695.225
2025-09-08T18:24:04.85064866+03:00,heap_no_index,insert,160000,bulk=160000,685.169
2025-09-08T18:24:05.549854056+03:00,heap_no_index,insert,160000,bulk=160000,699.190
2025-09-08T18:24:06.242366268+03:00,heap_no_index,insert,160000,bulk=160000,692.501
2025-09-08T18:24:06.93910062+03:00,heap_no_index,insert,160000,bulk=160000,696.707
2025-09-08T18:24:07.641093789+03:00,heap_no_index,insert,160000,bulk=160000,701.975
2025-09-08T18:24:08.339470283+03:00,heap_no_index,insert,160000,bulk=160000,698.348
2025-09-08T18:24:09.036970457+03:00,heap_no_index,insert,160000,bulk=160000,697.488
2025-09-08T18:24:09.73248737+03:00,heap_no_index,insert,160000,bulk=160000,695.505
2025-09-08T18:24:10.437569613+03:00,heap_no_index,insert,160000,bulk=160000,705.072
2025-09-08T18:24:11.136691394+03:00,heap_no_index,insert,160000,bulk=160000,699.109
2025-09-08T18:24:11.881769857+03:00,heap_no_index,insert,160000,bulk=160000,745.059
2025-09-08T18:24:12.656165775+03:00,heap_no_index,insert,160000,bulk=160000,774.384
2025-09-08T18:24:13.350544729+03:00,heap_no_index,insert,160000,bulk=160000,694.368
2025-09-08T18:24:14.063538974+03:00,heap_no_index,insert,160000,bulk=160000,712.981
2025-09-08T18:24:14.766947072+03:00,heap_no_index,insert,160000,bulk=160000,703.374
2025-09-08T18:24:15.492512054+03:00,heap_no_index,insert,160000,bulk=160000,725.553
2025-09-08T18:24:16.184545328+03:00,heap_no_index,insert,160000,bulk=160000,692.022
2025-09-08T18:24:16.882260668+03:00,heap_no_index,insert,160000,bulk=160000,697.700
2025-09-08T18:24:17.57768481+03:00,heap_no_index,insert,160000,bulk=160000,695.413
2025-09-08T18:24:18.275351396+03:00,heap_no_index,insert,160000,bulk=160000,697.656
2025-09-08T18:24:18.982448795+03:00,heap_no_index,insert,160000,bulk=160000,707.083
2025-09-08T18:24:19.68647499+03:00,heap_no_index,insert,160000,bulk=160000,704.013
2025-09-08T18:24:20.393650259+03:00,heap_no_index,insert,160000,bulk=160000,707.164
2025-09-08T18:24:21.084518961+03:00,heap_no_index,insert,160000,bulk=160000,690.853
2025-09-08T18:24:21.789914072+03:00,heap_no_index,insert,160000,bulk=160000,705.383
2025-09-08T18:24:22.482692484+03:00,heap_no_index,insert,160000,bulk=160000,692.767
2025-09-08T18:24:23.185924557+03:00,heap_no_index,insert,160000,bulk=160000,703.217
2025-09-08T18:24:23.894398756+03:00,heap_no_index,insert,160000,bulk=160000,708.462
2025-09-08T18:24:24.593835145+03:00,heap_no_index,insert,160000,bulk=160000,699.424
2025-09-08T18:24:25.286615715+03:00,heap_no_index,insert,160000,bulk=160000,692.766
2025-09-08T18:24:25.977290731+03:00,heap_no_index,insert,160000,bulk=160000,690.662
2025-09-08T18:24:26.670534217+03:00,heap_no_index,insert,160000,bulk=160000,693.233
2025-09-08T18:24:27.36300894+03:00,heap_no_index,insert,160000,bulk=160000,692.464
2025-09-08T18:24:28.077390648+03:00,heap_no_index,insert,160000,bulk=160000,714.369
2025-09-08T18:24:28.922334251+03:00,heap_no_index,insert,160000,bulk=160000,844.926
2025-09-08T18:24:29.615609648+03:00,heap_no_index,insert,160000,bulk=160000,693.263
2025-09-08T18:24:30.329251784+03:00,heap_no_index,insert,160000,bulk=160000,713.629
2025-09-08T18:24:31.034352764+03:00,heap_no_index,insert,160000,bulk=160000,705.089
2025-09-08T18:24:31.728817719+03:00,heap_no_index,insert,160000,bulk=160000,694.452
2025-09-08T18:24:32.42775122+03:00,heap_no_index,insert,160000,bulk=160000,698.921
2025-09-08T18:24:33.113321822+03:00,heap_no_index,insert,160000,bulk=160000,685.559
2025-09-08T18:24:33.797562823+03:00,heap_no_index,insert,160000,bulk=160000,684.227
2025-09-08T18:24:34.492067443+03:00,heap_no_index,insert,160000,bulk=160000,694.493
2025-09-08T18:24:35.189549463+03:00,heap_no_index,insert,160000,bulk=160000,697.470
2025-09-08T18:24:35.887542661+03:00,heap_no_index,insert,160000,bulk=160000,697.972
2025-09-08T18:24:36.595247718+03:00,heap_no_index,insert,160000,bulk=160000,707.693
2025-09-08T18:24:37.289920373+03:00,heap_no_index,insert,160000,bulk=160000,694.661
2025-09-08T18:24:38.015281147+03:00,heap_no_index,insert,160000,bulk=160000,725.349
2025-09-08T18:24:38.701807884+03:00,heap_no_index,insert,160000,bulk=160000,686.515
2025-09-08T18:24:39.406746877+03:00,heap_no_index,insert,160000,bulk=160000,704.896
2025-09-08T18:24:40.109953487+03:00,heap_no_index,insert,160000,bulk=160000,703.195
2025-09-08T18:24:40.846820447+03:00,heap_no_index,select,160000,"k in [a,b] (~N/50, cap 1000)",7.335
2025-09-08T18:24:40.854032702+03:00,heap_no_index,select,160000,"k in [a,b] (~N/50, cap 1000)",7.196
2025-09-08T18:24:40.860820032+03:00,heap_no_index,select,160000,"k in [a,b] (~N/50, cap 1000)",6.775
2025-09-08T18:24:40.867788744+03:00,heap_no_index,select,160000,"k in [a,b] (~N/50, cap 1000)",6.959
2025-09-08T18:24:40.875101992+03:00,heap_no_index,select,160000,"k in [a,b] (~N/50, cap 1000)",7.300
2025-09-08T18:24:40.882421245+03:00,heap_no_index,select,160000,"k in [a,b] (~N/50, cap 1000)",7.308
2025-09-08T18:24:40.889493046+03:00,heap_no_index,select,160000,"k in [a,b] (~N/50, cap 1000)",7.062
2025-09-08T18:24:40.896911546+03:00,heap_no_index,select,160000,"k in [a,b] (~N/50, cap 1000)",7.404
2025-09-08T18:24:40.903535095+03:00,heap_no_index,select,160000,"k in [a,b] (~N/50, cap 1000)",6.613
2025-09-08T18:24:40.910905823+03:00,heap_no_index,select,160000,"k in [a,b] (~N/50, cap 1000)",7.361
2025-09-08T18:24:40.917907012+03:00,heap_no_index,select,160000,"k in [a,b] (~N/50, cap 1000)",6.989
2025-09-08T18:24:40.924928106+03:00,heap_no_index,select,160000,"k in [a,b] (~N/50, cap 1000)",7.008
2025-09-08T18:24:40.931281782+03:00,heap_no_index,select,160000,"k in [a,b] (~N/50, cap 1000)",6.344
2025-09-08T18:24:40.938533358+03:00,heap_no_index,select,160000,"k in [a,b] (~N/50, cap 1000)",7.242
2025-09-08T18:24:40.945944455+03:00,heap_no_index,select,160000,"k in [a,b] (~N/50, cap 1000)",7.401
2025-09-08T18:24:40.952668019+03:00,heap_no_index,select,160000,"k in [a,b] (~N/50, cap 1000)",6.710
2025-09-08T18:24:40.959953818+03:00,heap_no_index,select,160000,"k in [a,b] (~N/50, cap 1000)",7.276
2025-09-08T18:24:40.967599797+03:00,heap_no_index,select,160000,"k in [a,b] (~N/50, cap 1000)",7.634
2025-09-08T18:24:40.974983935+03:00,heap_no_index,select,160000,"k in [a,b] (~N/50, cap 1000)",7.370
2025-09-08T18:24:40.982334548+03:00,heap_no_index,select,160000,"k in [a,b] (~N/50, cap 1000)",7.337
2025-09-08T18:24:40.989702971+03:00,heap_no_index,select,160000,"k in [a,b] (~N/50, cap 1000)",7.357
2025-09-08T18:24:40.996442808+03:00,heap_no_index,select,160000,"k in [a,b] (~N/50, cap 1000)",6.726
2025-09-08T18:24:41.003944561+03:00,heap_no_index,select,160000,"k in [a,b] (~N/50, cap 1000)",7.492
2025-09-08T18:24:41.01079908+03:00,heap_no_index,select,160000,"k in [a,b] (~N/50, cap 1000)",6.844
2025-09-08T18:24:41.018109115+03:00,heap_no_index,select,160000,"k in [a,b] (~N/50, cap 1000)",7.300
2025-09-08T18:24:41.024721908+03:00,heap_no_index,select,160000,"k in [a,b] (~N/50, cap 1000)",6.598
2025-09-08T18:24:41.032173653+03:00,heap_no_index,select,160000,"k in [a,b] (~N/50, cap 1000)",7.433
2025-09-08T18:24:41.040216898+03:00,heap_no_index,select,160000,"k in [a,b] (~N/50, cap 1000)",8.026
2025-09-08T18:24:41.047586229+03:00,heap_no_index,select,160000,"k in [a,b] (~N/50, cap 1000)",7.360
2025-09-08T18:24:41.054397725+03:00,heap_no_index,select,160000,"k in [a,b] (~N/50, cap 1000)",6.801
2025-09-08T18:24:41.061364552+03:00,heap_no_index,select,160000,"k in [a,b] (~N/50, cap 1000)",6.957
2025-09-08T18:24:41.068446689+03:00,heap_no_index,select,160000,"k in [a,b] (~N/50, cap 1000)",7.073
2025-09-08T18:24:41.075752253+03:00,heap_no_index,select,160000,"k in [a,b] (~N/50, cap 1000)",7.287
2025-09-08T18:24:41.083053068+03:00,heap_no_index,select,160000,"k in [a,b] (~N/50, cap 1000)",7.285
2025-09-08T18:24:41.089411214+03:00,heap_no_index,select,160000,"k in [a,b] (~N/50, cap 1000)",6.338
2025-09-08T18:24:41.096525339+03:00,heap_no_index,select,160000,"k in [a,b] (~N/50, cap 1000)",7.104
2025-09-08T18:24:41.102823001+03:00,heap_no_index,select,160000,"k in [a,b] (~N/50, cap 1000)",6.279
2025-09-08T18:24:41.10976238+03:00,heap_no_index,select,160000,"k in [a,b] (~N/50, cap 1000)",6.925
2025-09-08T18:24:41.11688726+03:00,heap_no_index,select,160000,"k in [a,b] (~N/50, cap 1000)",7.116
2025-09-08T18:24:41.123636177+03:00,heap_no_index,select,160000,"k in [a,b] (~N/50, cap 1000)",6.739
2025-09-08T18:24:41.130940554+03:00,heap_no_index,select,160000,"k in [a,b] (~N/50, cap 1000)",7.285
2025-09-08T18:24:41.137400182+03:00,heap_no_index,select,160000,"k in [a,b] (~N/50, cap 1000)",6.399
2025-09-08T18:24:41.144595744+03:00,heap_no_index,select,160000,"k in [a,b] (~N/50, cap 1000)",7.176
2025-09-08T18:24:41.151622216+03:00,heap_no_index,select,160000,"k in [a,b] (~N/50, cap 1000)",7.010
2025-09-08T18:24:41.158405845+03:00,heap_no_index,select,160000,"k in [a,b] (~N/50, cap 1000)",6.770
2025-09-08T18:24:41.164793883+03:00,heap_no_index,select,160000,"k in [a,b] (~N/50, cap 1000)",6.378
2025-09-08T18:24:41.171585474+03:00,heap_no_index,select,160000,"k in [a,b] (~N/50, cap 1000)",6.777
2025-09-08T18:24:41.178094271+03:00,heap_no_index,select,160000,"k in [a,b] (~N/50, cap 1000)",6.500
2025-09-08T18:24:41.184934263+03:00,heap_no_index,select,160000,"k in [a,b] (~N/50, cap 1000)",6.828
2025-09-08T18:24:41.191476026+03:00,heap_no_index,select,160000,"k in [a,b] (~N/50, cap 1000)",6.532
2025-09-08T18:24:41.19842155+03:00,heap_no_index,select,160000,"k in [a,b] (~N/50, cap 1000)",6.930
2025-09-08T18:24:41.204522116+03:00,heap_no_index,select,160000,"k in [a,b] (~N/50, cap 1000)",6.089
2025-09-08T18:24:41.211873707+03:00,heap_no_index,select,160000,"k in [a,b] (~N/50, cap 1000)",7.342
2025-09-08T18:24:41.219181925+03:00,heap_no_index,select,160000,"k in [a,b] (~N/50, cap 1000)",7.292
2025-09-08T18:24:41.226203439+03:00,heap_no_index,select,160000,"k in [a,b] (~N/50, cap 1000)",7.011
2025-09-08T18:24:41.233540502+03:00,heap_no_index,select,160000,"k in [a,b] (~N/50, cap 1000)",7.326
2025-09-08T18:24:41.240122215+03:00,heap_no_index,select,160000,"k in [a,b] (~N/50, cap 1000)",6.569
2025-09-08T18:24:41.246686188+03:00,heap_no_index,select,160000,"k in [a,b] (~N/50, cap 1000)",6.554
2025-09-08T18:24:41.253789487+03:00,heap_no_index,select,160000,"k in [a,b] (~N/50, cap 1000)",7.088
2025-09-08T18:24:41.260597771+03:00,heap_no_index,select,160000,"k in [a,b] (~N/50, cap 1000)",6.795
2025-09-08T18:24:41.267267835+03:00,heap_no_index,select,160000,"k in [a,b] (~N/50, cap 1000)",6.657
2025-09-08T18:24:41.275454537+03:00,heap_no_index,select,160000,"k in [a,b] (~N/50, cap 1000)",8.175
2025-09-08T18:24:41.283158206+03:00,heap_no_index,select,160000,"k in [a,b] (~N/50, cap 1000)",7.692
2025-09-08T18:24:41.290160792+03:00,heap_no_index,select,160000,"k in [a,b] (~N/50, cap 1000)",6.993
2025-09-08T18:24:41.296803128+03:00,heap_no_index,select,160000,"k in [a,b] (~N/50, cap 1000)",6.632
2025-09-08T18:24:41.304304113+03:00,heap_no_index,select,160000,"k in [a,b] (~N/50, cap 1000)",7.493
2025-09-08T18:24:41.31148424+03:00,heap_no_index,select,160000,"k in [a,b] (~N/50, cap 1000)",7.172
2025-09-08T18:24:41.318910982+03:00,heap_no_index,select,160000,"k in [a,b] (~N/50, cap 1000)",7.417
2025-09-08T18:24:41.325353079+03:00,heap_no_index,select,160000,"k in [a,b] (~N/50, cap 1000)",6.432
2025-09-08T18:24:41.332430397+03:00,heap_no_index,select,160000,"k in [a,b] (~N/50, cap 1000)",7.069
2025-09-08T18:24:41.339759289+03:00,heap_no_index,select,160000,"k in [a,b] (~N/50, cap 1000)",7.317
2025-09-08T18:24:41.34659069+03:00,heap_no_index,select,160000,"k in [a,b] (~N/50, cap 1000)",6.822
2025-09-08T18:24:41.353193286+03:00,heap_no_index,select,160000,"k in [a,b] (~N/50, cap 1000)",6.593
2025-09-08T18:24:41.360254679+03:00,heap_no_index,select,160000,"k in [a,b] (~N/50, cap 1000)",7.042
2025-09-08T18:24:41.367111154+03:00,heap_no_index,select,160000,"k in [a,b] (~N/50, cap 1000)",6.848
2025-09-08T18:24:41.374450383+03:00,heap_no_index,select,160000,"k in [a,b] (~N/50, cap 1000)",7.328
2025-09-08T18:24:41.381820133+03:00,heap_no_index,select,160000,"k in [a,b] (~N/50, cap 1000)",7.356
2025-09-08T18:24:41.388275081+03:00,heap_no_index,select,160000,"k in [a,b] (~N/50, cap 1000)",6.443
2025-09-08T18:24:41.39532537+03:00,heap_no_index,select,160000,"k in [a,b] (~N/50, cap 1000)",7.040
2025-09-08T18:24:41.402511503+03:00,heap_no_index,select,160000,"k in [a,b] (~N/50, cap 1000)",7.175
2025-09-08T18:24:41.409316783+03:00,heap_no_index,select,160000,"k in [a,b] (~N/50, cap 1000)",6.791
2025-09-08T18:24:41.416682342+03:00,heap_no_index,select,160000,"k in [a,b] (~N/50, cap 1000)",7.348
2025-09-08T18:24:41.423720758+03:00,heap_no_index,select,160000,"k in [a,b] (~N/50, cap 1000)",6.983
2025-09-08T18:24:41.430860585+03:00,heap_no_index,select,160000,"k in [a,b] (~N/50, cap 1000)",7.130
2025-09-08T18:24:41.437822732+03:00,heap_no_index,select,160000,"k in [a,b] (~N/50, cap 1000)",6.953
2025-09-08T18:24:41.444205812+03:00,heap_no_index,select,160000,"k in [a,b] (~N/50, cap 1000)",6.371
2025-09-08T18:24:41.4514078+03:00,heap_no_index,select,160000,"k in [a,b] (~N/50, cap 1000)",7.183
2025-09-08T18:24:41.458454945+03:00,heap_no_index,select,160000,"k in [a,b] (~N/50, cap 1000)",7.028
2025-09-08T18:24:41.465687035+03:00,heap_no_index,select,160000,"k in [a,b] (~N/50, cap 1000)",7.221
2025-09-08T18:24:41.473384348+03:00,heap_no_index,select,160000,"k in [a,b] (~N/50, cap 1000)",7.676
2025-09-08T18:24:41.480011319+03:00,heap_no_index,select,160000,"k in [a,b] (~N/50, cap 1000)",6.617
2025-09-08T18:24:41.486971371+03:00,heap_no_index,select,160000,"k in [a,b] (~N/50, cap 1000)",6.943
2025-09-08T18:24:41.493619155+03:00,heap_no_index,select,160000,"k in [a,b] (~N/50, cap 1000)",6.629
2025-09-08T18:24:41.501213311+03:00,heap_no_index,select,160000,"k in [a,b] (~N/50, cap 1000)",7.577
2025-09-08T18:24:41.508217992+03:00,heap_no_index,select,160000,"k in [a,b] (~N/50, cap 1000)",6.987
2025-09-08T18:24:41.515742165+03:00,heap_no_index,select,160000,"k in [a,b] (~N/50, cap 1000)",7.507
2025-09-08T18:24:41.523114848+03:00,heap_no_index,select,160000,"k in [a,b] (~N/50, cap 1000)",7.362
2025-09-08T18:24:41.530402533+03:00,heap_no_index,select,160000,"k in [a,b] (~N/50, cap 1000)",7.274
2025-09-08T18:24:41.537581961+03:00,heap_no_index,select,160000,"k in [a,b] (~N/50, cap 1000)",7.165
2025-09-08T18:24:41.544397298+03:00,heap_no_index,select,160000,"k in [a,b] (~N/50, cap 1000)",6.807
2025-09-08T18:24:44.418745217+03:00,heap_no_index,delete,160000,k%7=0,704.822
2025-09-08T18:24:45.153878527+03:00,heap_no_index,delete,160000,k%7=0,735.119
2025-09-08T18:24:45.981865419+03:00,heap_no_index,delete,160000,k%7=0,827.969
2025-09-08T18:24:46.719328893+03:00,heap_no_index,delete,160000,k%7=0,737.447
2025-09-08T18:24:47.432883823+03:00,heap_no_index,delete,160000,k%7=0,713.229
2025-09-08T18:24:48.150451365+03:00,heap_no_index,delete,160000,k%7=0,717.555
2025-09-08T18:24:48.863810802+03:00,heap_no_index,delete,160000,k%7=0,713.346
2025-09-08T18:24:49.576068116+03:00,heap_no_index,delete,160000,k%7=0,712.244
2025-09-08T18:24:50.290849201+03:00,heap_no_index,delete,160000,k%7=0,714.768
2025-09-08T18:24:51.001982881+03:00,heap_no_index,delete,160000,k%7=0,711.119
2025-09-08T18:24:51.715372413+03:00,heap_no_index,delete,160000,k%7=0,713.375
2025-09-08T18:24:52.432108115+03:00,heap_no_index,delete,160000,k%7=0,716.707
2025-09-08T18:24:53.162392634+03:00,heap_no_index,delete,160000,k%7=0,730.271
2025-09-08T18:24:53.880226333+03:00,heap_no_index,delete,160000,k%7=0,717.820
2025-09-08T18:24:54.597213395+03:00,heap_no_index,delete,160000,k%7=0,716.955
2025-09-08T18:24:55.309268431+03:00,heap_no_index,delete,160000,k%7=0,712.036
2025-09-08T18:24:56.022574491+03:00,heap_no_index,delete,160000,k%7=0,713.293
2025-09-08T18:24:56.735752317+03:00,heap_no_index,delete,160000,k%7=0,713.164
2025-09-08T18:24:57.482683175+03:00,heap_no_index,delete,160000,k%7=0,746.913
2025-09-08T18:24:58.187407008+03:00,heap_no_index,delete,160000,k%7=0,704.706
2025-09-08T18:24:58.898590746+03:00,heap_no_index,delete,160000,k%7=0,711.168
2025-09-08T18:24:59.610583612+03:00,heap_no_index,delete,160000,k%7=0,711.979
2025-09-08T18:25:00.32053902+03:00,heap_no_index,delete,160000,k%7=0,709.943
2025-09-08T18:25:01.173515229+03:00,heap_no_index,delete,160000,k%7=0,852.961
2025-09-08T18:25:01.89575327+03:00,heap_no_index,delete,160000,k%7=0,722.221
2025-09-08T18:25:02.628789645+03:00,heap_no_index,delete,160000,k%7=0,733.002
2025-09-08T18:25:03.334940984+03:00,heap_no_index,delete,160000,k%7=0,706.134
2025-09-08T18:25:04.053624018+03:00,heap_no_index,delete,160000,k%7=0,718.663
2025-09-08T18:25:04.769492033+03:00,heap_no_index,delete,160000,k%7=0,715.851
2025-09-08T18:25:05.481372229+03:00,heap_no_index,delete,160000,k%7=0,711.859
2025-09-08T18:25:06.199333222+03:00,heap_no_index,delete,160000,k%7=0,717.921
2025-09-08T18:25:06.92542986+03:00,heap_no_index,delete,160000,k%7=0,726.081
2025-09-08T18:25:07.644099755+03:00,heap_no_index,delete,160000,k%7=0,718.646
2025-09-08T18:25:08.352014825+03:00,heap_no_index,delete,160000,k%7=0,707.899
2025-09-08T18:25:09.061821936+03:00,heap_no_index,delete,160000,k%7=0,709.789
2025-09-08T18:25:09.808005865+03:00,heap_no_index,delete,160000,k%7=0,746.169
2025-09-08T18:25:10.522028548+03:00,heap_no_index,delete,160000,k%7=0,714.009
2025-09-08T18:25:11.236767888+03:00,heap_no_index,delete,160000,k%7=0,714.724
2025-09-08T18:25:11.953509481+03:00,heap_no_index,delete,160000,k%7=0,716.726
2025-09-08T18:25:12.663836145+03:00,heap_no_index,delete,160000,k%7=0,710.315
2025-09-08T18:25:13.373349767+03:00,heap_no_index,delete,160000,k%7=0,709.500
2025-09-08T18:25:14.083512996+03:00,heap_no_index,delete,160000,k%7=0,710.148
2025-09-08T18:25:14.803999208+03:00,heap_no_index,delete,160000,k%7=0,720.468
2025-09-08T18:25:15.526545364+03:00,heap_no_index,delete,160000,k%7=0,722.530
2025-09-08T18:25:16.229875092+03:00,heap_no_index,delete,160000,k%7=0,703.312
2025-09-08T18:25:17.068844899+03:00,heap_no_index,delete,160000,k%7=0,838.954
2025-09-08T18:25:17.788586859+03:00,heap_no_index,delete,160000,k%7=0,719.727
2025-09-08T18:25:18.528079819+03:00,heap_no_index,delete,160000,k%7=0,739.475
2025-09-08T18:25:19.247023123+03:00,heap_no_index,delete,160000,k%7=0,718.925
2025-09-08T18:25:19.968041456+03:00,heap_no_index,delete,160000,k%7=0,720.985
2025-09-08T18:25:20.686359802+03:00,heap_no_index,delete,160000,k%7=0,718.303
2025-09-08T18:25:21.404128063+03:00,heap_no_index,delete,160000,k%7=0,717.753
2025-09-08T18:25:22.116327124+03:00,heap_no_index,delete,160000,k%7=0,712.180
2025-09-08T18:25:22.840173877+03:00,heap_no_index,delete,160000,k%7=0,723.786
2025-09-08T18:25:23.57774049+03:00,heap_no_index,delete,160000,k%7=0,737.550
2025-09-08T18:25:24.299675431+03:00,heap_no_index,delete,160000,k%7=0,721.919
2025-09-08T18:25:25.009563175+03:00,heap_no_index,delete,160000,k%7=0,709.873
2025-09-08T18:25:25.722306652+03:00,heap_no_index,delete,160000,k%7=0,712.721
2025-09-08T18:25:26.442122835+03:00,heap_no_index,delete,160000,k%7=0,719.786
2025-09-08T18:25:27.15370559+03:00,heap_no_index,delete,160000,k%7=0,711.564
2025-09-08T18:25:27.863305994+03:00,heap_no_index,delete,160000,k%7=0,709.581
2025-09-08T18:25:28.569290981+03:00,heap_no_index,delete,160000,k%7=0,705.970
2025-09-08T18:25:29.271788572+03:00,heap_no_index,delete,160000,k%7=0,702.479
2025-09-08T18:25:29.976448009+03:00,heap_no_index,delete,160000,k%7=0,704.643
2025-09-08T18:25:30.685316034+03:00,heap_no_index,delete,160000,k%7=0,708.855
2025-09-08T18:25:31.407596192+03:00,heap_no_index,delete,160000,k%7=0,722.267
2025-09-08T18:25:32.122367822+03:00,heap_no_index,delete,160000,k%7=0,714.759
2025-09-08T18:25:32.983609428+03:00,heap_no_index,delete,160000,k%7=0,861.216
2025-09-08T18:25:33.699372334+03:00,heap_no_index,delete,160000,k%7=0,715.746
2025-09-08T18:25:34.423974062+03:00,heap_no_index,delete,160000,k%7=0,724.568
2025-09-08T18:25:35.141239076+03:00,heap_no_index,delete,160000,k%7=0,717.250
2025-09-08T18:25:35.865917348+03:00,heap_no_index,delete,160000,k%7=0,724.662
2025-09-08T18:25:36.585429552+03:00,heap_no_index,delete,160000,k%7=0,719.498
2025-09-08T18:25:37.30985988+03:00,heap_no_index,delete,160000,k%7=0,724.411
2025-09-08T18:25:38.03651037+03:00,heap_no_index,delete,160000,k%7=0,726.637
2025-09-08T18:25:38.744666051+03:00,heap_no_index,delete,160000,k%7=0,708.142
2025-09-08T18:25:39.454736262+03:00,heap_no_index,delete,160000,k%7=0,710.053
2025-09-08T18:25:40.168170663+03:00,heap_no_index,delete,160000,k%7=0,713.422
2025-09-08T18:25:40.876417554+03:00,heap_no_index,delete,160000,k%7=0,708.232
2025-09-08T18:25:41.592622339+03:00,heap_no_index,delete,160000,k%7=0,716.191
2025-09-08T18:25:42.304215538+03:00,heap_no_index,delete,160000,k%7=0,711.580
2025-09-08T18:25:43.016528187+03:00,heap_no_index,delete,160000,k%7=0,712.297
2025-09-08T18:25:43.733868611+03:00,heap_no_index,delete,160000,k%7=0,717.322
2025-09-08T18:25:44.445082279+03:00,heap_no_index,delete,160000,k%7=0,711.193
2025-09-08T18:25:45.157386123+03:00,heap_no_index,delete,160000,k%7=0,712.274
2025-09-08T18:25:45.882642533+03:00,heap_no_index,delete,160000,k%7=0,725.239
2025-09-08T18:25:46.595988429+03:00,heap_no_index,delete,160000,k%7=0,713.326
2025-09-08T18:25:47.317817507+03:00,heap_no_index,delete,160000,k%7=0,721.816
2025-09-08T18:25:48.03889717+03:00,heap_no_index,delete,160000,k%7=0,721.067
2025-09-08T18:25:48.878197321+03:00,heap_no_index,delete,160000,k%7=0,839.285
2025-09-08T18:25:49.60091724+03:00,heap_no_index,delete,160000,k%7=0,722.702
2025-09-08T18:25:50.334576574+03:00,heap_no_index,delete,160000,k%7=0,733.645
2025-09-08T18:25:51.036000005+03:00,heap_no_index,delete,160000,k%7=0,701.411
2025-09-08T18:25:51.746550779+03:00,heap_no_index,delete,160000,k%7=0,710.525
2025-09-08T18:25:52.453671779+03:00,heap_no_index,delete,160000,k%7=0,707.106
2025-09-08T18:25:53.167502231+03:00,heap_no_index,delete,160000,k%7=0,713.812
2025-09-08T18:25:53.890357426+03:00,heap_no_index,delete,160000,k%7=0,722.842
2025-09-08T18:25:54.595113332+03:00,heap_no_index,delete,160000,k%7=0,704.726
2025-09-08T18:25:55.405399068+03:00,heap_no_index,delete,160000,k%7=0,810.269
2025-09-08T18:25:56.156949475+03:00,heap_no_index,delete,160000,k%7=0,751.532
2025-09-08T18:25:59.440808284+03:00,heap_no_index,insert,190000,bulk=190000,813.266
2025-09-08T18:26:00.263137991+03:00,heap_no_index,insert,190000,bulk=190000,822.318
2025-09-08T18:26:01.089978216+03:00,heap_no_index,insert,190000,bulk=190000,826.829
2025-09-08T18:26:01.910065404+03:00,heap_no_index,insert,190000,bulk=190000,820.076
2025-09-08T18:26:02.723258332+03:00,heap_no_index,insert,190000,bulk=190000,813.183
2025-09-08T18:26:03.544786164+03:00,heap_no_index,insert,190000,bulk=190000,821.516
2025-09-08T18:26:04.374519552+03:00,heap_no_index,insert,190000,bulk=190000,829.722
2025-09-08T18:26:05.196648658+03:00,heap_no_index,insert,190000,bulk=190000,822.111
2025-09-08T18:26:06.034873117+03:00,heap_no_index,insert,190000,bulk=190000,838.213
2025-09-08T18:26:06.856948719+03:00,heap_no_index,insert,190000,bulk=190000,822.064
2025-09-08T18:26:07.678953778+03:00,heap_no_index,insert,190000,bulk=190000,821.990
2025-09-08T18:26:08.486685819+03:00,heap_no_index,insert,190000,bulk=190000,807.721
2025-09-08T18:26:09.30485294+03:00,heap_no_index,insert,190000,bulk=190000,818.153
2025-09-08T18:26:10.120330061+03:00,heap_no_index,insert,190000,bulk=190000,815.462
2025-09-08T18:26:10.933923239+03:00,heap_no_index,insert,190000,bulk=190000,813.579
2025-09-08T18:26:11.744330952+03:00,heap_no_index,insert,190000,bulk=190000,810.391
2025-09-08T18:26:12.559254702+03:00,heap_no_index,insert,190000,bulk=190000,814.911
2025-09-08T18:26:13.390824028+03:00,heap_no_index,insert,190000,bulk=190000,831.557
2025-09-08T18:26:14.215734255+03:00,heap_no_index,insert,190000,bulk=190000,824.898
2025-09-08T18:26:15.044776383+03:00,heap_no_index,insert,190000,bulk=190000,829.030
2025-09-08T18:26:15.859640131+03:00,heap_no_index,insert,190000,bulk=190000,814.852
2025-09-08T18:26:16.673736094+03:00,heap_no_index,insert,190000,bulk=190000,814.084
2025-09-08T18:26:17.48830559+03:00,heap_no_index,insert,190000,bulk=190000,814.554
2025-09-08T18:26:18.341081428+03:00,heap_no_index,insert,190000,bulk=190000,852.764
2025-09-08T18:26:19.163168246+03:00,heap_no_index,insert,190000,bulk=190000,822.075
2025-09-08T18:26:19.98323835+03:00,heap_no_index,insert,190000,bulk=190000,820.058
2025-09-08T18:26:20.923718225+03:00,heap_no_index,insert,190000,bulk=190000,940.466
2025-09-08T18:26:21.749520677+03:00,heap_no_index,insert,190000,bulk=190000,825.791
2025-09-08T18:26:22.567074546+03:00,heap_no_index,insert,190000,bulk=190000,817.543
2025-09-08T18:26:23.402765904+03:00,heap_no_index,insert,190000,bulk=190000,835.678
2025-09-08T18:26:24.221287721+03:00,heap_no_index,insert,190000,bulk=190000,818.501
2025-09-08T18:26:25.038285916+03:00,heap_no_index,insert,190000,bulk=190000,816.986
2025-09-08T18:26:25.853508004+03:00,heap_no_index,insert,190000,bulk=190000,815.207
2025-09-08T18:26:26.680702831+03:00,heap_no_index,insert,190000,bulk=190000,827.184
2025-09-08T18:26:27.514268372+03:00,heap_no_index,insert,190000,bulk=190000,833.554
2025-09-08T18:26:28.331837314+03:00,heap_no_index,insert,190000,bulk=190000,817.554
2025-09-08T18:26:29.1542706+03:00,heap_no_index,insert,190000,bulk=190000,822.421
2025-09-08T18:26:29.967264134+03:00,heap_no_index,insert,190000,bulk=190000,812.981
2025-09-08T18:26:30.783403178+03:00,heap_no_index,insert,190000,bulk=190000,816.127
2025-09-08T18:26:31.60219548+03:00,heap_no_index,insert,190000,bulk=190000,818.779
2025-09-08T18:26:32.45188919+03:00,heap_no_index,insert,190000,bulk=190000,849.681
2025-09-08T18:26:33.266030863+03:00,heap_no_index,insert,190000,bulk=190000,814.129
2025-09-08T18:26:34.082176395+03:00,heap_no_index,insert,190000,bulk=190000,816.135
2025-09-08T18:26:34.917736212+03:00,heap_no_index,insert,190000,bulk=190000,835.546
2025-09-08T18:26:35.733056826+03:00,heap_no_index,insert,190000,bulk=190000,815.309
2025-09-08T18:26:36.685908972+03:00,heap_no_index,insert,190000,bulk=190000,952.836
2025-09-08T18:26:37.499739345+03:00,heap_no_index,insert,190000,bulk=190000,813.818
2025-09-08T18:26:38.35081146+03:00,heap_no_index,insert,190000,bulk=190000,851.058
2025-09-08T18:26:39.169269059+03:00,heap_no_index,insert,190000,bulk=190000,818.446
2025-09-08T18:26:39.998934687+03:00,heap_no_index,insert,190000,bulk=190000,829.625
2025-09-08T18:26:40.809862454+03:00,heap_no_index,insert,190000,bulk=190000,810.916
2025-09-08T18:26:41.628460431+03:00,heap_no_index,insert,190000,bulk=190000,818.584
2025-09-08T18:26:42.459335103+03:00,heap_no_index,insert,190000,bulk=190000,830.860
2025-09-08T18:26:43.29167759+03:00,heap_no_index,insert,190000,bulk=190000,832.331
2025-09-08T18:26:44.120193595+03:00,heap_no_index,insert,190000,bulk=190000,828.504
2025-09-08T18:26:44.946256857+03:00,heap_no_index,insert,190000,bulk=190000,826.048
2025-09-08T18:26:45.789488257+03:00,heap_no_index,insert,190000,bulk=190000,843.218
2025-09-08T18:26:46.61462526+03:00,heap_no_index,insert,190000,bulk=190000,825.122
2025-09-08T18:26:47.424541269+03:00,heap_no_index,insert,190000,bulk=190000,809.903
2025-09-08T18:26:48.254963416+03:00,heap_no_index,insert,190000,bulk=190000,830.409
2025-09-08T18:26:49.071171076+03:00,heap_no_index,insert,190000,bulk=190000,816.196
2025-09-08T18:26:49.877453855+03:00,heap_no_index,insert,190000,bulk=190000,806.270
2025-09-08T18:26:50.701566953+03:00,heap_no_index,insert,190000,bulk=190000,824.101
2025-09-08T18:26:51.523809378+03:00,heap_no_index,insert,190000,bulk=190000,822.231
2025-09-08T18:26:52.336085297+03:00,heap_no_index,insert,190000,bulk=190000,812.259
2025-09-08T18:26:53.286166525+03:00,heap_no_index,insert,190000,bulk=190000,950.070
2025-09-08T18:26:54.119765182+03:00,heap_no_index,insert,190000,bulk=190000,833.587
2025-09-08T18:26:54.944331131+03:00,heap_no_index,insert,190000,bulk=190000,824.552
2025-09-08T18:26:55.763977558+03:00,heap_no_index,insert,190000,bulk=190000,819.635
2025-09-08T18:26:56.587288847+03:00,heap_no_index,insert,190000,bulk=190000,823.298
2025-09-08T18:26:57.404112712+03:00,heap_no_index,insert,190000,bulk=190000,816.813
2025-09-08T18:26:58.223750333+03:00,heap_no_index,insert,190000,bulk=190000,819.624
2025-09-08T18:26:59.047074678+03:00,heap_no_index,insert,190000,bulk=190000,823.310
2025-09-08T18:26:59.910956061+03:00,heap_no_index,insert,190000,bulk=190000,863.866
2025-09-08T18:27:00.740039433+03:00,heap_no_index,insert,190000,bulk=190000,829.069
2025-09-08T18:27:01.558122276+03:00,heap_no_index,insert,190000,bulk=190000,818.070
2025-09-08T18:27:02.373269762+03:00,heap_no_index,insert,190000,bulk=190000,815.135
2025-09-08T18:27:03.181771142+03:00,heap_no_index,insert,190000,bulk=190000,808.489
2025-09-08T18:27:04.018336002+03:00,heap_no_index,insert,190000,bulk=190000,836.553
2025-09-08T18:27:04.854483061+03:00,heap_no_index,insert,190000,bulk=190000,836.134
2025-09-08T18:27:05.68433176+03:00,heap_no_index,insert,190000,bulk=190000,829.837
2025-09-08T18:27:06.511978522+03:00,heap_no_index,insert,190000,bulk=190000,827.634
2025-09-08T18:27:07.327484781+03:00,heap_no_index,insert,190000,bulk=190000,815.495
2025-09-08T18:27:08.150979802+03:00,heap_no_index,insert,190000,bulk=190000,823.484
2025-09-08T18:27:09.123007567+03:00,heap_no_index,insert,190000,bulk=190000,972.013
2025-09-08T18:27:09.943709639+03:00,heap_no_index,insert,190000,bulk=190000,820.690
2025-09-08T18:27:10.774822483+03:00,heap_no_index,insert,190000,bulk=190000,831.100
2025-09-08T18:27:11.593568043+03:00,heap_no_index,insert,190000,bulk=190000,818.732
2025-09-08T18:27:12.430244285+03:00,heap_no_index,insert,190000,bulk=190000,836.663
2025-09-08T18:27:13.270372508+03:00,heap_no_index,insert,190000,bulk=190000,840.116
2025-09-08T18:27:14.078212593+03:00,heap_no_index,insert,190000,bulk=190000,807.819
2025-09-08T18:27:14.89394792+03:00,heap_no_index,insert,190000,bulk=190000,815.723
2025-09-08T18:27:15.710617254+03:00,heap_no_index,insert,190000,bulk=190000,816.653
2025-09-08T18:27:16.541734835+03:00,heap_no_index,insert,190000,bulk=190000,831.100
2025-09-08T18:27:17.36670373+03:00,heap_no_index,insert,190000,bulk=190000,824.949
2025-09-08T18:27:18.20323308+03:00,heap_no_index,insert,190000,bulk=190000,836.519
2025-09-08T18:27:19.010570496+03:00,heap_no_index,insert,190000,bulk=190000,807.324
2025-09-08T18:27:19.823986332+03:00,heap_no_index,insert,190000,bulk=190000,813.403
2025-09-08T18:27:20.657014875+03:00,heap_no_index,insert,190000,bulk=190000,832.991
2025-09-08T18:27:21.486798168+03:00,heap_no_index,insert,190000,bulk=190000,829.766
2025-09-08T18:27:22.351983677+03:00,heap_no_index,select,190000,"k in [a,b] (~N/50, cap 1000)",8.090
2025-09-08T18:27:22.360295115+03:00,heap_no_index,select,190000,"k in [a,b] (~N/50, cap 1000)",8.295
2025-09-08T18:27:22.368072115+03:00,heap_no_index,select,190000,"k in [a,b] (~N/50, cap 1000)",7.763
2025-09-08T18:27:22.375926152+03:00,heap_no_index,select,190000,"k in [a,b] (~N/50, cap 1000)",7.837
2025-09-08T18:27:22.383603137+03:00,heap_no_index,select,190000,"k in [a,b] (~N/50, cap 1000)",7.665
2025-09-08T18:27:22.391410379+03:00,heap_no_index,select,190000,"k in [a,b] (~N/50, cap 1000)",7.795
2025-09-08T18:27:22.399534568+03:00,heap_no_index,select,190000,"k in [a,b] (~N/50, cap 1000)",8.113
2025-09-08T18:27:22.407477096+03:00,heap_no_index,select,190000,"k in [a,b] (~N/50, cap 1000)",7.930
2025-09-08T18:27:22.415332739+03:00,heap_no_index,select,190000,"k in [a,b] (~N/50, cap 1000)",7.845
2025-09-08T18:27:22.42317588+03:00,heap_no_index,select,190000,"k in [a,b] (~N/50, cap 1000)",7.831
2025-09-08T18:27:22.431201451+03:00,heap_no_index,select,190000,"k in [a,b] (~N/50, cap 1000)",8.015
2025-09-08T18:27:22.43942775+03:00,heap_no_index,select,190000,"k in [a,b] (~N/50, cap 1000)",8.214
2025-09-08T18:27:22.447474065+03:00,heap_no_index,select,190000,"k in [a,b] (~N/50, cap 1000)",8.035
2025-09-08T18:27:22.455809598+03:00,heap_no_index,select,190000,"k in [a,b] (~N/50, cap 1000)",8.324
2025-09-08T18:27:22.464219235+03:00,heap_no_index,select,190000,"k in [a,b] (~N/50, cap 1000)",8.398
2025-09-08T18:27:22.472186976+03:00,heap_no_index,select,190000,"k in [a,b] (~N/50, cap 1000)",7.956
2025-09-08T18:27:22.48026451+03:00,heap_no_index,select,190000,"k in [a,b] (~N/50, cap 1000)",8.067
2025-09-08T18:27:22.487475573+03:00,heap_no_index,select,190000,"k in [a,b] (~N/50, cap 1000)",7.200
2025-09-08T18:27:22.495293431+03:00,heap_no_index,select,190000,"k in [a,b] (~N/50, cap 1000)",7.807
2025-09-08T18:27:22.503039771+03:00,heap_no_index,select,190000,"k in [a,b] (~N/50, cap 1000)",7.733
2025-09-08T18:27:22.51109286+03:00,heap_no_index,select,190000,"k in [a,b] (~N/50, cap 1000)",8.042
2025-09-08T18:27:22.519155796+03:00,heap_no_index,select,190000,"k in [a,b] (~N/50, cap 1000)",8.053
2025-09-08T18:27:22.526579462+03:00,heap_no_index,select,190000,"k in [a,b] (~N/50, cap 1000)",7.412
2025-09-08T18:27:22.534145047+03:00,heap_no_index,select,190000,"k in [a,b] (~N/50, cap 1000)",7.550
2025-09-08T18:27:22.542043854+03:00,heap_no_index,select,190000,"k in [a,b] (~N/50, cap 1000)",7.885
2025-09-08T18:27:22.550092612+03:00,heap_no_index,select,190000,"k in [a,b] (~N/50, cap 1000)",8.027
2025-09-08T18:27:22.55791068+03:00,heap_no_index,select,190000,"k in [a,b] (~N/50, cap 1000)",7.807
2025-09-08T18:27:22.566008957+03:00,heap_no_index,select,190000,"k in [a,b] (~N/50, cap 1000)",8.087
2025-09-08T18:27:22.57442474+03:00,heap_no_index,select,190000,"k in [a,b] (~N/50, cap 1000)",8.403
2025-09-08T18:27:22.582301546+03:00,heap_no_index,select,190000,"k in [a,b] (~N/50, cap 1000)",7.865
2025-09-08T18:27:22.589835632+03:00,heap_no_index,select,190000,"k in [a,b] (~N/50, cap 1000)",7.522
2025-09-08T18:27:22.597977841+03:00,heap_no_index,select,190000,"k in [a,b] (~N/50, cap 1000)",8.131
2025-09-08T18:27:22.605641346+03:00,heap_no_index,select,190000,"k in [a,b] (~N/50, cap 1000)",7.651
2025-09-08T18:27:22.613925056+03:00,heap_no_index,select,190000,"k in [a,b] (~N/50, cap 1000)",8.272
2025-09-08T18:27:22.621355287+03:00,heap_no_index,select,190000,"k in [a,b] (~N/50, cap 1000)",7.417
2025-09-08T18:27:22.629368984+03:00,heap_no_index,select,190000,"k in [a,b] (~N/50, cap 1000)",8.002
2025-09-08T18:27:22.636735099+03:00,heap_no_index,select,190000,"k in [a,b] (~N/50, cap 1000)",7.344
2025-09-08T18:27:22.644139558+03:00,heap_no_index,select,190000,"k in [a,b] (~N/50, cap 1000)",7.394
2025-09-08T18:27:22.651443093+03:00,heap_no_index,select,190000,"k in [a,b] (~N/50, cap 1000)",7.292
2025-09-08T18:27:22.658999879+03:00,heap_no_index,select,190000,"k in [a,b] (~N/50, cap 1000)",7.543
2025-09-08T18:27:22.666266118+03:00,heap_no_index,select,190000,"k in [a,b] (~N/50, cap 1000)",7.253
2025-09-08T18:27:22.673940659+03:00,heap_no_index,select,190000,"k in [a,b] (~N/50, cap 1000)",7.629
2025-09-08T18:27:22.681554646+03:00,heap_no_index,select,190000,"k in [a,b] (~N/50, cap 1000)",7.603
2025-09-08T18:27:22.689479015+03:00,heap_no_index,select,190000,"k in [a,b] (~N/50, cap 1000)",7.914
2025-09-08T18:27:22.697171226+03:00,heap_no_index,select,190000,"k in [a,b] (~N/50, cap 1000)",7.681
2025-09-08T18:27:22.704798692+03:00,heap_no_index,select,190000,"k in [a,b] (~N/50, cap 1000)",7.617
2025-09-08T18:27:22.712668723+03:00,heap_no_index,select,190000,"k in [a,b] (~N/50, cap 1000)",7.860
2025-09-08T18:27:22.720602381+03:00,heap_no_index,select,190000,"k in [a,b] (~N/50, cap 1000)",7.923
2025-09-08T18:27:22.727840753+03:00,heap_no_index,select,190000,"k in [a,b] (~N/50, cap 1000)",7.227
2025-09-08T18:27:22.735671951+03:00,heap_no_index,select,190000,"k in [a,b] (~N/50, cap 1000)",7.821
2025-09-08T18:27:22.743600021+03:00,heap_no_index,select,190000,"k in [a,b] (~N/50, cap 1000)",7.916
2025-09-08T18:27:22.750981292+03:00,heap_no_index,select,190000,"k in [a,b] (~N/50, cap 1000)",7.370
2025-09-08T18:27:22.758975015+03:00,heap_no_index,select,190000,"k in [a,b] (~N/50, cap 1000)",7.984
2025-09-08T18:27:22.766682312+03:00,heap_no_index,select,190000,"k in [a,b] (~N/50, cap 1000)",7.697
2025-09-08T18:27:22.774262425+03:00,heap_no_index,select,190000,"k in [a,b] (~N/50, cap 1000)",7.570
2025-09-08T18:27:22.782914346+03:00,heap_no_index,select,190000,"k in [a,b] (~N/50, cap 1000)",8.641
2025-09-08T18:27:22.790405689+03:00,heap_no_index,select,190000,"k in [a,b] (~N/50, cap 1000)",7.479
2025-09-08T18:27:22.798105653+03:00,heap_no_index,select,190000,"k in [a,b] (~N/50, cap 1000)",7.689
2025-09-08T18:27:22.805770835+03:00,heap_no_index,select,190000,"k in [a,b] (~N/50, cap 1000)",7.654
2025-09-08T18:27:22.813024293+03:00,heap_no_index,select,190000,"k in [a,b] (~N/50, cap 1000)",7.244
2025-09-08T18:27:22.820760924+03:00,heap_no_index,select,190000,"k in [a,b] (~N/50, cap 1000)",7.725
2025-09-08T18:27:22.828537086+03:00,heap_no_index,select,190000,"k in [a,b] (~N/50, cap 1000)",7.764
2025-09-08T18:27:22.836078506+03:00,heap_no_index,select,190000,"k in [a,b] (~N/50, cap 1000)",7.530
2025-09-08T18:27:22.84375626+03:00,heap_no_index,select,190000,"k in [a,b] (~N/50, cap 1000)",7.667
2025-09-08T18:27:22.851335465+03:00,heap_no_index,select,190000,"k in [a,b] (~N/50, cap 1000)",7.567
2025-09-08T18:27:22.859169038+03:00,heap_no_index,select,190000,"k in [a,b] (~N/50, cap 1000)",7.822
2025-09-08T18:27:22.866944013+03:00,heap_no_index,select,190000,"k in [a,b] (~N/50, cap 1000)",7.763
2025-09-08T18:27:22.874634198+03:00,heap_no_index,select,190000,"k in [a,b] (~N/50, cap 1000)",7.679
2025-09-08T18:27:22.882431592+03:00,heap_no_index,select,190000,"k in [a,b] (~N/50, cap 1000)",7.786
2025-09-08T18:27:22.890155512+03:00,heap_no_index,select,190000,"k in [a,b] (~N/50, cap 1000)",7.713
2025-09-08T18:27:22.897834872+03:00,heap_no_index,select,190000,"k in [a,b] (~N/50, cap 1000)",7.668
2025-09-08T18:27:22.905850106+03:00,heap_no_index,select,190000,"k in [a,b] (~N/50, cap 1000)",8.004
2025-09-08T18:27:22.913836914+03:00,heap_no_index,select,190000,"k in [a,b] (~N/50, cap 1000)",7.976
2025-09-08T18:27:22.921671255+03:00,heap_no_index,select,190000,"k in [a,b] (~N/50, cap 1000)",7.822
2025-09-08T18:27:22.929451189+03:00,heap_no_index,select,190000,"k in [a,b] (~N/50, cap 1000)",7.768
2025-09-08T18:27:22.937310464+03:00,heap_no_index,select,190000,"k in [a,b] (~N/50, cap 1000)",7.847
2025-09-08T18:27:22.945023488+03:00,heap_no_index,select,190000,"k in [a,b] (~N/50, cap 1000)",7.702
2025-09-08T18:27:22.952419915+03:00,heap_no_index,select,190000,"k in [a,b] (~N/50, cap 1000)",7.386
2025-09-08T18:27:22.96043885+03:00,heap_no_index,select,190000,"k in [a,b] (~N/50, cap 1000)",8.009
2025-09-08T18:27:22.968178135+03:00,heap_no_index,select,190000,"k in [a,b] (~N/50, cap 1000)",7.727
2025-09-08T18:27:22.975651459+03:00,heap_no_index,select,190000,"k in [a,b] (~N/50, cap 1000)",7.464
2025-09-08T18:27:22.983425316+03:00,heap_no_index,select,190000,"k in [a,b] (~N/50, cap 1000)",7.763
2025-09-08T18:27:22.991109425+03:00,heap_no_index,select,190000,"k in [a,b] (~N/50, cap 1000)",7.645
2025-09-08T18:27:22.999249329+03:00,heap_no_index,select,190000,"k in [a,b] (~N/50, cap 1000)",8.129
2025-09-08T18:27:23.007691303+03:00,heap_no_index,select,190000,"k in [a,b] (~N/50, cap 1000)",8.432
2025-09-08T18:27:23.015743623+03:00,heap_no_index,select,190000,"k in [a,b] (~N/50, cap 1000)",8.040
2025-09-08T18:27:23.023849444+03:00,heap_no_index,select,190000,"k in [a,b] (~N/50, cap 1000)",8.096
2025-09-08T18:27:23.031726948+03:00,heap_no_index,select,190000,"k in [a,b] (~N/50, cap 1000)",7.864
2025-09-08T18:27:23.039863429+03:00,heap_no_index,select,190000,"k in [a,b] (~N/50, cap 1000)",8.119
2025-09-08T18:27:23.04769344+03:00,heap_no_index,select,190000,"k in [a,b] (~N/50, cap 1000)",7.817
2025-09-08T18:27:23.055732909+03:00,heap_no_index,select,190000,"k in [a,b] (~N/50, cap 1000)",8.029
2025-09-08T18:27:23.063764137+03:00,heap_no_index,select,190000,"k in [a,b] (~N/50, cap 1000)",8.020
2025-09-08T18:27:23.071694792+03:00,heap_no_index,select,190000,"k in [a,b] (~N/50, cap 1000)",7.921
2025-09-08T18:27:23.079149467+03:00,heap_no_index,select,190000,"k in [a,b] (~N/50, cap 1000)",7.443
2025-09-08T18:27:23.086937922+03:00,heap_no_index,select,190000,"k in [a,b] (~N/50, cap 1000)",7.777
2025-09-08T18:27:23.094476129+03:00,heap_no_index,select,190000,"k in [a,b] (~N/50, cap 1000)",7.518
2025-09-08T18:27:23.102128809+03:00,heap_no_index,select,190000,"k in [a,b] (~N/50, cap 1000)",7.643
2025-09-08T18:27:23.110037812+03:00,heap_no_index,select,190000,"k in [a,b] (~N/50, cap 1000)",7.897
2025-09-08T18:27:23.118106476+03:00,heap_no_index,select,190000,"k in [a,b] (~N/50, cap 1000)",8.059
2025-09-08T18:27:23.126176956+03:00,heap_no_index,select,190000,"k in [a,b] (~N/50, cap 1000)",8.059
2025-09-08T18:27:26.62770069+03:00,heap_no_index,delete,190000,k%7=0,939.428
2025-09-08T18:27:27.511520956+03:00,heap_no_index,delete,190000,k%7=0,883.804
2025-09-08T18:27:28.353019464+03:00,heap_no_index,delete,190000,k%7=0,841.485
2025-09-08T18:27:29.187776669+03:00,heap_no_index,delete,190000,k%7=0,834.743
2025-09-08T18:27:30.025819908+03:00,heap_no_index,delete,190000,k%7=0,838.027
2025-09-08T18:27:30.88046807+03:00,heap_no_index,delete,190000,k%7=0,854.627
2025-09-08T18:27:31.73180142+03:00,heap_no_index,delete,190000,k%7=0,851.319
2025-09-08T18:27:32.573459579+03:00,heap_no_index,delete,190000,k%7=0,841.643
2025-09-08T18:27:33.41173001+03:00,heap_no_index,delete,190000,k%7=0,838.255
2025-09-08T18:27:34.249804041+03:00,heap_no_index,delete,190000,k%7=0,838.052
2025-09-08T18:27:35.08540263+03:00,heap_no_index,delete,190000,k%7=0,835.584
2025-09-08T18:27:35.933470819+03:00,heap_no_index,delete,190000,k%7=0,848.048
2025-09-08T18:27:36.780015803+03:00,heap_no_index,delete,190000,k%7=0,846.530
2025-09-08T18:27:37.619179515+03:00,heap_no_index,delete,190000,k%7=0,839.147
2025-09-08T18:27:38.477115164+03:00,heap_no_index,delete,190000,k%7=0,857.919
2025-09-08T18:27:39.324986947+03:00,heap_no_index,delete,190000,k%7=0,847.856
2025-09-08T18:27:40.156177466+03:00,heap_no_index,delete,190000,k%7=0,831.177
2025-09-08T18:27:41.009347523+03:00,heap_no_index,delete,190000,k%7=0,853.152
2025-09-08T18:27:41.980905866+03:00,heap_no_index,delete,190000,k%7=0,971.544
2025-09-08T18:27:42.852489285+03:00,heap_no_index,delete,190000,k%7=0,871.568
2025-09-08T18:27:43.703187459+03:00,heap_no_index,delete,190000,k%7=0,850.683
2025-09-08T18:27:44.549032323+03:00,heap_no_index,delete,190000,k%7=0,845.831
2025-09-08T18:27:45.388180933+03:00,heap_no_index,delete,190000,k%7=0,839.135
2025-09-08T18:27:46.218159038+03:00,heap_no_index,delete,190000,k%7=0,829.963
2025-09-08T18:27:47.060676864+03:00,heap_no_index,delete,190000,k%7=0,842.488
2025-09-08T18:27:47.90144254+03:00,heap_no_index,delete,190000,k%7=0,840.750
2025-09-08T18:27:48.748232997+03:00,heap_no_index,delete,190000,k%7=0,846.776
2025-09-08T18:27:49.590409077+03:00,heap_no_index,delete,190000,k%7=0,842.159
2025-09-08T18:27:50.421369303+03:00,heap_no_index,delete,190000,k%7=0,830.947
2025-09-08T18:27:51.259189142+03:00,heap_no_index,delete,190000,k%7=0,837.784
2025-09-08T18:27:52.111182046+03:00,heap_no_index,delete,190000,k%7=0,851.976
2025-09-08T18:27:52.954260977+03:00,heap_no_index,delete,190000,k%7=0,843.061
2025-09-08T18:27:53.797723483+03:00,heap_no_index,delete,190000,k%7=0,843.448
2025-09-08T18:27:54.651268429+03:00,heap_no_index,delete,190000,k%7=0,853.530
2025-09-08T18:27:55.498991764+03:00,heap_no_index,delete,190000,k%7=0,847.703
2025-09-08T18:27:56.336738118+03:00,heap_no_index,delete,190000,k%7=0,837.730
2025-09-08T18:27:57.30854353+03:00,heap_no_index,delete,190000,k%7=0,971.790
2025-09-08T18:27:58.150105883+03:00,heap_no_index,delete,190000,k%7=0,841.541
2025-09-08T18:27:58.997597124+03:00,heap_no_index,delete,190000,k%7=0,847.479
2025-09-08T18:27:59.835654132+03:00,heap_no_index,delete,190000,k%7=0,838.043
2025-09-08T18:28:00.681583962+03:00,heap_no_index,delete,190000,k%7=0,845.917
2025-09-08T18:28:01.530697437+03:00,heap_no_index,delete,190000,k%7=0,849.089
2025-09-08T18:28:02.361212252+03:00,heap_no_index,delete,190000,k%7=0,830.498
2025-09-08T18:28:03.197979886+03:00,heap_no_index,delete,190000,k%7=0,836.753
2025-09-08T18:28:04.047613615+03:00,heap_no_index,delete,190000,k%7=0,849.620
2025-09-08T18:28:04.952053851+03:00,heap_no_index,delete,190000,k%7=0,904.425
2025-09-08T18:28:05.84462702+03:00,heap_no_index,delete,190000,k%7=0,892.537
2025-09-08T18:28:06.685062652+03:00,heap_no_index,delete,190000,k%7=0,840.420
2025-09-08T18:28:07.535902141+03:00,heap_no_index,delete,190000,k%7=0,850.826
2025-09-08T18:28:08.379983706+03:00,heap_no_index,delete,190000,k%7=0,844.060
2025-09-08T18:28:09.226758199+03:00,heap_no_index,delete,190000,k%7=0,846.760
2025-09-08T18:28:10.067652692+03:00,heap_no_index,delete,190000,k%7=0,840.880
2025-09-08T18:28:10.909803377+03:00,heap_no_index,delete,190000,k%7=0,842.138
2025-09-08T18:28:11.753223803+03:00,heap_no_index,delete,190000,k%7=0,843.366
2025-09-08T18:28:12.597792094+03:00,heap_no_index,delete,190000,k%7=0,844.551
2025-09-08T18:28:13.443818423+03:00,heap_no_index,delete,190000,k%7=0,846.011
2025-09-08T18:28:14.30661583+03:00,heap_no_index,delete,190000,k%7=0,862.784
2025-09-08T18:28:15.149450966+03:00,heap_no_index,delete,190000,k%7=0,842.818
2025-09-08T18:28:15.988839498+03:00,heap_no_index,delete,190000,k%7=0,839.369
2025-09-08T18:28:16.83922073+03:00,heap_no_index,delete,190000,k%7=0,850.366
2025-09-08T18:28:17.680943544+03:00,heap_no_index,delete,190000,k%7=0,841.708
2025-09-08T18:28:18.512547179+03:00,heap_no_index,delete,190000,k%7=0,831.584
2025-09-08T18:28:19.353473643+03:00,heap_no_index,delete,190000,k%7=0,840.913
2025-09-08T18:28:20.188933717+03:00,heap_no_index,delete,190000,k%7=0,835.446
2025-09-08T18:28:21.084694412+03:00,heap_no_index,delete,190000,k%7=0,895.742
2025-09-08T18:28:21.927802691+03:00,heap_no_index,delete,190000,k%7=0,843.088
2025-09-08T18:28:22.776289076+03:00,heap_no_index,delete,190000,k%7=0,848.463
2025-09-08T18:28:23.599397229+03:00,heap_no_index,delete,190000,k%7=0,823.092
2025-09-08T18:28:24.436846628+03:00,heap_no_index,delete,190000,k%7=0,837.436
2025-09-08T18:28:25.285454046+03:00,heap_no_index,delete,190000,k%7=0,848.594
2025-09-08T18:28:26.126782513+03:00,heap_no_index,delete,190000,k%7=0,841.314
2025-09-08T18:28:26.976946934+03:00,heap_no_index,delete,190000,k%7=0,850.150
2025-09-08T18:28:27.816006692+03:00,heap_no_index,delete,190000,k%7=0,839.044
2025-09-08T18:28:28.793870481+03:00,heap_no_index,delete,190000,k%7=0,977.850
2025-09-08T18:28:29.661213998+03:00,heap_no_index,delete,190000,k%7=0,867.328
2025-09-08T18:28:30.504129285+03:00,heap_no_index,delete,190000,k%7=0,842.902
2025-09-08T18:28:31.342559894+03:00,heap_no_index,delete,190000,k%7=0,838.416
2025-09-08T18:28:32.178886276+03:00,heap_no_index,delete,190000,k%7=0,836.294
2025-09-08T18:28:33.015681651+03:00,heap_no_index,delete,190000,k%7=0,836.781
2025-09-08T18:28:33.856436065+03:00,heap_no_index,delete,190000,k%7=0,840.729
2025-09-08T18:28:34.711027599+03:00,heap_no_index,delete,190000,k%7=0,854.576
2025-09-08T18:28:35.558914918+03:00,heap_no_index,delete,190000,k%7=0,847.868
2025-09-08T18:28:36.392135521+03:00,heap_no_index,delete,190000,k%7=0,833.205
2025-09-08T18:28:37.225813454+03:00,heap_no_index,delete,190000,k%7=0,833.663
2025-09-08T18:28:38.087463298+03:00,heap_no_index,delete,190000,k%7=0,861.637
2025-09-08T18:28:38.923053734+03:00,heap_no_index,delete,190000,k%7=0,835.575
2025-09-08T18:28:39.760768298+03:00,heap_no_index,delete,190000,k%7=0,837.693
2025-09-08T18:28:40.595858447+03:00,heap_no_index,delete,190000,k%7=0,835.073
2025-09-08T18:28:41.429290037+03:00,heap_no_index,delete,190000,k%7=0,833.413
2025-09-08T18:28:42.276557559+03:00,heap_no_index,delete,190000,k%7=0,847.252
2025-09-08T18:28:43.132424617+03:00,heap_no_index,delete,190000,k%7=0,855.852
2025-09-08T18:28:44.115452901+03:00,heap_no_index,delete,190000,k%7=0,982.917
2025-09-08T18:28:44.951182523+03:00,heap_no_index,delete,190000,k%7=0,835.716
2025-09-08T18:28:45.810812428+03:00,heap_no_index,delete,190000,k%7=0,859.614
2025-09-08T18:28:46.655098631+03:00,heap_no_index,delete,190000,k%7=0,844.272
2025-09-08T18:28:47.493516499+03:00,heap_no_index,delete,190000,k%7=0,838.404
2025-09-08T18:28:48.350206366+03:00,heap_no_index,delete,190000,k%7=0,856.677
2025-09-08T18:28:49.185367181+03:00,heap_no_index,delete,190000,k%7=0,835.147
2025-09-08T18:28:50.014765611+03:00,heap_no_index,delete,190000,k%7=0,829.372
2025-09-08T18:28:50.863740845+03:00,heap_no_index,delete,190000,k%7=0,848.961
2025-09-08T18:28:51.200578055+03:00,heap_btree,insert,10000,bulk=10000,82.549
2025-09-08T18:28:51.278185796+03:00,heap_btree,insert,10000,bulk=10000,77.595
2025-09-08T18:28:51.347855202+03:00,heap_btree,insert,10000,bulk=10000,69.656
2025-09-08T18:28:51.428183181+03:00,heap_btree,insert,10000,bulk=10000,80.311
2025-09-08T18:28:51.504215408+03:00,heap_btree,insert,10000,bulk=10000,76.013
2025-09-08T18:28:51.587661241+03:00,heap_btree,insert,10000,bulk=10000,83.434
2025-09-08T18:28:51.686661071+03:00,heap_btree,insert,10000,bulk=10000,98.982
2025-09-08T18:28:51.796062942+03:00,heap_btree,insert,10000,bulk=10000,109.390
2025-09-08T18:28:51.895098602+03:00,heap_btree,insert,10000,bulk=10000,99.020
2025-09-08T18:28:51.997645121+03:00,heap_btree,insert,10000,bulk=10000,102.514
2025-09-08T18:28:52.080721625+03:00,heap_btree,insert,10000,bulk=10000,83.065
2025-09-08T18:28:52.156997533+03:00,heap_btree,insert,10000,bulk=10000,76.265
2025-09-08T18:28:52.233370872+03:00,heap_btree,insert,10000,bulk=10000,76.362
2025-09-08T18:28:52.311860169+03:00,heap_btree,insert,10000,bulk=10000,78.445
2025-09-08T18:28:52.389791631+03:00,heap_btree,insert,10000,bulk=10000,77.918
2025-09-08T18:28:52.467911111+03:00,heap_btree,insert,10000,bulk=10000,78.102
2025-09-08T18:28:52.545633324+03:00,heap_btree,insert,10000,bulk=10000,77.706
2025-09-08T18:28:52.620289507+03:00,heap_btree,insert,10000,bulk=10000,74.645
2025-09-08T18:28:52.698427705+03:00,heap_btree,insert,10000,bulk=10000,78.124
2025-09-08T18:28:52.773137248+03:00,heap_btree,insert,10000,bulk=10000,74.698
2025-09-08T18:28:52.849530282+03:00,heap_btree,insert,10000,bulk=10000,76.381
2025-09-08T18:28:52.925981426+03:00,heap_btree,insert,10000,bulk=10000,76.439
2025-09-08T18:28:53.004150424+03:00,heap_btree,insert,10000,bulk=10000,78.006
2025-09-08T18:28:53.081222959+03:00,heap_btree,insert,10000,bulk=10000,77.061
2025-09-08T18:28:53.157909124+03:00,heap_btree,insert,10000,bulk=10000,76.674
2025-09-08T18:28:53.23606108+03:00,heap_btree,insert,10000,bulk=10000,78.141
2025-09-08T18:28:53.313619582+03:00,heap_btree,insert,10000,bulk=10000,77.546
2025-09-08T18:28:53.391177524+03:00,heap_btree,insert,10000,bulk=10000,77.543
2025-09-08T18:28:53.467918446+03:00,heap_btree,insert,10000,bulk=10000,76.730
2025-09-08T18:28:53.546507758+03:00,heap_btree,insert,10000,bulk=10000,78.577
2025-09-08T18:28:53.62055093+03:00,heap_btree,insert,10000,bulk=10000,74.030
2025-09-08T18:28:53.696801625+03:00,heap_btree,insert,10000,bulk=10000,76.235
2025-09-08T18:28:53.769187567+03:00,heap_btree,insert,10000,bulk=10000,72.373
2025-09-08T18:28:53.843748065+03:00,heap_btree,insert,10000,bulk=10000,74.549
2025-09-08T18:28:53.919708004+03:00,heap_btree,insert,10000,bulk=10000,75.947
2025-09-08T18:28:53.995752174+03:00,heap_btree,insert,10000,bulk=10000,76.033
2025-09-08T18:28:54.074180847+03:00,heap_btree,insert,10000,bulk=10000,78.416
2025-09-08T18:28:54.152624816+03:00,heap_btree,insert,10000,bulk=10000,78.428
2025-09-08T18:28:54.230464714+03:00,heap_btree,insert,10000,bulk=10000,77.827
2025-09-08T18:28:54.306780013+03:00,heap_btree,insert,10000,bulk=10000,76.303
2025-09-08T18:28:54.383724107+03:00,heap_btree,insert,10000,bulk=10000,76.931
2025-09-08T18:28:54.460070766+03:00,heap_btree,insert,10000,bulk=10000,76.334
2025-09-08T18:28:54.538124034+03:00,heap_btree,insert,10000,bulk=10000,78.038
2025-09-08T18:28:54.614429136+03:00,heap_btree,insert,10000,bulk=10000,76.287
2025-09-08T18:28:54.691621452+03:00,heap_btree,insert,10000,bulk=10000,77.178
2025-09-08T18:28:54.766520827+03:00,heap_btree,insert,10000,bulk=10000,74.882
2025-09-08T18:28:54.844295213+03:00,heap_btree,insert,10000,bulk=10000,77.762
2025-09-08T18:28:54.915465051+03:00,heap_btree,insert,10000,bulk=10000,71.104
2025-09-08T18:28:54.98559954+03:00,heap_btree,insert,10000,bulk=10000,70.123
2025-09-08T18:28:55.055576463+03:00,heap_btree,insert,10000,bulk=10000,69.964
2025-09-08T18:28:55.123979478+03:00,heap_btree,insert,10000,bulk=10000,68.388
2025-09-08T18:28:55.195190454+03:00,heap_btree,insert,10000,bulk=10000,71.199
2025-09-08T18:28:55.268527305+03:00,heap_btree,insert,10000,bulk=10000,73.322
2025-09-08T18:28:55.343522575+03:00,heap_btree,insert,10000,bulk=10000,74.910
2025-09-08T18:28:55.421571932+03:00,heap_btree,insert,10000,bulk=10000,78.019
2025-09-08T18:28:55.497926203+03:00,heap_btree,insert,10000,bulk=10000,76.338
2025-09-08T18:28:55.574803737+03:00,heap_btree,insert,10000,bulk=10000,76.846
2025-09-08T18:28:55.653193158+03:00,heap_btree,insert,10000,bulk=10000,78.377
2025-09-08T18:28:55.731654867+03:00,heap_btree,insert,10000,bulk=10000,78.447
2025-09-08T18:28:55.810297887+03:00,heap_btree,insert,10000,bulk=10000,78.630
2025-09-08T18:28:55.886245883+03:00,heap_btree,insert,10000,bulk=10000,75.936
2025-09-08T18:28:55.963024519+03:00,heap_btree,insert,10000,bulk=10000,76.761
2025-09-08T18:28:56.039015189+03:00,heap_btree,insert,10000,bulk=10000,75.978
2025-09-08T18:28:56.11344543+03:00,heap_btree,insert,10000,bulk=10000,74.419
2025-09-08T18:28:56.190509933+03:00,heap_btree,insert,10000,bulk=10000,77.053
2025-09-08T18:28:56.271485704+03:00,heap_btree,insert,10000,bulk=10000,80.964
2025-09-08T18:28:56.345988581+03:00,heap_btree,insert,10000,bulk=10000,74.490
2025-09-08T18:28:56.414276984+03:00,heap_btree,insert,10000,bulk=10000,68.277
2025-09-08T18:28:56.493410022+03:00,heap_btree,insert,10000,bulk=10000,79.122
2025-09-08T18:28:56.569915153+03:00,heap_btree,insert,10000,bulk=10000,76.493
2025-09-08T18:28:56.645897022+03:00,heap_btree,insert,10000,bulk=10000,75.971
2025-09-08T18:28:56.723450215+03:00,heap_btree,insert,10000,bulk=10000,77.537
2025-09-08T18:28:56.799517712+03:00,heap_btree,insert,10000,bulk=10000,76.056
2025-09-08T18:28:56.876003777+03:00,heap_btree,insert,10000,bulk=10000,76.473
2025-09-08T18:28:56.956349286+03:00,heap_btree,insert,10000,bulk=10000,80.332
2025-09-08T18:28:57.03306667+03:00,heap_btree,insert,10000,bulk=10000,76.697
2025-09-08T18:28:57.108970943+03:00,heap_btree,insert,10000,bulk=10000,75.887
2025-09-08T18:28:57.189341526+03:00,heap_btree,insert,10000,bulk=10000,80.332
2025-09-08T18:28:57.268038954+03:00,heap_btree,insert,10000,bulk=10000,78.685
2025-09-08T18:28:57.346308734+03:00,heap_btree,insert,10000,bulk=10000,78.256
2025-09-08T18:28:57.421675707+03:00,heap_btree,insert,10000,bulk=10000,75.349
2025-09-08T18:28:57.498930531+03:00,heap_btree,insert,10000,bulk=10000,77.243
2025-09-08T18:28:57.5762545+03:00,heap_btree,insert,10000,bulk=10000,77.312
2025-09-08T18:28:57.653117576+03:00,heap_btree,insert,10000,bulk=10000,76.851
2025-09-08T18:28:57.729477923+03:00,heap_btree,insert,10000,bulk=10000,76.349
2025-09-08T18:28:57.805309421+03:00,heap_btree,insert,10000,bulk=10000,75.810
2025-09-08T18:28:57.882461157+03:00,heap_btree,insert,10000,bulk=10000,77.139
2025-09-08T18:28:57.961326208+03:00,heap_btree,insert,10000,bulk=10000,78.835
2025-09-08T18:28:58.039762912+03:00,heap_btree,insert,10000,bulk=10000,78.423
2025-09-08T18:28:58.119951135+03:00,heap_btree,insert,10000,bulk=10000,80.158
2025-09-08T18:28:58.197187311+03:00,heap_btree,insert,10000,bulk=10000,77.224
2025-09-08T18:28:58.277856751+03:00,heap_btree,insert,10000,bulk=10000,80.654
2025-09-08T18:28:58.356395356+03:00,heap_btree,insert,10000,bulk=10000,78.525
2025-09-08T18:28:58.432529972+03:00,heap_btree,insert,10000,bulk=10000,76.118
2025-09-08T18:28:58.508058002+03:00,heap_btree,insert,10000,bulk=10000,75.518
2025-09-08T18:28:58.584064944+03:00,heap_btree,insert,10000,bulk=10000,75.995
2025-09-08T18:28:58.662971901+03:00,heap_btree,insert,10000,bulk=10000,78.895
2025-09-08T18:28:58.740201721+03:00,heap_btree,insert,10000,bulk=10000,77.210
2025-09-08T18:28:58.816488314+03:00,heap_btree,insert,10000,bulk=10000,76.273
2025-09-08T18:28:58.894672327+03:00,heap_btree,insert,10000,bulk=10000,78.172
2025-09-08T18:28:58.978989378+03:00,heap_btree,select,10000,"k in [a,b] (~N/50, cap 1000)",0.247
2025-09-08T18:28:58.979195624+03:00,heap_btree,select,10000,"k in [a,b] (~N/50, cap 1000)",0.194
2025-09-08T18:28:58.97940194+03:00,heap_btree,select,10000,"k in [a,b] (~N/50, cap 1000)",0.198
2025-09-08T18:28:58.979613354+03:00,heap_btree,select,10000,"k in [a,b] (~N/50, cap 1000)",0.204
2025-09-08T18:28:58.979834896+03:00,heap_btree,select,10000,"k in [a,b] (~N/50, cap 1000)",0.214
2025-09-08T18:28:58.980041561+03:00,heap_btree,select,10000,"k in [a,b] (~N/50, cap 1000)",0.199
2025-09-08T18:28:58.98024641+03:00,heap_btree,select,10000,"k in [a,b] (~N/50, cap 1000)",0.197
2025-09-08T18:28:58.980447068+03:00,heap_btree,select,10000,"k in [a,b] (~N/50, cap 1000)",0.193
2025-09-08T18:28:58.980639345+03:00,heap_btree,select,10000,"k in [a,b] (~N/50, cap 1000)",0.185
2025-09-08T18:28:58.980827502+03:00,heap_btree,select,10000,"k in [a,b] (~N/50, cap 1000)",0.181
2025-09-08T18:28:58.98101489+03:00,heap_btree,select,10000,"k in [a,b] (~N/50, cap 1000)",0.182
2025-09-08T18:28:58.981207237+03:00,heap_btree,select,10000,"k in [a,b] (~N/50, cap 1000)",0.185
2025-09-08T18:28:58.9814014+03:00,heap_btree,select,10000,"k in [a,b] (~N/50, cap 1000)",0.188
2025-09-08T18:28:58.981603316+03:00,heap_btree,select,10000,"k in [a,b] (~N/50, cap 1000)",0.196
2025-09-08T18:28:58.981795104+03:00,heap_btree,select,10000,"k in [a,b] (~N/50, cap 1000)",0.185
2025-09-08T18:28:58.981982772+03:00,heap_btree,select,10000,"k in [a,b] (~N/50, cap 1000)",0.181
2025-09-08T18:28:58.982168275+03:00,heap_btree,select,10000,"k in [a,b] (~N/50, cap 1000)",0.179
2025-09-08T18:28:58.982368025+03:00,heap_btree,select,10000,"k in [a,b] (~N/50, cap 1000)",0.193
2025-09-08T18:28:58.982568614+03:00,heap_btree,select,10000,"k in [a,b] (~N/50, cap 1000)",0.195
2025-09-08T18:28:58.982753348+03:00,heap_btree,select,10000,"k in [a,b] (~N/50, cap 1000)",0.178
2025-09-08T18:28:58.982940527+03:00,heap_btree,select,10000,"k in [a,b] (~N/50, cap 1000)",0.181
2025-09-08T18:28:58.983138112+03:00,heap_btree,select,10000,"k in [a,b] (~N/50, cap 1000)",0.191
2025-09-08T18:28:58.983325989+03:00,heap_btree,select,10000,"k in [a,b] (~N/50, cap 1000)",0.181
2025-09-08T18:28:58.983525949+03:00,heap_btree,select,10000,"k in [a,b] (~N/50, cap 1000)",0.193
2025-09-08T18:28:58.983713896+03:00,heap_btree,select,10000,"k in [a,b] (~N/50, cap 1000)",0.182
2025-09-08T18:28:58.983897443+03:00,heap_btree,select,10000,"k in [a,b] (~N/50, cap 1000)",0.177
2025-09-08T18:28:58.984081898+03:00,heap_btree,select,10000,"k in [a,b] (~N/50, cap 1000)",0.178
2025-09-08T18:28:58.984269496+03:00,heap_btree,select,10000,"k in [a,b] (~N/50, cap 1000)",0.182
2025-09-08T18:28:58.984466732+03:00,heap_btree,select,10000,"k in [a,b] (~N/50, cap 1000)",0.191
2025-09-08T18:28:58.984655308+03:00,heap_btree,select,10000,"k in [a,b] (~N/50, cap 1000)",0.182
2025-09-08T18:28:58.98484102+03:00,heap_btree,select,10000,"k in [a,b] (~N/50, cap 1000)",0.179
2025-09-08T18:28:58.985028338+03:00,heap_btree,select,10000,"k in [a,b] (~N/50, cap 1000)",0.182
2025-09-08T18:28:58.985215308+03:00,heap_btree,select,10000,"k in [a,b] (~N/50, cap 1000)",0.179
2025-09-08T18:28:58.985404163+03:00,heap_btree,select,10000,"k in [a,b] (~N/50, cap 1000)",0.183
2025-09-08T18:28:58.985596929+03:00,heap_btree,select,10000,"k in [a,b] (~N/50, cap 1000)",0.186
2025-09-08T18:28:58.98578278+03:00,heap_btree,select,10000,"k in [a,b] (~N/50, cap 1000)",0.179
2025-09-08T18:28:58.985984347+03:00,heap_btree,select,10000,"k in [a,b] (~N/50, cap 1000)",0.195
2025-09-08T18:28:58.986193456+03:00,heap_btree,select,10000,"k in [a,b] (~N/50, cap 1000)",0.202
2025-09-08T18:28:58.986412064+03:00,heap_btree,select,10000,"k in [a,b] (~N/50, cap 1000)",0.211
2025-09-08T18:28:58.986601618+03:00,heap_btree,select,10000,"k in [a,b] (~N/50, cap 1000)",0.182
2025-09-08T18:28:58.986785654+03:00,heap_btree,select,10000,"k in [a,b] (~N/50, cap 1000)",0.178
2025-09-08T18:28:58.98697402+03:00,heap_btree,select,10000,"k in [a,b] (~N/50, cap 1000)",0.182
2025-09-08T18:28:58.987166018+03:00,heap_btree,select,10000,"k in [a,b] (~N/50, cap 1000)",0.184
2025-09-08T18:28:58.987422271+03:00,heap_btree,select,10000,"k in [a,b] (~N/50, cap 1000)",0.224
2025-09-08T18:28:58.987701293+03:00,heap_btree,select,10000,"k in [a,b] (~N/50, cap 1000)",0.270
2025-09-08T18:28:58.987969001+03:00,heap_btree,select,10000,"k in [a,b] (~N/50, cap 1000)",0.260
2025-09-08T18:28:58.988232587+03:00,heap_btree,select,10000,"k in [a,b] (~N/50, cap 1000)",0.257
2025-09-08T18:28:58.988515102+03:00,heap_btree,select,10000,"k in [a,b] (~N/50, cap 1000)",0.275
2025-09-08T18:28:58.988755431+03:00,heap_btree,select,10000,"k in [a,b] (~N/50, cap 1000)",0.234
2025-09-08T18:28:58.988985353+03:00,heap_btree,select,10000,"k in [a,b] (~N/50, cap 1000)",0.223
2025-09-08T18:28:58.989227219+03:00,heap_btree,select,10000,"k in [a,b] (~N/50, cap 1000)",0.235
2025-09-08T18:28:58.989466989+03:00,heap_btree,select,10000,"k in [a,b] (~N/50, cap 1000)",0.234
2025-09-08T18:28:58.989674493+03:00,heap_btree,select,10000,"k in [a,b] (~N/50, cap 1000)",0.202
2025-09-08T18:28:58.989868236+03:00,heap_btree,select,10000,"k in [a,b] (~N/50, cap 1000)",0.187
2025-09-08T18:28:58.990056812+03:00,heap_btree,select,10000,"k in [a,b] (~N/50, cap 1000)",0.182
2025-09-08T18:28:58.990250347+03:00,heap_btree,select,10000,"k in [a,b] (~N/50, cap 1000)",0.187
2025-09-08T18:28:58.990460015+03:00,heap_btree,select,10000,"k in [a,b] (~N/50, cap 1000)",0.202
2025-09-08T18:28:58.990664724+03:00,heap_btree,select,10000,"k in [a,b] (~N/50, cap 1000)",0.198
2025-09-08T18:28:58.990856582+03:00,heap_btree,select,10000,"k in [a,b] (~N/50, cap 1000)",0.185
2025-09-08T18:28:58.991041666+03:00,heap_btree,select,10000,"k in [a,b] (~N/50, cap 1000)",0.179
2025-09-08T18:28:58.991227657+03:00,heap_btree,select,10000,"k in [a,b] (~N/50, cap 1000)",0.180
2025-09-08T18:28:58.991420144+03:00,heap_btree,select,10000,"k in [a,b] (~N/50, cap 1000)",0.186
2025-09-08T18:28:58.991625063+03:00,heap_btree,select,10000,"k in [a,b] (~N/50, cap 1000)",0.199
2025-09-08T18:28:58.991826001+03:00,heap_btree,select,10000,"k in [a,b] (~N/50, cap 1000)",0.194
2025-09-08T18:28:58.992010316+03:00,heap_btree,select,10000,"k in [a,b] (~N/50, cap 1000)",0.178
2025-09-08T18:28:58.99219938+03:00,heap_btree,select,10000,"k in [a,b] (~N/50, cap 1000)",0.182
2025-09-08T18:28:58.992394382+03:00,heap_btree,select,10000,"k in [a,b] (~N/50, cap 1000)",0.189
2025-09-08T18:28:58.992592526+03:00,heap_btree,select,10000,"k in [a,b] (~N/50, cap 1000)",0.192
2025-09-08T18:28:58.992784873+03:00,heap_btree,select,10000,"k in [a,b] (~N/50, cap 1000)",0.186
2025-09-08T18:28:58.992969607+03:00,heap_btree,select,10000,"k in [a,b] (~N/50, cap 1000)",0.178
2025-09-08T18:28:58.993154691+03:00,heap_btree,select,10000,"k in [a,b] (~N/50, cap 1000)",0.178
2025-09-08T18:28:58.993337749+03:00,heap_btree,select,10000,"k in [a,b] (~N/50, cap 1000)",0.176
2025-09-08T18:28:58.993527372+03:00,heap_btree,select,10000,"k in [a,b] (~N/50, cap 1000)",0.183
2025-09-08T18:28:58.993715249+03:00,heap_btree,select,10000,"k in [a,b] (~N/50, cap 1000)",0.182
2025-09-08T18:28:58.993907177+03:00,heap_btree,select,10000,"k in [a,b] (~N/50, cap 1000)",0.185
2025-09-08T18:28:58.994099943+03:00,heap_btree,select,10000,"k in [a,b] (~N/50, cap 1000)",0.186
2025-09-08T18:28:58.994288938+03:00,heap_btree,select,10000,"k in [a,b] (~N/50, cap 1000)",0.182
2025-09-08T18:28:58.994482892+03:00,heap_btree,select,10000,"k in [a,b] (~N/50, cap 1000)",0.188
2025-09-08T18:28:58.994674121+03:00,heap_btree,select,10000,"k in [a,b] (~N/50, cap 1000)",0.185
2025-09-08T18:28:58.994859275+03:00,heap_btree,select,10000,"k in [a,b] (~N/50, cap 1000)",0.179
2025-09-08T18:28:58.995054485+03:00,heap_btree,select,10000,"k in [a,b] (~N/50, cap 1000)",0.189
2025-09-08T18:28:58.995247461+03:00,heap_btree,select,10000,"k in [a,b] (~N/50, cap 1000)",0.186
2025-09-08T18:28:58.995456151+03:00,heap_btree,select,10000,"k in [a,b] (~N/50, cap 1000)",0.201
2025-09-08T18:28:58.99564766+03:00,heap_btree,select,10000,"k in [a,b] (~N/50, cap 1000)",0.185
2025-09-08T18:28:58.995832953+03:00,heap_btree,select,10000,"k in [a,b] (~N/50, cap 1000)",0.179
2025-09-08T18:28:58.996035986+03:00,heap_btree,select,10000,"k in [a,b] (~N/50, cap 1000)",0.181
2025-09-08T18:28:58.996223026+03:00,heap_btree,select,10000,"k in [a,b] (~N/50, cap 1000)",0.180
2025-09-08T18:28:58.9964167+03:00,heap_btree,select,10000,"k in [a,b] (~N/50, cap 1000)",0.188
2025-09-08T18:28:58.996611352+03:00,heap_btree,select,10000,"k in [a,b] (~N/50, cap 1000)",0.188
2025-09-08T18:28:58.996798111+03:00,heap_btree,select,10000,"k in [a,b] (~N/50, cap 1000)",0.181
2025-09-08T18:28:58.996981239+03:00,heap_btree,select,10000,"k in [a,b] (~N/50, cap 1000)",0.176
2025-09-08T18:28:58.997166532+03:00,heap_btree,select,10000,"k in [a,b] (~N/50, cap 1000)",0.178
2025-09-08T18:28:58.997353851+03:00,heap_btree,select,10000,"k in [a,b] (~N/50, cap 1000)",0.181
2025-09-08T18:28:58.997548503+03:00,heap_btree,select,10000,"k in [a,b] (~N/50, cap 1000)",0.188
2025-09-08T18:28:58.997741618+03:00,heap_btree,select,10000,"k in [a,b] (~N/50, cap 1000)",0.187
2025-09-08T18:28:58.997929495+03:00,heap_btree,select,10000,"k in [a,b] (~N/50, cap 1000)",0.182
2025-09-08T18:28:58.998117093+03:00,heap_btree,select,10000,"k in [a,b] (~N/50, cap 1000)",0.181
2025-09-08T18:28:58.998301129+03:00,heap_btree,select,10000,"k in [a,b] (~N/50, cap 1000)",0.178
2025-09-08T18:28:58.998501159+03:00,heap_btree,select,10000,"k in [a,b] (~N/50, cap 1000)",0.193
2025-09-08T18:28:58.998685195+03:00,heap_btree,select,10000,"k in [a,b] (~N/50, cap 1000)",0.177
2025-09-08T18:28:59.320944176+03:00,heap_btree,delete,10000,k%7=0,77.523
2025-09-08T18:28:59.399969027+03:00,heap_btree,delete,10000,k%7=0,79.013
2025-09-08T18:28:59.479351473+03:00,heap_btree,delete,10000,k%7=0,79.364
2025-09-08T18:28:59.561811054+03:00,heap_btree,delete,10000,k%7=0,82.448
2025-09-08T18:28:59.640875366+03:00,heap_btree,delete,10000,k%7=0,79.054
2025-09-08T18:28:59.719400561+03:00,heap_btree,delete,10000,k%7=0,78.507
2025-09-08T18:28:59.795065553+03:00,heap_btree,delete,10000,k%7=0,75.647
2025-09-08T18:28:59.880933534+03:00,heap_btree,delete,10000,k%7=0,85.851
2025-09-08T18:28:59.959824705+03:00,heap_btree,delete,10000,k%7=0,78.878
2025-09-08T18:29:00.04010065+03:00,heap_btree,delete,10000,k%7=0,80.258
2025-09-08T18:29:00.121521249+03:00,heap_btree,delete,10000,k%7=0,81.399
2025-09-08T18:29:00.203808179+03:00,heap_btree,delete,10000,k%7=0,82.274
2025-09-08T18:29:00.276233092+03:00,heap_btree,delete,10000,k%7=0,72.412
2025-09-08T18:29:00.348960774+03:00,heap_btree,delete,10000,k%7=0,72.687
2025-09-08T18:29:00.424726689+03:00,heap_btree,delete,10000,k%7=0,75.750
2025-09-08T18:29:00.496929013+03:00,heap_btree,delete,10000,k%7=0,72.188
2025-09-08T18:29:00.572499926+03:00,heap_btree,delete,10000,k%7=0,75.558
2025-09-08T18:29:00.653537996+03:00,heap_btree,delete,10000,k%7=0,81.021
2025-09-08T18:29:00.733883225+03:00,heap_btree,delete,10000,k%7=0,80.331
2025-09-08T18:29:00.817765016+03:00,heap_btree,delete,10000,k%7=0,83.868
2025-09-08T18:29:00.897091238+03:00,heap_btree,delete,10000,k%7=0,79.314
2025-09-08T18:29:00.978366425+03:00,heap_btree,delete,10000,k%7=0,81.262
2025-09-08T18:29:01.059465048+03:00,heap_btree,delete,10000,k%7=0,81.076
2025-09-08T18:29:01.136179707+03:00,heap_btree,delete,10000,k%7=0,76.699
2025-09-08T18:29:01.215296052+03:00,heap_btree,delete,10000,k%7=0,79.104
2025-09-08T18:29:01.293717949+03:00,heap_btree,delete,10000,k%7=0,78.410
2025-09-08T18:29:01.393694529+03:00,heap_btree,delete,10000,k%7=0,99.964
2025-09-08T18:29:01.524366053+03:00,heap_btree,delete,10000,k%7=0,130.650
2025-09-08T18:29:01.628742591+03:00,heap_btree,delete,10000,k%7=0,104.353
2025-09-08T18:29:01.738707812+03:00,heap_btree,delete,10000,k%7=0,109.943
2025-09-08T18:29:01.844650087+03:00,heap_btree,delete,10000,k%7=0,105.922
2025-09-08T18:29:01.95117073+03:00,heap_btree,delete,10000,k%7=0,106.502
2025-09-08T18:29:02.05891055+03:00,heap_btree,delete,10000,k%7=0,107.722
2025-09-08T18:29:02.164960941+03:00,heap_btree,delete,10000,k%7=0,106.034
2025-09-08T18:29:02.2748515+03:00,heap_btree,delete,10000,k%7=0,109.873
2025-09-08T18:29:02.38531051+03:00,heap_btree,delete,10000,k%7=0,110.441
2025-09-08T18:29:02.489240822+03:00,heap_btree,delete,10000,k%7=0,103.909
2025-09-08T18:29:02.59277778+03:00,heap_btree,delete,10000,k%7=0,103.521
2025-09-08T18:29:02.698270337+03:00,heap_btree,delete,10000,k%7=0,105.481
2025-09-08T18:29:02.803808081+03:00,heap_btree,delete,10000,k%7=0,105.519
2025-09-08T18:29:02.908634128+03:00,heap_btree,delete,10000,k%7=0,104.811
2025-09-08T18:29:03.016084099+03:00,heap_btree,delete,10000,k%7=0,107.437
2025-09-08T18:29:03.128392407+03:00,heap_btree,delete,10000,k%7=0,112.278
2025-09-08T18:29:03.259685182+03:00,heap_btree,delete,10000,k%7=0,131.269
2025-09-08T18:29:03.362315789+03:00,heap_btree,delete,10000,k%7=0,102.611
2025-09-08T18:29:03.472044173+03:00,heap_btree,delete,10000,k%7=0,109.707
2025-09-08T18:29:03.582952901+03:00,heap_btree,delete,10000,k%7=0,110.862
2025-09-08T18:29:03.687094837+03:00,heap_btree,delete,10000,k%7=0,104.102
2025-09-08T18:29:03.792056308+03:00,heap_btree,delete,10000,k%7=0,104.928
2025-09-08T18:29:03.89520899+03:00,heap_btree,delete,10000,k%7=0,103.132
2025-09-08T18:29:04.00170854+03:00,heap_btree,delete,10000,k%7=0,106.480
2025-09-08T18:29:04.109828863+03:00,heap_btree,delete,10000,k%7=0,108.108
2025-09-08T18:29:04.21477441+03:00,heap_btree,delete,10000,k%7=0,104.932
2025-09-08T18:29:04.319032564+03:00,heap_btree,delete,10000,k%7=0,104.239
2025-09-08T18:29:04.424549565+03:00,heap_btree,delete,10000,k%7=0,105.486
2025-09-08T18:29:04.530827155+03:00,heap_btree,delete,10000,k%7=0,106.264
2025-09-08T18:29:04.639533389+03:00,heap_btree,delete,10000,k%7=0,108.636
2025-09-08T18:29:04.746832849+03:00,heap_btree,delete,10000,k%7=0,107.285
2025-09-08T18:29:04.852863474+03:00,heap_btree,delete,10000,k%7=0,106.013
2025-09-08T18:29:04.960696114+03:00,heap_btree,delete,10000,k%7=0,107.799
2025-09-08T18:29:05.065939541+03:00,heap_btree,delete,10000,k%7=0,105.210
2025-09-08T18:29:05.170610326+03:00,heap_btree,delete,10000,k%7=0,104.654
2025-09-08T18:29:05.277709616+03:00,heap_btree,delete,10000,k%7=0,107.084
2025-09-08T18:29:05.383282421+03:00,heap_btree,delete,10000,k%7=0,105.556
2025-09-08T18:29:05.490739167+03:00,heap_btree,delete,10000,k%7=0,107.433
2025-09-08T18:29:05.595559695+03:00,heap_btree,delete,10000,k%7=0,104.789
2025-09-08T18:29:05.690266564+03:00,heap_btree,delete,10000,k%7=0,94.689
2025-09-08T18:29:05.787318126+03:00,heap_btree,delete,10000,k%7=0,97.032
2025-09-08T18:29:05.882586391+03:00,heap_btree,delete,10000,k%7=0,95.250
2025-09-08T18:29:05.984490911+03:00,heap_btree,delete,10000,k%7=0,101.890
2025-09-08T18:29:06.093860652+03:00,heap_btree,delete,10000,k%7=0,109.346
2025-09-08T18:29:06.207048629+03:00,heap_btree,delete,10000,k%7=0,113.168
2025-09-08T18:29:06.313203085+03:00,heap_btree,delete,10000,k%7=0,106.122
2025-09-08T18:29:06.420737985+03:00,heap_btree,delete,10000,k%7=0,107.516
2025-09-08T18:29:06.521383449+03:00,heap_btree,delete,10000,k%7=0,100.609
2025-09-08T18:29:06.625575322+03:00,heap_btree,delete,10000,k%7=0,104.178
2025-09-08T18:29:06.731724679+03:00,heap_btree,delete,10000,k%7=0,106.134
2025-09-08T18:29:06.83358904+03:00,heap_btree,delete,10000,k%7=0,101.834
2025-09-08T18:29:06.942108165+03:00,heap_btree,delete,10000,k%7=0,108.506
2025-09-08T18:29:07.047706323+03:00,heap_btree,delete,10000,k%7=0,105.566
2025-09-08T18:29:07.153890112+03:00,heap_btree,delete,10000,k%7=0,106.171
2025-09-08T18:29:07.261848678+03:00,heap_btree,delete,10000,k%7=0,107.920
2025-09-08T18:29:07.368341662+03:00,heap_btree,delete,10000,k%7=0,106.461
2025-09-08T18:29:07.476598248+03:00,heap_btree,delete,10000,k%7=0,108.200
2025-09-08T18:29:07.583595357+03:00,heap_btree,delete,10000,k%7=0,106.976
2025-09-08T18:29:07.694681066+03:00,heap_btree,delete,10000,k%7=0,111.069
2025-09-08T18:29:07.80109408+03:00,heap_btree,delete,10000,k%7=0,106.396
2025-09-08T18:29:07.912065875+03:00,heap_btree,delete,10000,k%7=0,110.949
2025-09-08T18:29:08.023138243+03:00,heap_btree,delete,10000,k%7=0,111.053
2025-09-08T18:29:08.13212273+03:00,heap_btree,delete,10000,k%7=0,108.963
2025-09-08T18:29:08.241069921+03:00,heap_btree,delete,10000,k%7=0,108.933
2025-09-08T18:29:08.348486367+03:00,heap_btree,delete,10000,k%7=0,107.383
2025-09-08T18:29:08.456675064+03:00,heap_btree,delete,10000,k%7=0,108.150
2025-09-08T18:29:08.570613642+03:00,heap_btree,delete,10000,k%7=0,113.920
2025-09-08T18:29:08.678613974+03:00,heap_btree,delete,10000,k%7=0,107.968
2025-09-08T18:29:08.78666131+03:00,heap_btree,delete,10000,k%7=0,108.009
2025-09-08T18:29:08.896426779+03:00,heap_btree,delete,10000,k%7=0,109.718
2025-09-08T18:29:09.002991911+03:00,heap_btree,delete,10000,k%7=0,106.537
2025-09-08T18:29:09.108474409+03:00,heap_btree,delete,10000,k%7=0,105.467
2025-09-08T18:29:09.214491623+03:00,heap_btree,delete,10000,k%7=0,105.999
2025-09-08T18:29:10.45249372+03:00,heap_btree,insert,40000,bulk=40000,314.327
2025-09-08T18:29:10.783262064+03:00,heap_btree,insert,40000,bulk=40000,330.742
2025-09-08T18:29:11.106605208+03:00,heap_btree,insert,40000,bulk=40000,323.318
2025-09-08T18:29:11.458686508+03:00,heap_btree,insert,40000,bulk=40000,352.069
2025-09-08T18:29:11.906002617+03:00,heap_btree,insert,40000,bulk=40000,447.301
2025-09-08T18:29:12.216466883+03:00,heap_btree,insert,40000,bulk=40000,310.446
2025-09-08T18:29:12.524660559+03:00,heap_btree,insert,40000,bulk=40000,308.180
2025-09-08T18:29:12.826539606+03:00,heap_btree,insert,40000,bulk=40000,301.861
2025-09-08T18:29:13.133626902+03:00,heap_btree,insert,40000,bulk=40000,307.074
2025-09-08T18:29:13.428169378+03:00,heap_btree,insert,40000,bulk=40000,294.524
2025-09-08T18:29:13.733328453+03:00,heap_btree,insert,40000,bulk=40000,305.134
2025-09-08T18:29:14.03114998+03:00,heap_btree,insert,40000,bulk=40000,297.788
2025-09-08T18:29:14.328629976+03:00,heap_btree,insert,40000,bulk=40000,297.459
2025-09-08T18:29:14.633681911+03:00,heap_btree,insert,40000,bulk=40000,305.036
2025-09-08T18:29:14.93228889+03:00,heap_btree,insert,40000,bulk=40000,298.591
2025-09-08T18:29:15.23944498+03:00,heap_btree,insert,40000,bulk=40000,307.143
2025-09-08T18:29:15.543758675+03:00,heap_btree,insert,40000,bulk=40000,304.299
2025-09-08T18:29:15.845643447+03:00,heap_btree,insert,40000,bulk=40000,301.850
2025-09-08T18:29:16.146869881+03:00,heap_btree,insert,40000,bulk=40000,301.189
2025-09-08T18:29:16.443682946+03:00,heap_btree,insert,40000,bulk=40000,296.800
2025-09-08T18:29:16.727287267+03:00,heap_btree,insert,40000,bulk=40000,283.590
2025-09-08T18:29:17.033182483+03:00,heap_btree,insert,40000,bulk=40000,305.880
2025-09-08T18:29:17.343001328+03:00,heap_btree,insert,40000,bulk=40000,309.803
2025-09-08T18:29:17.649984765+03:00,heap_btree,insert,40000,bulk=40000,306.962
2025-09-08T18:29:17.954883044+03:00,heap_btree,insert,40000,bulk=40000,304.882
2025-09-08T18:29:18.26200889+03:00,heap_btree,insert,40000,bulk=40000,307.114
2025-09-08T18:29:18.56667515+03:00,heap_btree,insert,40000,bulk=40000,304.650
2025-09-08T18:29:18.871974047+03:00,heap_btree,insert,40000,bulk=40000,305.280
2025-09-08T18:29:19.187365092+03:00,heap_btree,insert,40000,bulk=40000,315.376
2025-09-08T18:29:19.494570767+03:00,heap_btree,insert,40000,bulk=40000,307.151
2025-09-08T18:29:19.79911117+03:00,heap_btree,insert,40000,bulk=40000,304.522
2025-09-08T18:29:20.105029851+03:00,heap_btree,insert,40000,bulk=40000,305.899
2025-09-08T18:29:20.423813161+03:00,heap_btree,insert,40000,bulk=40000,318.767
2025-09-08T18:29:20.737022245+03:00,heap_btree,insert,40000,bulk=40000,313.194
2025-09-08T18:29:21.045083494+03:00,heap_btree,insert,40000,bulk=40000,308.050
2025-09-08T18:29:21.339339192+03:00,heap_btree,insert,40000,bulk=40000,294.239
2025-09-08T18:29:21.71075626+03:00,heap_btree,insert,40000,bulk=40000,371.400
2025-09-08T18:29:22.010824626+03:00,heap_btree,insert,40000,bulk=40000,300.052
2025-09-08T18:29:22.31825226+03:00,heap_btree,insert,40000,bulk=40000,307.415
2025-09-08T18:29:22.616440736+03:00,heap_btree,insert,40000,bulk=40000,298.174
2025-09-08T18:29:22.919583094+03:00,heap_btree,insert,40000,bulk=40000,303.129
2025-09-08T18:29:23.231229304+03:00,heap_btree,insert,40000,bulk=40000,311.629
2025-09-08T18:29:23.536308123+03:00,heap_btree,insert,40000,bulk=40000,305.063
2025-09-08T18:29:23.875598959+03:00,heap_btree,insert,40000,bulk=40000,339.274
2025-09-08T18:29:24.179150664+03:00,heap_btree,insert,40000,bulk=40000,303.539
2025-09-08T18:29:24.493568027+03:00,heap_btree,insert,40000,bulk=40000,314.400
2025-09-08T18:29:24.799472038+03:00,heap_btree,insert,40000,bulk=40000,305.887
2025-09-08T18:29:25.109315255+03:00,heap_btree,insert,40000,bulk=40000,309.827
2025-09-08T18:29:25.418976949+03:00,heap_btree,insert,40000,bulk=40000,309.650
2025-09-08T18:29:25.731958622+03:00,heap_btree,insert,40000,bulk=40000,312.965
2025-09-08T18:29:26.040685679+03:00,heap_btree,insert,40000,bulk=40000,308.711
2025-09-08T18:29:26.358459337+03:00,heap_btree,insert,40000,bulk=40000,317.755
2025-09-08T18:29:26.671029705+03:00,heap_btree,insert,40000,bulk=40000,312.499
2025-09-08T18:29:26.965692164+03:00,heap_btree,insert,40000,bulk=40000,294.637
2025-09-08T18:29:27.265131593+03:00,heap_btree,insert,40000,bulk=40000,299.424
2025-09-08T18:29:27.568407207+03:00,heap_btree,insert,40000,bulk=40000,303.262
2025-09-08T18:29:27.87566952+03:00,heap_btree,insert,40000,bulk=40000,307.246
2025-09-08T18:29:28.185530195+03:00,heap_btree,insert,40000,bulk=40000,309.834
2025-09-08T18:29:28.494579925+03:00,heap_btree,insert,40000,bulk=40000,309.031
2025-09-08T18:29:28.803330797+03:00,heap_btree,insert,40000,bulk=40000,308.704
2025-09-08T18:29:29.120406375+03:00,heap_btree,insert,40000,bulk=40000,317.047
2025-09-08T18:29:29.439220619+03:00,heap_btree,insert,40000,bulk=40000,318.794
2025-09-08T18:29:29.748622705+03:00,heap_btree,insert,40000,bulk=40000,309.270
2025-09-08T18:29:30.055643081+03:00,heap_btree,insert,40000,bulk=40000,307.004
2025-09-08T18:29:30.36223525+03:00,heap_btree,insert,40000,bulk=40000,306.580
2025-09-08T18:29:30.674892011+03:00,heap_btree,insert,40000,bulk=40000,312.638
2025-09-08T18:29:30.977943778+03:00,heap_btree,insert,40000,bulk=40000,303.034
2025-09-08T18:29:31.288232448+03:00,heap_btree,insert,40000,bulk=40000,310.270
2025-09-08T18:29:31.59122373+03:00,heap_btree,insert,40000,bulk=40000,302.974
2025-09-08T18:29:31.889632486+03:00,heap_btree,insert,40000,bulk=40000,298.390
2025-09-08T18:29:32.193331625+03:00,heap_btree,insert,40000,bulk=40000,303.684
2025-09-08T18:29:32.487664562+03:00,heap_btree,insert,40000,bulk=40000,294.317
2025-09-08T18:29:32.77898902+03:00,heap_btree,insert,40000,bulk=40000,291.311
2025-09-08T18:29:33.079102009+03:00,heap_btree,insert,40000,bulk=40000,300.094
2025-09-08T18:29:33.383047972+03:00,heap_btree,insert,40000,bulk=40000,303.929
2025-09-08T18:29:33.687432827+03:00,heap_btree,insert,40000,bulk=40000,304.368
2025-09-08T18:29:33.998047242+03:00,heap_btree,insert,40000,bulk=40000,310.594
2025-09-08T18:29:34.301363641+03:00,heap_btree,insert,40000,bulk=40000,303.299
2025-09-08T18:29:34.609866428+03:00,heap_btree,insert,40000,bulk=40000,308.476
2025-09-08T18:29:34.911012392+03:00,heap_btree,insert,40000,bulk=40000,301.128
2025-09-08T18:29:35.213858958+03:00,heap_btree,insert,40000,bulk=40000,302.828
2025-09-08T18:29:35.521093468+03:00,heap_btree,insert,40000,bulk=40000,307.214
2025-09-08T18:29:35.826681993+03:00,heap_btree,insert,40000,bulk=40000,305.572
2025-09-08T18:29:36.12928823+03:00,heap_btree,insert,40000,bulk=40000,302.585
2025-09-08T18:29:36.438176338+03:00,heap_btree,insert,40000,bulk=40000,308.871
2025-09-08T18:29:36.742498962+03:00,heap_btree,insert,40000,bulk=40000,304.305
2025-09-08T18:29:37.044951823+03:00,heap_btree,insert,40000,bulk=40000,302.436
2025-09-08T18:29:37.347922707+03:00,heap_btree,insert,40000,bulk=40000,302.956
2025-09-08T18:29:37.646998179+03:00,heap_btree,insert,40000,bulk=40000,299.061
2025-09-08T18:29:37.97843986+03:00,heap_btree,insert,40000,bulk=40000,331.427
2025-09-08T18:29:38.270121281+03:00,heap_btree,insert,40000,bulk=40000,291.666
2025-09-08T18:29:38.565759997+03:00,heap_btree,insert,40000,bulk=40000,295.627
2025-09-08T18:29:38.872298173+03:00,heap_btree,insert,40000,bulk=40000,306.526
2025-09-08T18:29:39.181147936+03:00,heap_btree,insert,40000,bulk=40000,308.832
2025-09-08T18:29:39.49293913+03:00,heap_btree,insert,40000,bulk=40000,311.766
2025-09-08T18:29:39.804920156+03:00,heap_btree,insert,40000,bulk=40000,311.953
2025-09-08T18:29:40.132812424+03:00,heap_btree,insert,40000,bulk=40000,327.857
2025-09-08T18:29:40.431981692+03:00,heap_btree,insert,40000,bulk=40000,299.150
2025-09-08T18:29:40.749601757+03:00,heap_btree,insert,40000,bulk=40000,317.589
2025-09-08T18:29:41.089473744+03:00,heap_btree,insert,40000,bulk=40000,339.841
2025-09-08T18:29:41.542166048+03:00,heap_btree,select,40000,"k in [a,b] (~N/50, cap 1000)",0.416
2025-09-08T18:29:41.542622052+03:00,heap_btree,select,40000,"k in [a,b] (~N/50, cap 1000)",0.443
2025-09-08T18:29:41.54304928+03:00,heap_btree,select,40000,"k in [a,b] (~N/50, cap 1000)",0.418
2025-09-08T18:29:41.543452413+03:00,heap_btree,select,40000,"k in [a,b] (~N/50, cap 1000)",0.395
2025-09-08T18:29:41.543827259+03:00,heap_btree,select,40000,"k in [a,b] (~N/50, cap 1000)",0.368
2025-09-08T18:29:41.544203572+03:00,heap_btree,select,40000,"k in [a,b] (~N/50, cap 1000)",0.370
2025-09-08T18:29:41.544586032+03:00,heap_btree,select,40000,"k in [a,b] (~N/50, cap 1000)",0.375
2025-09-08T18:29:41.544948237+03:00,heap_btree,select,40000,"k in [a,b] (~N/50, cap 1000)",0.355
2025-09-08T18:29:41.545321616+03:00,heap_btree,select,40000,"k in [a,b] (~N/50, cap 1000)",0.365
2025-09-08T18:29:41.545770566+03:00,heap_btree,select,40000,"k in [a,b] (~N/50, cap 1000)",0.441
2025-09-08T18:29:41.546129209+03:00,heap_btree,select,40000,"k in [a,b] (~N/50, cap 1000)",0.351
2025-09-08T18:29:41.54649749+03:00,heap_btree,select,40000,"k in [a,b] (~N/50, cap 1000)",0.361
2025-09-08T18:29:41.54683532+03:00,heap_btree,select,40000,"k in [a,b] (~N/50, cap 1000)",0.331
2025-09-08T18:29:41.54718614+03:00,heap_btree,select,40000,"k in [a,b] (~N/50, cap 1000)",0.344
2025-09-08T18:29:41.547549253+03:00,heap_btree,select,40000,"k in [a,b] (~N/50, cap 1000)",0.357
2025-09-08T18:29:41.547912645+03:00,heap_btree,select,40000,"k in [a,b] (~N/50, cap 1000)",0.357
2025-09-08T18:29:41.548228265+03:00,heap_btree,select,40000,"k in [a,b] (~N/50, cap 1000)",0.309
2025-09-08T18:29:41.548576152+03:00,heap_btree,select,40000,"k in [a,b] (~N/50, cap 1000)",0.340
2025-09-08T18:29:41.54889673+03:00,heap_btree,select,40000,"k in [a,b] (~N/50, cap 1000)",0.314
2025-09-08T18:29:41.549237144+03:00,heap_btree,select,40000,"k in [a,b] (~N/50, cap 1000)",0.333
2025-09-08T18:29:41.549601864+03:00,heap_btree,select,40000,"k in [a,b] (~N/50, cap 1000)",0.355
2025-09-08T18:29:41.550081404+03:00,heap_btree,select,40000,"k in [a,b] (~N/50, cap 1000)",0.471
2025-09-08T18:29:41.5505541+03:00,heap_btree,select,40000,"k in [a,b] (~N/50, cap 1000)",0.465
2025-09-08T18:29:41.550916934+03:00,heap_btree,select,40000,"k in [a,b] (~N/50, cap 1000)",0.356
2025-09-08T18:29:41.551276555+03:00,heap_btree,select,40000,"k in [a,b] (~N/50, cap 1000)",0.352
2025-09-08T18:29:41.551641134+03:00,heap_btree,select,40000,"k in [a,b] (~N/50, cap 1000)",0.358
2025-09-08T18:29:41.551981478+03:00,heap_btree,select,40000,"k in [a,b] (~N/50, cap 1000)",0.333
2025-09-08T18:29:41.552324965+03:00,heap_btree,select,40000,"k in [a,b] (~N/50, cap 1000)",0.337
2025-09-08T18:29:41.552660001+03:00,heap_btree,select,40000,"k in [a,b] (~N/50, cap 1000)",0.326
2025-09-08T18:29:41.55300286+03:00,heap_btree,select,40000,"k in [a,b] (~N/50, cap 1000)",0.336
2025-09-08T18:29:41.553489874+03:00,heap_btree,select,40000,"k in [a,b] (~N/50, cap 1000)",0.478
2025-09-08T18:29:41.553942176+03:00,heap_btree,select,40000,"k in [a,b] (~N/50, cap 1000)",0.444
2025-09-08T18:29:41.554329035+03:00,heap_btree,select,40000,"k in [a,b] (~N/50, cap 1000)",0.374
2025-09-08T18:29:41.554717152+03:00,heap_btree,select,40000,"k in [a,b] (~N/50, cap 1000)",0.374
2025-09-08T18:29:41.55507775+03:00,heap_btree,select,40000,"k in [a,b] (~N/50, cap 1000)",0.354
2025-09-08T18:29:41.555485492+03:00,heap_btree,select,40000,"k in [a,b] (~N/50, cap 1000)",0.400
2025-09-08T18:29:41.555874657+03:00,heap_btree,select,40000,"k in [a,b] (~N/50, cap 1000)",0.381
2025-09-08T18:29:41.556242169+03:00,heap_btree,select,40000,"k in [a,b] (~N/50, cap 1000)",0.360
2025-09-08T18:29:41.556665068+03:00,heap_btree,select,40000,"k in [a,b] (~N/50, cap 1000)",0.417
2025-09-08T18:29:41.557077839+03:00,heap_btree,select,40000,"k in [a,b] (~N/50, cap 1000)",0.405
2025-09-08T18:29:41.557525741+03:00,heap_btree,select,40000,"k in [a,b] (~N/50, cap 1000)",0.441
2025-09-08T18:29:41.557931388+03:00,heap_btree,select,40000,"k in [a,b] (~N/50, cap 1000)",0.399
2025-09-08T18:29:41.558267262+03:00,heap_btree,select,40000,"k in [a,b] (~N/50, cap 1000)",0.328
2025-09-08T18:29:41.558644064+03:00,heap_btree,select,40000,"k in [a,b] (~N/50, cap 1000)",0.337
2025-09-08T18:29:41.558995653+03:00,heap_btree,select,40000,"k in [a,b] (~N/50, cap 1000)",0.345
2025-09-08T18:29:41.559337114+03:00,heap_btree,select,40000,"k in [a,b] (~N/50, cap 1000)",0.333
2025-09-08T18:29:41.559690449+03:00,heap_btree,select,40000,"k in [a,b] (~N/50, cap 1000)",0.346
2025-09-08T18:29:41.560039593+03:00,heap_btree,select,40000,"k in [a,b] (~N/50, cap 1000)",0.342
2025-09-08T18:29:41.560395023+03:00,heap_btree,select,40000,"k in [a,b] (~N/50, cap 1000)",0.348
2025-09-08T18:29:41.56073425+03:00,heap_btree,select,40000,"k in [a,b] (~N/50, cap 1000)",0.333
2025-09-08T18:29:41.561070892+03:00,heap_btree,select,40000,"k in [a,b] (~N/50, cap 1000)",0.329
2025-09-08T18:29:41.561404322+03:00,heap_btree,select,40000,"k in [a,b] (~N/50, cap 1000)",0.326
2025-09-08T18:29:41.561725878+03:00,heap_btree,select,40000,"k in [a,b] (~N/50, cap 1000)",0.315
2025-09-08T18:29:41.562047784+03:00,heap_btree,select,40000,"k in [a,b] (~N/50, cap 1000)",0.314
2025-09-08T18:29:41.562370737+03:00,heap_btree,select,40000,"k in [a,b] (~N/50, cap 1000)",0.316
2025-09-08T18:29:41.562706611+03:00,heap_btree,select,40000,"k in [a,b] (~N/50, cap 1000)",0.322
2025-09-08T18:29:41.563026072+03:00,heap_btree,select,40000,"k in [a,b] (~N/50, cap 1000)",0.312
2025-09-08T18:29:41.563344975+03:00,heap_btree,select,40000,"k in [a,b] (~N/50, cap 1000)",0.312
2025-09-08T18:29:41.563746361+03:00,heap_btree,select,40000,"k in [a,b] (~N/50, cap 1000)",0.394
2025-09-08T18:29:41.564109195+03:00,heap_btree,select,40000,"k in [a,b] (~N/50, cap 1000)",0.356
2025-09-08T18:29:41.564452193+03:00,heap_btree,select,40000,"k in [a,b] (~N/50, cap 1000)",0.336
2025-09-08T18:29:41.564788137+03:00,heap_btree,select,40000,"k in [a,b] (~N/50, cap 1000)",0.328
2025-09-08T18:29:41.56511088+03:00,heap_btree,select,40000,"k in [a,b] (~N/50, cap 1000)",0.316
2025-09-08T18:29:41.565446056+03:00,heap_btree,select,40000,"k in [a,b] (~N/50, cap 1000)",0.329
2025-09-08T18:29:41.565765866+03:00,heap_btree,select,40000,"k in [a,b] (~N/50, cap 1000)",0.313
2025-09-08T18:29:41.566103487+03:00,heap_btree,select,40000,"k in [a,b] (~N/50, cap 1000)",0.330
2025-09-08T18:29:41.566424065+03:00,heap_btree,select,40000,"k in [a,b] (~N/50, cap 1000)",0.313
2025-09-08T18:29:41.566763431+03:00,heap_btree,select,40000,"k in [a,b] (~N/50, cap 1000)",0.331
2025-09-08T18:29:41.567094626+03:00,heap_btree,select,40000,"k in [a,b] (~N/50, cap 1000)",0.324
2025-09-08T18:29:41.567413808+03:00,heap_btree,select,40000,"k in [a,b] (~N/50, cap 1000)",0.314
2025-09-08T18:29:41.567745212+03:00,heap_btree,select,40000,"k in [a,b] (~N/50, cap 1000)",0.325
2025-09-08T18:29:41.568065301+03:00,heap_btree,select,40000,"k in [a,b] (~N/50, cap 1000)",0.313
2025-09-08T18:29:41.568387277+03:00,heap_btree,select,40000,"k in [a,b] (~N/50, cap 1000)",0.316
2025-09-08T18:29:41.568717773+03:00,heap_btree,select,40000,"k in [a,b] (~N/50, cap 1000)",0.324
2025-09-08T18:29:41.569069362+03:00,heap_btree,select,40000,"k in [a,b] (~N/50, cap 1000)",0.343
2025-09-08T18:29:41.569477593+03:00,heap_btree,select,40000,"k in [a,b] (~N/50, cap 1000)",0.399
2025-09-08T18:29:41.569872135+03:00,heap_btree,select,40000,"k in [a,b] (~N/50, cap 1000)",0.385
2025-09-08T18:29:41.570216321+03:00,heap_btree,select,40000,"k in [a,b] (~N/50, cap 1000)",0.336
2025-09-08T18:29:41.570548004+03:00,heap_btree,select,40000,"k in [a,b] (~N/50, cap 1000)",0.325
2025-09-08T18:29:41.570882831+03:00,heap_btree,select,40000,"k in [a,b] (~N/50, cap 1000)",0.327
2025-09-08T18:29:41.571211022+03:00,heap_btree,select,40000,"k in [a,b] (~N/50, cap 1000)",0.322
2025-09-08T18:29:41.571557163+03:00,heap_btree,select,40000,"k in [a,b] (~N/50, cap 1000)",0.338
2025-09-08T18:29:41.571905469+03:00,heap_btree,select,40000,"k in [a,b] (~N/50, cap 1000)",0.342
2025-09-08T18:29:41.572240365+03:00,heap_btree,select,40000,"k in [a,b] (~N/50, cap 1000)",0.327
2025-09-08T18:29:41.572575401+03:00,heap_btree,select,40000,"k in [a,b] (~N/50, cap 1000)",0.328
2025-09-08T18:29:41.572929505+03:00,heap_btree,select,40000,"k in [a,b] (~N/50, cap 1000)",0.327
2025-09-08T18:29:41.573257696+03:00,heap_btree,select,40000,"k in [a,b] (~N/50, cap 1000)",0.321
2025-09-08T18:29:41.573602789+03:00,heap_btree,select,40000,"k in [a,b] (~N/50, cap 1000)",0.337
2025-09-08T18:29:41.573932587+03:00,heap_btree,select,40000,"k in [a,b] (~N/50, cap 1000)",0.323
2025-09-08T18:29:41.574268461+03:00,heap_btree,select,40000,"k in [a,b] (~N/50, cap 1000)",0.328
2025-09-08T18:29:41.574636952+03:00,heap_btree,select,40000,"k in [a,b] (~N/50, cap 1000)",0.361
2025-09-08T18:29:41.57499343+03:00,heap_btree,select,40000,"k in [a,b] (~N/50, cap 1000)",0.349
2025-09-08T18:29:41.575336358+03:00,heap_btree,select,40000,"k in [a,b] (~N/50, cap 1000)",0.336
2025-09-08T18:29:41.575687667+03:00,heap_btree,select,40000,"k in [a,b] (~N/50, cap 1000)",0.344
2025-09-08T18:29:41.576025357+03:00,heap_btree,select,40000,"k in [a,b] (~N/50, cap 1000)",0.329
2025-09-08T18:29:41.576363746+03:00,heap_btree,select,40000,"k in [a,b] (~N/50, cap 1000)",0.331
2025-09-08T18:29:41.576755773+03:00,heap_btree,select,40000,"k in [a,b] (~N/50, cap 1000)",0.383
2025-09-08T18:29:41.577087876+03:00,heap_btree,select,40000,"k in [a,b] (~N/50, cap 1000)",0.324
2025-09-08T18:29:41.577442259+03:00,heap_btree,select,40000,"k in [a,b] (~N/50, cap 1000)",0.345
2025-09-08T18:29:41.577790215+03:00,heap_btree,select,40000,"k in [a,b] (~N/50, cap 1000)",0.339
2025-09-08T18:29:42.997275864+03:00,heap_btree,delete,40000,k%7=0,347.223
2025-09-08T18:29:43.29165545+03:00,heap_btree,delete,40000,k%7=0,294.363
2025-09-08T18:29:43.609742063+03:00,heap_btree,delete,40000,k%7=0,318.068
2025-09-08T18:29:43.926844731+03:00,heap_btree,delete,40000,k%7=0,317.083
2025-09-08T18:29:44.242568561+03:00,heap_btree,delete,40000,k%7=0,315.687
2025-09-08T18:29:44.562927999+03:00,heap_btree,delete,40000,k%7=0,320.319
2025-09-08T18:29:44.875241544+03:00,heap_btree,delete,40000,k%7=0,312.290
2025-09-08T18:29:45.193629388+03:00,heap_btree,delete,40000,k%7=0,318.370
2025-09-08T18:29:45.510952269+03:00,heap_btree,delete,40000,k%7=0,317.284
2025-09-08T18:29:45.828820552+03:00,heap_btree,delete,40000,k%7=0,317.855
2025-09-08T18:29:46.149183761+03:00,heap_btree,delete,40000,k%7=0,320.341
2025-09-08T18:29:46.463980985+03:00,heap_btree,delete,40000,k%7=0,314.765
2025-09-08T18:29:46.776961807+03:00,heap_btree,delete,40000,k%7=0,312.957
2025-09-08T18:29:47.097417068+03:00,heap_btree,delete,40000,k%7=0,320.442
2025-09-08T18:29:47.410727757+03:00,heap_btree,delete,40000,k%7=0,313.295
2025-09-08T18:29:47.716666676+03:00,heap_btree,delete,40000,k%7=0,305.922
2025-09-08T18:29:48.029163487+03:00,heap_btree,delete,40000,k%7=0,312.471
2025-09-08T18:29:48.337983422+03:00,heap_btree,delete,40000,k%7=0,308.794
2025-09-08T18:29:48.642588413+03:00,heap_btree,delete,40000,k%7=0,304.589
2025-09-08T18:29:48.955190127+03:00,heap_btree,delete,40000,k%7=0,312.589
2025-09-08T18:29:49.274328081+03:00,heap_btree,delete,40000,k%7=0,319.102
2025-09-08T18:29:49.592514147+03:00,heap_btree,delete,40000,k%7=0,318.167
2025-09-08T18:29:49.898508869+03:00,heap_btree,delete,40000,k%7=0,305.963
2025-09-08T18:29:50.210170009+03:00,heap_btree,delete,40000,k%7=0,311.640
2025-09-08T18:29:50.512421506+03:00,heap_btree,delete,40000,k%7=0,302.222
2025-09-08T18:29:50.82706654+03:00,heap_btree,delete,40000,k%7=0,314.624
2025-09-08T18:29:51.136593981+03:00,heap_btree,delete,40000,k%7=0,309.490
2025-09-08T18:29:51.448134432+03:00,heap_btree,delete,40000,k%7=0,311.507
2025-09-08T18:29:51.759600081+03:00,heap_btree,delete,40000,k%7=0,311.447
2025-09-08T18:29:52.072344273+03:00,heap_btree,delete,40000,k%7=0,312.728
2025-09-08T18:29:52.377638401+03:00,heap_btree,delete,40000,k%7=0,305.278
2025-09-08T18:29:52.685599895+03:00,heap_btree,delete,40000,k%7=0,307.944
2025-09-08T18:29:52.998158863+03:00,heap_btree,delete,40000,k%7=0,312.539
2025-09-08T18:29:53.305835189+03:00,heap_btree,delete,40000,k%7=0,307.633
2025-09-08T18:29:53.624775974+03:00,heap_btree,delete,40000,k%7=0,318.928
2025-09-08T18:29:53.915751136+03:00,heap_btree,delete,40000,k%7=0,290.960
2025-09-08T18:29:54.219656788+03:00,heap_btree,delete,40000,k%7=0,303.891
2025-09-08T18:29:54.533005188+03:00,heap_btree,delete,40000,k%7=0,313.330
2025-09-08T18:29:54.840411571+03:00,heap_btree,delete,40000,k%7=0,307.392
2025-09-08T18:29:55.156679959+03:00,heap_btree,delete,40000,k%7=0,316.249
2025-09-08T18:29:55.465555555+03:00,heap_btree,delete,40000,k%7=0,308.854
2025-09-08T18:29:55.784339123+03:00,heap_btree,delete,40000,k%7=0,318.764
2025-09-08T18:29:56.092949316+03:00,heap_btree,delete,40000,k%7=0,308.593
2025-09-08T18:29:56.409271552+03:00,heap_btree,delete,40000,k%7=0,316.304
2025-09-08T18:29:56.723637142+03:00,heap_btree,delete,40000,k%7=0,314.345
2025-09-08T18:29:57.036579195+03:00,heap_btree,delete,40000,k%7=0,312.923
2025-09-08T18:29:57.351468396+03:00,heap_btree,delete,40000,k%7=0,314.872
2025-09-08T18:29:57.673352076+03:00,heap_btree,delete,40000,k%7=0,321.849
2025-09-08T18:29:57.996173674+03:00,heap_btree,delete,40000,k%7=0,322.769
2025-09-08T18:29:58.297652495+03:00,heap_btree,delete,40000,k%7=0,301.466
2025-09-08T18:29:58.643345939+03:00,heap_btree,delete,40000,k%7=0,345.681
2025-09-08T18:29:58.955210247+03:00,heap_btree,delete,40000,k%7=0,311.848
2025-09-08T18:29:59.258863973+03:00,heap_btree,delete,40000,k%7=0,303.636
2025-09-08T18:29:59.580536656+03:00,heap_btree,delete,40000,k%7=0,321.657
2025-09-08T18:29:59.977950451+03:00,heap_btree,delete,40000,k%7=0,397.396
2025-09-08T18:30:00.426762761+03:00,heap_btree,delete,40000,k%7=0,448.801
2025-09-08T18:30:00.735370856+03:00,heap_btree,delete,40000,k%7=0,308.555
2025-09-08T18:30:01.048781971+03:00,heap_btree,delete,40000,k%7=0,313.375
2025-09-08T18:30:01.354572886+03:00,heap_btree,delete,40000,k%7=0,305.766
2025-09-08T18:30:01.694653899+03:00,heap_btree,delete,40000,k%7=0,340.059
2025-09-08T18:30:02.00155706+03:00,heap_btree,delete,40000,k%7=0,306.868
2025-09-08T18:30:02.313369682+03:00,heap_btree,delete,40000,k%7=0,311.800
2025-09-08T18:30:02.631232718+03:00,heap_btree,delete,40000,k%7=0,317.836
2025-09-08T18:30:02.944441427+03:00,heap_btree,delete,40000,k%7=0,313.193
2025-09-08T18:30:03.264428801+03:00,heap_btree,delete,40000,k%7=0,319.963
2025-09-08T18:30:03.570406894+03:00,heap_btree,delete,40000,k%7=0,305.961
2025-09-08T18:30:03.892191183+03:00,heap_btree,delete,40000,k%7=0,321.765
2025-09-08T18:30:04.204336186+03:00,heap_btree,delete,40000,k%7=0,312.126
2025-09-08T18:30:04.515998156+03:00,heap_btree,delete,40000,k%7=0,311.639
2025-09-08T18:30:04.814053837+03:00,heap_btree,delete,40000,k%7=0,298.039
2025-09-08T18:30:05.134569292+03:00,heap_btree,delete,40000,k%7=0,320.494
2025-09-08T18:30:05.446259478+03:00,heap_btree,delete,40000,k%7=0,311.668
2025-09-08T18:30:05.759348755+03:00,heap_btree,delete,40000,k%7=0,313.072
2025-09-08T18:30:06.072364138+03:00,heap_btree,delete,40000,k%7=0,312.997
2025-09-08T18:30:06.386432261+03:00,heap_btree,delete,40000,k%7=0,314.036
2025-09-08T18:30:06.713842248+03:00,heap_btree,delete,40000,k%7=0,327.396
2025-09-08T18:30:07.026918953+03:00,heap_btree,delete,40000,k%7=0,313.040
2025-09-08T18:30:07.340724607+03:00,heap_btree,delete,40000,k%7=0,313.788
2025-09-08T18:30:07.654772196+03:00,heap_btree,delete,40000,k%7=0,314.034
2025-09-08T18:30:07.972071876+03:00,heap_btree,delete,40000,k%7=0,317.282
2025-09-08T18:30:08.289154764+03:00,heap_btree,delete,40000,k%7=0,317.071
2025-09-08T18:30:08.595229516+03:00,heap_btree,delete,40000,k%7=0,306.059
2025-09-08T18:30:08.904961866+03:00,heap_btree,delete,40000,k%7=0,309.715
2025-09-08T18:30:09.213718372+03:00,heap_btree,delete,40000,k%7=0,308.737
2025-09-08T18:30:09.523258933+03:00,heap_btree,delete,40000,k%7=0,309.502
2025-09-08T18:30:09.837403254+03:00,heap_btree,delete,40000,k%7=0,314.126
2025-09-08T18:30:10.141208462+03:00,heap_btree,delete,40000,k%7=0,303.790
2025-09-08T18:30:10.454353052+03:00,heap_btree,delete,40000,k%7=0,313.125
2025-09-08T18:30:10.769727444+03:00,heap_btree,delete,40000,k%7=0,315.322
2025-09-08T18:30:11.074605577+03:00,heap_btree,delete,40000,k%7=0,304.866
2025-09-08T18:30:11.380533937+03:00,heap_btree,delete,40000,k%7=0,305.916
2025-09-08T18:30:11.682291913+03:00,heap_btree,delete,40000,k%7=0,301.743
2025-09-08T18:30:11.988303874+03:00,heap_btree,delete,40000,k%7=0,305.994
2025-09-08T18:30:12.296036203+03:00,heap_btree,delete,40000,k%7=0,307.718
2025-09-08T18:30:12.595905978+03:00,heap_btree,delete,40000,k%7=0,299.841
2025-09-08T18:30:12.909274413+03:00,heap_btree,delete,40000,k%7=0,313.353
2025-09-08T18:30:13.218625+03:00,heap_btree,delete,40000,k%7=0,309.335
2025-09-08T18:30:13.526025645+03:00,heap_btree,delete,40000,k%7=0,307.388
2025-09-08T18:30:13.837484856+03:00,heap_btree,delete,40000,k%7=0,311.439
2025-09-08T18:30:14.145961499+03:00,heap_btree,delete,40000,k%7=0,308.462
2025-09-08T18:30:16.179462758+03:00,heap_btree,insert,70000,bulk=70000,523.895
2025-09-08T18:30:16.728319299+03:00,heap_btree,insert,70000,bulk=70000,548.845
2025-09-08T18:30:17.243308499+03:00,heap_btree,insert,70000,bulk=70000,514.973
2025-09-08T18:30:17.775947258+03:00,heap_btree,insert,70000,bulk=70000,532.625
2025-09-08T18:30:18.331648253+03:00,heap_btree,insert,70000,bulk=70000,555.686
2025-09-08T18:30:19.052740173+03:00,heap_btree,insert,70000,bulk=70000,721.079
2025-09-08T18:30:19.597319187+03:00,heap_btree,insert,70000,bulk=70000,544.548
2025-09-08T18:30:20.141157937+03:00,heap_btree,insert,70000,bulk=70000,543.825
2025-09-08T18:30:20.703231318+03:00,heap_btree,insert,70000,bulk=70000,562.060
2025-09-08T18:30:21.252220625+03:00,heap_btree,insert,70000,bulk=70000,548.975
2025-09-08T18:30:21.857440311+03:00,heap_btree,insert,70000,bulk=70000,605.204
2025-09-08T18:30:22.391790423+03:00,heap_btree,insert,70000,bulk=70000,534.337
2025-09-08T18:30:22.947153375+03:00,heap_btree,insert,70000,bulk=70000,555.349
2025-09-08T18:30:23.515060234+03:00,heap_btree,insert,70000,bulk=70000,567.894
2025-09-08T18:30:24.065938438+03:00,heap_btree,insert,70000,bulk=70000,550.864
2025-09-08T18:30:24.637214862+03:00,heap_btree,insert,70000,bulk=70000,571.262
2025-09-08T18:30:25.212802683+03:00,heap_btree,insert,70000,bulk=70000,575.569
2025-09-08T18:30:25.769097964+03:00,heap_btree,insert,70000,bulk=70000,556.274
2025-09-08T18:30:26.32421276+03:00,heap_btree,insert,70000,bulk=70000,555.098
2025-09-08T18:30:26.868642583+03:00,heap_btree,insert,70000,bulk=70000,544.415
2025-09-08T18:30:27.382893187+03:00,heap_btree,insert,70000,bulk=70000,514.230
2025-09-08T18:30:27.875227325+03:00,heap_btree,insert,70000,bulk=70000,492.318
2025-09-08T18:30:28.396717764+03:00,heap_btree,insert,70000,bulk=70000,521.473
2025-09-08T18:30:28.903612731+03:00,heap_btree,insert,70000,bulk=70000,506.877
2025-09-08T18:30:29.422884752+03:00,heap_btree,insert,70000,bulk=70000,519.247
2025-09-08T18:30:29.95115972+03:00,heap_btree,insert,70000,bulk=70000,528.260
2025-09-08T18:30:30.479760924+03:00,heap_btree,insert,70000,bulk=70000,528.585
2025-09-08T18:30:30.986461936+03:00,heap_btree,insert,70000,bulk=70000,506.686
2025-09-08T18:30:31.499901032+03:00,heap_btree,insert,70000,bulk=70000,513.428
2025-09-08T18:30:32.051777701+03:00,heap_btree,insert,70000,bulk=70000,551.862
2025-09-08T18:30:32.579877151+03:00,heap_btree,insert,70000,bulk=70000,528.081
2025-09-08T18:30:33.098368745+03:00,heap_btree,insert,70000,bulk=70000,518.478
2025-09-08T18:30:33.624479631+03:00,heap_btree,insert,70000,bulk=70000,526.068
2025-09-08T18:30:34.163572269+03:00,heap_btree,insert,70000,bulk=70000,539.077
2025-09-08T18:30:34.668724373+03:00,heap_btree,insert,70000,bulk=70000,505.138
2025-09-08T18:30:35.20328519+03:00,heap_btree,insert,70000,bulk=70000,534.547
2025-09-08T18:30:35.744613914+03:00,heap_btree,insert,70000,bulk=70000,541.312
2025-09-08T18:30:36.253971323+03:00,heap_btree,insert,70000,bulk=70000,509.346
2025-09-08T18:30:36.787305349+03:00,heap_btree,insert,70000,bulk=70000,533.317
2025-09-08T18:30:37.433451858+03:00,heap_btree,insert,70000,bulk=70000,646.131
2025-09-08T18:30:38.110192173+03:00,heap_btree,insert,70000,bulk=70000,676.728
2025-09-08T18:30:38.64389804+03:00,heap_btree,insert,70000,bulk=70000,533.690
2025-09-08T18:30:39.181343571+03:00,heap_btree,insert,70000,bulk=70000,537.430
2025-09-08T18:30:39.687978992+03:00,heap_btree,insert,70000,bulk=70000,506.620
2025-09-08T18:30:40.203668556+03:00,heap_btree,insert,70000,bulk=70000,515.676
2025-09-08T18:30:40.712740164+03:00,heap_btree,insert,70000,bulk=70000,509.058
2025-09-08T18:30:41.242411769+03:00,heap_btree,insert,70000,bulk=70000,529.658
2025-09-08T18:30:41.757571225+03:00,heap_btree,insert,70000,bulk=70000,515.146
2025-09-08T18:30:42.296917734+03:00,heap_btree,insert,70000,bulk=70000,539.335
2025-09-08T18:30:42.858388071+03:00,heap_btree,insert,70000,bulk=70000,561.458
2025-09-08T18:30:43.383861842+03:00,heap_btree,insert,70000,bulk=70000,525.461
2025-09-08T18:30:43.899482048+03:00,heap_btree,insert,70000,bulk=70000,515.607
2025-09-08T18:30:44.424967272+03:00,heap_btree,insert,70000,bulk=70000,525.426
2025-09-08T18:30:44.95692469+03:00,heap_btree,insert,70000,bulk=70000,531.936
2025-09-08T18:30:45.513190407+03:00,heap_btree,insert,70000,bulk=70000,556.247
2025-09-08T18:30:46.055344385+03:00,heap_btree,insert,70000,bulk=70000,542.119
2025-09-08T18:30:46.56964924+03:00,heap_btree,insert,70000,bulk=70000,514.290
2025-09-08T18:30:47.072642632+03:00,heap_btree,insert,70000,bulk=70000,502.978
2025-09-08T18:30:47.617657928+03:00,heap_btree,insert,70000,bulk=70000,545.003
2025-09-08T18:30:48.123163845+03:00,heap_btree,insert,70000,bulk=70000,505.494
2025-09-08T18:30:48.62200522+03:00,heap_btree,insert,70000,bulk=70000,498.829
2025-09-08T18:30:49.123538687+03:00,heap_btree,insert,70000,bulk=70000,501.521
2025-09-08T18:30:49.695711869+03:00,heap_btree,insert,70000,bulk=70000,572.159
2025-09-08T18:30:50.203629596+03:00,heap_btree,insert,70000,bulk=70000,507.903
2025-09-08T18:30:50.720479309+03:00,heap_btree,insert,70000,bulk=70000,516.837
2025-09-08T18:30:51.225908466+03:00,heap_btree,insert,70000,bulk=70000,505.416
2025-09-08T18:30:51.741179592+03:00,heap_btree,insert,70000,bulk=70000,515.254
2025-09-08T18:30:52.262077952+03:00,heap_btree,insert,70000,bulk=70000,520.879
2025-09-08T18:30:52.769075009+03:00,heap_btree,insert,70000,bulk=70000,506.980
2025-09-08T18:30:53.331847276+03:00,heap_btree,insert,70000,bulk=70000,562.758
2025-09-08T18:30:53.868874435+03:00,heap_btree,insert,70000,bulk=70000,537.011
2025-09-08T18:30:54.395114371+03:00,heap_btree,insert,70000,bulk=70000,526.225
2025-09-08T18:30:54.917586148+03:00,heap_btree,insert,70000,bulk=70000,522.445
2025-09-08T18:30:55.447251036+03:00,heap_btree,insert,70000,bulk=70000,529.649
2025-09-08T18:30:56.17795349+03:00,heap_btree,insert,70000,bulk=70000,730.685
2025-09-08T18:30:56.699612435+03:00,heap_btree,insert,70000,bulk=70000,521.644
2025-09-08T18:30:57.223522972+03:00,heap_btree,insert,70000,bulk=70000,523.895
2025-09-08T18:30:57.753933639+03:00,heap_btree,insert,70000,bulk=70000,530.398
2025-09-08T18:30:58.323706455+03:00,heap_btree,insert,70000,bulk=70000,569.758
2025-09-08T18:30:58.830665303+03:00,heap_btree,insert,70000,bulk=70000,506.942
2025-09-08T18:30:59.337270187+03:00,heap_btree,insert,70000,bulk=70000,506.585
2025-09-08T18:30:59.855599024+03:00,heap_btree,insert,70000,bulk=70000,518.312
2025-09-08T18:31:00.374992125+03:00,heap_btree,insert,70000,bulk=70000,519.379
2025-09-08T18:31:00.888969475+03:00,heap_btree,insert,70000,bulk=70000,513.961
2025-09-08T18:31:01.393961617+03:00,heap_btree,insert,70000,bulk=70000,504.976
2025-09-08T18:31:01.908090734+03:00,heap_btree,insert,70000,bulk=70000,514.118
2025-09-08T18:31:02.405909041+03:00,heap_btree,insert,70000,bulk=70000,497.805
2025-09-08T18:31:02.914675347+03:00,heap_btree,insert,70000,bulk=70000,508.753
2025-09-08T18:31:03.411594147+03:00,heap_btree,insert,70000,bulk=70000,496.903
2025-09-08T18:31:03.917827953+03:00,heap_btree,insert,70000,bulk=70000,506.220
2025-09-08T18:31:04.43732798+03:00,heap_btree,insert,70000,bulk=70000,519.485
2025-09-08T18:31:04.939790901+03:00,heap_btree,insert,70000,bulk=70000,502.446
2025-09-08T18:31:05.449679929+03:00,heap_btree,insert,70000,bulk=70000,509.877
2025-09-08T18:31:05.949904038+03:00,heap_btree,insert,70000,bulk=70000,500.205
2025-09-08T18:31:06.457599302+03:00,heap_btree,insert,70000,bulk=70000,507.683
2025-09-08T18:31:06.973989716+03:00,heap_btree,insert,70000,bulk=70000,516.376
2025-09-08T18:31:07.495935216+03:00,heap_btree,insert,70000,bulk=70000,521.933
2025-09-08T18:31:07.997629934+03:00,heap_btree,insert,70000,bulk=70000,501.679
2025-09-08T18:31:08.500490468+03:00,heap_btree,insert,70000,bulk=70000,502.844
2025-09-08T18:31:09.050120609+03:00,heap_btree,insert,70000,bulk=70000,549.615
2025-09-08T18:31:09.601313202+03:00,heap_btree,select,70000,"k in [a,b] (~N/50, cap 1000)",0.530
2025-09-08T18:31:09.60186503+03:00,heap_btree,select,70000,"k in [a,b] (~N/50, cap 1000)",0.537
2025-09-08T18:31:09.60246491+03:00,heap_btree,select,70000,"k in [a,b] (~N/50, cap 1000)",0.591
2025-09-08T18:31:09.602945638+03:00,heap_btree,select,70000,"k in [a,b] (~N/50, cap 1000)",0.473
2025-09-08T18:31:09.603439218+03:00,heap_btree,select,70000,"k in [a,b] (~N/50, cap 1000)",0.485
2025-09-08T18:31:09.60391799+03:00,heap_btree,select,70000,"k in [a,b] (~N/50, cap 1000)",0.472
2025-09-08T18:31:09.604403118+03:00,heap_btree,select,70000,"k in [a,b] (~N/50, cap 1000)",0.479
2025-09-08T18:31:09.604934762+03:00,heap_btree,select,70000,"k in [a,b] (~N/50, cap 1000)",0.524
2025-09-08T18:31:09.605408994+03:00,heap_btree,select,70000,"k in [a,b] (~N/50, cap 1000)",0.465
2025-09-08T18:31:09.605937006+03:00,heap_btree,select,70000,"k in [a,b] (~N/50, cap 1000)",0.521
2025-09-08T18:31:09.606470256+03:00,heap_btree,select,70000,"k in [a,b] (~N/50, cap 1000)",0.525
2025-09-08T18:31:09.606910196+03:00,heap_btree,select,70000,"k in [a,b] (~N/50, cap 1000)",0.433
2025-09-08T18:31:09.607391203+03:00,heap_btree,select,70000,"k in [a,b] (~N/50, cap 1000)",0.472
2025-09-08T18:31:09.607863829+03:00,heap_btree,select,70000,"k in [a,b] (~N/50, cap 1000)",0.465
2025-09-08T18:31:09.608322277+03:00,heap_btree,select,70000,"k in [a,b] (~N/50, cap 1000)",0.451
2025-09-08T18:31:09.608786383+03:00,heap_btree,select,70000,"k in [a,b] (~N/50, cap 1000)",0.456
2025-09-08T18:31:09.609314394+03:00,heap_btree,select,70000,"k in [a,b] (~N/50, cap 1000)",0.519
2025-09-08T18:31:09.609798126+03:00,heap_btree,select,70000,"k in [a,b] (~N/50, cap 1000)",0.476
2025-09-08T18:31:09.610294988+03:00,heap_btree,select,70000,"k in [a,b] (~N/50, cap 1000)",0.489
2025-09-08T18:31:09.610846396+03:00,heap_btree,select,70000,"k in [a,b] (~N/50, cap 1000)",0.543
2025-09-08T18:31:09.611353385+03:00,heap_btree,select,70000,"k in [a,b] (~N/50, cap 1000)",0.499
2025-09-08T18:31:09.611957875+03:00,heap_btree,select,70000,"k in [a,b] (~N/50, cap 1000)",0.596
2025-09-08T18:31:09.612438044+03:00,heap_btree,select,70000,"k in [a,b] (~N/50, cap 1000)",0.472
2025-09-08T18:31:09.612999441+03:00,heap_btree,select,70000,"k in [a,b] (~N/50, cap 1000)",0.554
2025-09-08T18:31:09.613573758+03:00,heap_btree,select,70000,"k in [a,b] (~N/50, cap 1000)",0.568
2025-09-08T18:31:09.614049737+03:00,heap_btree,select,70000,"k in [a,b] (~N/50, cap 1000)",0.468
2025-09-08T18:31:09.614557145+03:00,heap_btree,select,70000,"k in [a,b] (~N/50, cap 1000)",0.497
2025-09-08T18:31:09.61503913+03:00,heap_btree,select,70000,"k in [a,b] (~N/50, cap 1000)",0.475
2025-09-08T18:31:09.615546957+03:00,heap_btree,select,70000,"k in [a,b] (~N/50, cap 1000)",0.500
2025-09-08T18:31:09.616086074+03:00,heap_btree,select,70000,"k in [a,b] (~N/50, cap 1000)",0.530
2025-09-08T18:31:09.616608707+03:00,heap_btree,select,70000,"k in [a,b] (~N/50, cap 1000)",0.513
2025-09-08T18:31:09.617099772+03:00,heap_btree,select,70000,"k in [a,b] (~N/50, cap 1000)",0.484
2025-09-08T18:31:09.617595656+03:00,heap_btree,select,70000,"k in [a,b] (~N/50, cap 1000)",0.487
2025-09-08T18:31:09.618232413+03:00,heap_btree,select,70000,"k in [a,b] (~N/50, cap 1000)",0.627
2025-09-08T18:31:09.618778374+03:00,heap_btree,select,70000,"k in [a,b] (~N/50, cap 1000)",0.538
2025-09-08T18:31:09.61932657+03:00,heap_btree,select,70000,"k in [a,b] (~N/50, cap 1000)",0.539
2025-09-08T18:31:09.619884265+03:00,heap_btree,select,70000,"k in [a,b] (~N/50, cap 1000)",0.551
2025-09-08T18:31:09.620470805+03:00,heap_btree,select,70000,"k in [a,b] (~N/50, cap 1000)",0.579
2025-09-08T18:31:09.620974232+03:00,heap_btree,select,70000,"k in [a,b] (~N/50, cap 1000)",0.497
2025-09-08T18:31:09.621447138+03:00,heap_btree,select,70000,"k in [a,b] (~N/50, cap 1000)",0.465
2025-09-08T18:31:09.62190845+03:00,heap_btree,select,70000,"k in [a,b] (~N/50, cap 1000)",0.453
2025-09-08T18:31:09.622342592+03:00,heap_btree,select,70000,"k in [a,b] (~N/50, cap 1000)",0.427
2025-09-08T18:31:09.622837638+03:00,heap_btree,select,70000,"k in [a,b] (~N/50, cap 1000)",0.488
2025-09-08T18:31:09.623364253+03:00,heap_btree,select,70000,"k in [a,b] (~N/50, cap 1000)",0.487
2025-09-08T18:31:09.623844422+03:00,heap_btree,select,70000,"k in [a,b] (~N/50, cap 1000)",0.472
2025-09-08T18:31:09.624305385+03:00,heap_btree,select,70000,"k in [a,b] (~N/50, cap 1000)",0.454
2025-09-08T18:31:09.624917697+03:00,heap_btree,select,70000,"k in [a,b] (~N/50, cap 1000)",0.605
2025-09-08T18:31:09.625480141+03:00,heap_btree,select,70000,"k in [a,b] (~N/50, cap 1000)",0.556
2025-09-08T18:31:09.626005219+03:00,heap_btree,select,70000,"k in [a,b] (~N/50, cap 1000)",0.517
2025-09-08T18:31:09.626518564+03:00,heap_btree,select,70000,"k in [a,b] (~N/50, cap 1000)",0.505
2025-09-08T18:31:09.62704448+03:00,heap_btree,select,70000,"k in [a,b] (~N/50, cap 1000)",0.518
2025-09-08T18:31:09.627527792+03:00,heap_btree,select,70000,"k in [a,b] (~N/50, cap 1000)",0.477
2025-09-08T18:31:09.627994482+03:00,heap_btree,select,70000,"k in [a,b] (~N/50, cap 1000)",0.459
2025-09-08T18:31:09.628454956+03:00,heap_btree,select,70000,"k in [a,b] (~N/50, cap 1000)",0.452
2025-09-08T18:31:09.628909004+03:00,heap_btree,select,70000,"k in [a,b] (~N/50, cap 1000)",0.446
2025-09-08T18:31:09.62935956+03:00,heap_btree,select,70000,"k in [a,b] (~N/50, cap 1000)",0.443
2025-09-08T18:31:09.629890575+03:00,heap_btree,select,70000,"k in [a,b] (~N/50, cap 1000)",0.522
2025-09-08T18:31:09.630500651+03:00,heap_btree,select,70000,"k in [a,b] (~N/50, cap 1000)",0.602
2025-09-08T18:31:09.630999608+03:00,heap_btree,select,70000,"k in [a,b] (~N/50, cap 1000)",0.490
2025-09-08T18:31:09.631522382+03:00,heap_btree,select,70000,"k in [a,b] (~N/50, cap 1000)",0.515
2025-09-08T18:31:09.632010234+03:00,heap_btree,select,70000,"k in [a,b] (~N/50, cap 1000)",0.480
2025-09-08T18:31:09.632618984+03:00,heap_btree,select,70000,"k in [a,b] (~N/50, cap 1000)",0.601
2025-09-08T18:31:09.633342066+03:00,heap_btree,select,70000,"k in [a,b] (~N/50, cap 1000)",0.713
2025-09-08T18:31:09.633966601+03:00,heap_btree,select,70000,"k in [a,b] (~N/50, cap 1000)",0.617
2025-09-08T18:31:09.634431405+03:00,heap_btree,select,70000,"k in [a,b] (~N/50, cap 1000)",0.456
2025-09-08T18:31:09.634889224+03:00,heap_btree,select,70000,"k in [a,b] (~N/50, cap 1000)",0.451
2025-09-08T18:31:09.635333285+03:00,heap_btree,select,70000,"k in [a,b] (~N/50, cap 1000)",0.436
2025-09-08T18:31:09.635803746+03:00,heap_btree,select,70000,"k in [a,b] (~N/50, cap 1000)",0.463
2025-09-08T18:31:09.636391753+03:00,heap_btree,select,70000,"k in [a,b] (~N/50, cap 1000)",0.581
2025-09-08T18:31:09.636982832+03:00,heap_btree,select,70000,"k in [a,b] (~N/50, cap 1000)",0.582
2025-09-08T18:31:09.637542972+03:00,heap_btree,select,70000,"k in [a,b] (~N/50, cap 1000)",0.552
2025-09-08T18:31:09.638026493+03:00,heap_btree,select,70000,"k in [a,b] (~N/50, cap 1000)",0.476
2025-09-08T18:31:09.63856575+03:00,heap_btree,select,70000,"k in [a,b] (~N/50, cap 1000)",0.531
2025-09-08T18:31:09.639061494+03:00,heap_btree,select,70000,"k in [a,b] (~N/50, cap 1000)",0.488
2025-09-08T18:31:09.639659837+03:00,heap_btree,select,70000,"k in [a,b] (~N/50, cap 1000)",0.591
2025-09-08T18:31:09.640212084+03:00,heap_btree,select,70000,"k in [a,b] (~N/50, cap 1000)",0.544
2025-09-08T18:31:09.640774179+03:00,heap_btree,select,70000,"k in [a,b] (~N/50, cap 1000)",0.554
2025-09-08T18:31:09.641340046+03:00,heap_btree,select,70000,"k in [a,b] (~N/50, cap 1000)",0.559
2025-09-08T18:31:09.642055934+03:00,heap_btree,select,70000,"k in [a,b] (~N/50, cap 1000)",0.708
2025-09-08T18:31:09.642701212+03:00,heap_btree,select,70000,"k in [a,b] (~N/50, cap 1000)",0.639
2025-09-08T18:31:09.643212182+03:00,heap_btree,select,70000,"k in [a,b] (~N/50, cap 1000)",0.504
2025-09-08T18:31:09.643803402+03:00,heap_btree,select,70000,"k in [a,b] (~N/50, cap 1000)",0.582
2025-09-08T18:31:09.644441416+03:00,heap_btree,select,70000,"k in [a,b] (~N/50, cap 1000)",0.630
2025-09-08T18:31:09.64499024+03:00,heap_btree,select,70000,"k in [a,b] (~N/50, cap 1000)",0.541
2025-09-08T18:31:09.645502607+03:00,heap_btree,select,70000,"k in [a,b] (~N/50, cap 1000)",0.504
2025-09-08T18:31:09.646078671+03:00,heap_btree,select,70000,"k in [a,b] (~N/50, cap 1000)",0.536
2025-09-08T18:31:09.646618276+03:00,heap_btree,select,70000,"k in [a,b] (~N/50, cap 1000)",0.525
2025-09-08T18:31:09.647308183+03:00,heap_btree,select,70000,"k in [a,b] (~N/50, cap 1000)",0.681
2025-09-08T18:31:09.647948921+03:00,heap_btree,select,70000,"k in [a,b] (~N/50, cap 1000)",0.632
2025-09-08T18:31:09.648675426+03:00,heap_btree,select,70000,"k in [a,b] (~N/50, cap 1000)",0.718
2025-09-08T18:31:09.649564036+03:00,heap_btree,select,70000,"k in [a,b] (~N/50, cap 1000)",0.881
2025-09-08T18:31:09.650248356+03:00,heap_btree,select,70000,"k in [a,b] (~N/50, cap 1000)",0.676
2025-09-08T18:31:09.650921082+03:00,heap_btree,select,70000,"k in [a,b] (~N/50, cap 1000)",0.664
2025-09-08T18:31:09.651497634+03:00,heap_btree,select,70000,"k in [a,b] (~N/50, cap 1000)",0.567
2025-09-08T18:31:09.65201957+03:00,heap_btree,select,70000,"k in [a,b] (~N/50, cap 1000)",0.514
2025-09-08T18:31:09.652542622+03:00,heap_btree,select,70000,"k in [a,b] (~N/50, cap 1000)",0.515
2025-09-08T18:31:09.653058831+03:00,heap_btree,select,70000,"k in [a,b] (~N/50, cap 1000)",0.509
2025-09-08T18:31:09.653604373+03:00,heap_btree,select,70000,"k in [a,b] (~N/50, cap 1000)",0.537
2025-09-08T18:31:09.654219688+03:00,heap_btree,select,70000,"k in [a,b] (~N/50, cap 1000)",0.607
2025-09-08T18:31:09.654839333+03:00,heap_btree,select,70000,"k in [a,b] (~N/50, cap 1000)",0.611
2025-09-08T18:31:11.921677679+03:00,heap_btree,delete,70000,k%7=0,563.170
2025-09-08T18:31:12.494255999+03:00,heap_btree,delete,70000,k%7=0,572.563
2025-09-08T18:31:13.028132462+03:00,heap_btree,delete,70000,k%7=0,533.861
2025-09-08T18:31:13.544713332+03:00,heap_btree,delete,70000,k%7=0,516.565
2025-09-08T18:31:14.190858266+03:00,heap_btree,delete,70000,k%7=0,646.132
2025-09-08T18:31:14.894637204+03:00,heap_btree,delete,70000,k%7=0,703.756
2025-09-08T18:31:15.416288869+03:00,heap_btree,delete,70000,k%7=0,521.635
2025-09-08T18:31:15.967440949+03:00,heap_btree,delete,70000,k%7=0,551.139
2025-09-08T18:31:16.496479747+03:00,heap_btree,delete,70000,k%7=0,529.024
2025-09-08T18:31:17.062212909+03:00,heap_btree,delete,70000,k%7=0,565.714
2025-09-08T18:31:17.593057701+03:00,heap_btree,delete,70000,k%7=0,530.827
2025-09-08T18:31:18.165037812+03:00,heap_btree,delete,70000,k%7=0,571.967
2025-09-08T18:31:18.714214664+03:00,heap_btree,delete,70000,k%7=0,549.162
2025-09-08T18:31:19.274712267+03:00,heap_btree,delete,70000,k%7=0,560.475
2025-09-08T18:31:19.827675158+03:00,heap_btree,delete,70000,k%7=0,552.943
2025-09-08T18:31:20.353518924+03:00,heap_btree,delete,70000,k%7=0,525.826
2025-09-08T18:31:20.883817893+03:00,heap_btree,delete,70000,k%7=0,530.283
2025-09-08T18:31:21.413519635+03:00,heap_btree,delete,70000,k%7=0,529.686
2025-09-08T18:31:21.9332678+03:00,heap_btree,delete,70000,k%7=0,519.727
2025-09-08T18:31:22.468162354+03:00,heap_btree,delete,70000,k%7=0,534.874
2025-09-08T18:31:22.981207494+03:00,heap_btree,delete,70000,k%7=0,513.034
2025-09-08T18:31:23.498484129+03:00,heap_btree,delete,70000,k%7=0,517.263
2025-09-08T18:31:24.017053066+03:00,heap_btree,delete,70000,k%7=0,518.554
2025-09-08T18:31:24.522847194+03:00,heap_btree,delete,70000,k%7=0,505.776
2025-09-08T18:31:25.042298524+03:00,heap_btree,delete,70000,k%7=0,519.428
2025-09-08T18:31:25.554891849+03:00,heap_btree,delete,70000,k%7=0,512.577
2025-09-08T18:31:26.066786046+03:00,heap_btree,delete,70000,k%7=0,511.876
2025-09-08T18:31:26.576849105+03:00,heap_btree,delete,70000,k%7=0,510.049
2025-09-08T18:31:27.094288681+03:00,heap_btree,delete,70000,k%7=0,517.426
2025-09-08T18:31:27.627694601+03:00,heap_btree,delete,70000,k%7=0,533.390
2025-09-08T18:31:28.14876265+03:00,heap_btree,delete,70000,k%7=0,521.051
2025-09-08T18:31:28.673019441+03:00,heap_btree,delete,70000,k%7=0,524.241
2025-09-08T18:31:29.201499627+03:00,heap_btree,delete,70000,k%7=0,528.453
2025-09-08T18:31:29.718959525+03:00,heap_btree,delete,70000,k%7=0,517.444
2025-09-08T18:31:30.250428563+03:00,heap_btree,delete,70000,k%7=0,531.420
2025-09-08T18:31:30.758351844+03:00,heap_btree,delete,70000,k%7=0,507.905
2025-09-08T18:31:31.282723036+03:00,heap_btree,delete,70000,k%7=0,524.352
2025-09-08T18:31:31.82184384+03:00,heap_btree,delete,70000,k%7=0,539.105
2025-09-08T18:31:32.543186478+03:00,heap_btree,delete,70000,k%7=0,721.327
2025-09-08T18:31:33.054354934+03:00,heap_btree,delete,70000,k%7=0,511.155
2025-09-08T18:31:33.577530764+03:00,heap_btree,delete,70000,k%7=0,523.162
2025-09-08T18:31:34.125415931+03:00,heap_btree,delete,70000,k%7=0,547.867
2025-09-08T18:31:34.641600426+03:00,heap_btree,delete,70000,k%7=0,516.167
2025-09-08T18:31:35.160344869+03:00,heap_btree,delete,70000,k%7=0,518.730
2025-09-08T18:31:35.684522243+03:00,heap_btree,delete,70000,k%7=0,524.159
2025-09-08T18:31:36.205611029+03:00,heap_btree,delete,70000,k%7=0,521.072
2025-09-08T18:31:36.727879808+03:00,heap_btree,delete,70000,k%7=0,522.253
2025-09-08T18:31:37.253018567+03:00,heap_btree,delete,70000,k%7=0,525.119
2025-09-08T18:31:37.772362888+03:00,heap_btree,delete,70000,k%7=0,519.329
2025-09-08T18:31:38.319140554+03:00,heap_btree,delete,70000,k%7=0,546.750
2025-09-08T18:31:38.830106601+03:00,heap_btree,delete,70000,k%7=0,510.951
2025-09-08T18:31:39.340861093+03:00,heap_btree,delete,70000,k%7=0,510.712
2025-09-08T18:31:39.882997005+03:00,heap_btree,delete,70000,k%7=0,542.121
2025-09-08T18:31:40.394145689+03:00,heap_btree,delete,70000,k%7=0,511.133
2025-09-08T18:31:40.910957996+03:00,heap_btree,delete,70000,k%7=0,516.796
2025-09-08T18:31:41.42956219+03:00,heap_btree,delete,70000,k%7=0,518.587
2025-09-08T18:31:41.945422329+03:00,heap_btree,delete,70000,k%7=0,515.771
2025-09-08T18:31:42.511604348+03:00,heap_btree,delete,70000,k%7=0,566.169
2025-09-08T18:31:43.096264607+03:00,heap_btree,delete,70000,k%7=0,584.639
2025-09-08T18:31:43.645319353+03:00,heap_btree,delete,70000,k%7=0,549.033
2025-09-08T18:31:44.15383566+03:00,heap_btree,delete,70000,k%7=0,508.499
2025-09-08T18:31:44.673225163+03:00,heap_btree,delete,70000,k%7=0,519.375
2025-09-08T18:31:45.212048217+03:00,heap_btree,delete,70000,k%7=0,538.806
2025-09-08T18:31:45.81966727+03:00,heap_btree,delete,70000,k%7=0,607.600
2025-09-08T18:31:46.42122292+03:00,heap_btree,delete,70000,k%7=0,601.528
2025-09-08T18:31:46.962702583+03:00,heap_btree,delete,70000,k%7=0,541.460
2025-09-08T18:31:47.500701699+03:00,heap_btree,delete,70000,k%7=0,537.985
2025-09-08T18:31:48.061371091+03:00,heap_btree,delete,70000,k%7=0,560.649
2025-09-08T18:31:48.583787648+03:00,heap_btree,delete,70000,k%7=0,522.383
2025-09-08T18:31:49.108369751+03:00,heap_btree,delete,70000,k%7=0,524.568
2025-09-08T18:31:49.635416606+03:00,heap_btree,delete,70000,k%7=0,527.013
2025-09-08T18:31:50.33651005+03:00,heap_btree,delete,70000,k%7=0,701.078
2025-09-08T18:31:50.899474893+03:00,heap_btree,delete,70000,k%7=0,562.952
2025-09-08T18:31:51.427518962+03:00,heap_btree,delete,70000,k%7=0,528.022
2025-09-08T18:31:51.985763758+03:00,heap_btree,delete,70000,k%7=0,558.228
2025-09-08T18:31:52.583262583+03:00,heap_btree,delete,70000,k%7=0,597.484
2025-09-08T18:31:53.146174553+03:00,heap_btree,delete,70000,k%7=0,562.893
2025-09-08T18:31:53.662096982+03:00,heap_btree,delete,70000,k%7=0,515.905
2025-09-08T18:31:54.183489989+03:00,heap_btree,delete,70000,k%7=0,521.377
2025-09-08T18:31:54.734799322+03:00,heap_btree,delete,70000,k%7=0,551.292
2025-09-08T18:31:55.270714742+03:00,heap_btree,delete,70000,k%7=0,535.900
2025-09-08T18:31:55.795160926+03:00,heap_btree,delete,70000,k%7=0,524.432
2025-09-08T18:31:56.350828099+03:00,heap_btree,delete,70000,k%7=0,555.652
2025-09-08T18:31:56.863887112+03:00,heap_btree,delete,70000,k%7=0,513.044
2025-09-08T18:31:57.421001357+03:00,heap_btree,delete,70000,k%7=0,557.096
2025-09-08T18:31:58.036738019+03:00,heap_btree,delete,70000,k%7=0,615.723
2025-09-08T18:31:58.556094336+03:00,heap_btree,delete,70000,k%7=0,519.339
2025-09-08T18:31:59.072443362+03:00,heap_btree,delete,70000,k%7=0,516.334
2025-09-08T18:31:59.584106494+03:00,heap_btree,delete,70000,k%7=0,511.648
2025-09-08T18:32:00.09992667+03:00,heap_btree,delete,70000,k%7=0,515.808
2025-09-08T18:32:00.610558642+03:00,heap_btree,delete,70000,k%7=0,510.617
2025-09-08T18:32:01.143618674+03:00,heap_btree,delete,70000,k%7=0,533.045
2025-09-08T18:32:01.697228483+03:00,heap_btree,delete,70000,k%7=0,553.575
2025-09-08T18:32:02.237112506+03:00,heap_btree,delete,70000,k%7=0,539.870
2025-09-08T18:32:02.765533229+03:00,heap_btree,delete,70000,k%7=0,528.403
2025-09-08T18:32:03.295677043+03:00,heap_btree,delete,70000,k%7=0,530.126
2025-09-08T18:32:03.838295549+03:00,heap_btree,delete,70000,k%7=0,542.604
2025-09-08T18:32:04.478187617+03:00,heap_btree,delete,70000,k%7=0,639.869
2025-09-08T18:32:05.03191029+03:00,heap_btree,delete,70000,k%7=0,553.708
2025-09-08T18:32:05.62320846+03:00,heap_btree,delete,70000,k%7=0,591.277
2025-09-08T18:32:08.805027264+03:00,heap_btree,insert,100000,bulk=100000,861.987
2025-09-08T18:32:09.705434723+03:00,heap_btree,insert,100000,bulk=100000,900.392
2025-09-08T18:32:10.492182241+03:00,heap_btree,insert,100000,bulk=100000,786.731
2025-09-08T18:32:11.205394298+03:00,heap_btree,insert,100000,bulk=100000,713.196
2025-09-08T18:32:11.958540443+03:00,heap_btree,insert,100000,bulk=100000,753.129
2025-09-08T18:32:12.689783605+03:00,heap_btree,insert,100000,bulk=100000,731.224
2025-09-08T18:32:13.437964414+03:00,heap_btree,insert,100000,bulk=100000,748.167
2025-09-08T18:32:14.150819222+03:00,heap_btree,insert,100000,bulk=100000,712.838
2025-09-08T18:32:14.977606077+03:00,heap_btree,insert,100000,bulk=100000,826.770
2025-09-08T18:32:15.721281045+03:00,heap_btree,insert,100000,bulk=100000,743.661
2025-09-08T18:32:16.52996157+03:00,heap_btree,insert,100000,bulk=100000,808.665
2025-09-08T18:32:17.267554416+03:00,heap_btree,insert,100000,bulk=100000,737.560
2025-09-08T18:32:18.024445316+03:00,heap_btree,insert,100000,bulk=100000,756.875
2025-09-08T18:32:18.788524715+03:00,heap_btree,insert,100000,bulk=100000,764.064
2025-09-08T18:32:19.546327969+03:00,heap_btree,insert,100000,bulk=100000,757.788
2025-09-08T18:32:20.349878886+03:00,heap_btree,insert,100000,bulk=100000,803.536
2025-09-08T18:32:21.074592576+03:00,heap_btree,insert,100000,bulk=100000,724.697
2025-09-08T18:32:21.796460869+03:00,heap_btree,insert,100000,bulk=100000,721.853
2025-09-08T18:32:22.547047753+03:00,heap_btree,insert,100000,bulk=100000,750.575
2025-09-08T18:32:23.260320003+03:00,heap_btree,insert,100000,bulk=100000,713.257
2025-09-08T18:32:24.00765249+03:00,heap_btree,insert,100000,bulk=100000,747.315
2025-09-08T18:32:24.709329227+03:00,heap_btree,insert,100000,bulk=100000,701.664
2025-09-08T18:32:25.430940216+03:00,heap_btree,insert,100000,bulk=100000,721.594
2025-09-08T18:32:26.13540794+03:00,heap_btree,insert,100000,bulk=100000,704.447
2025-09-08T18:32:26.873395946+03:00,heap_btree,insert,100000,bulk=100000,737.974
2025-09-08T18:32:27.809224507+03:00,heap_btree,insert,100000,bulk=100000,935.817
2025-09-08T18:32:28.527605753+03:00,heap_btree,insert,100000,bulk=100000,718.368
2025-09-08T18:32:29.28795777+03:00,heap_btree,insert,100000,bulk=100000,760.335
2025-09-08T18:32:30.01260112+03:00,heap_btree,insert,100000,bulk=100000,724.631
2025-09-08T18:32:30.724688409+03:00,heap_btree,insert,100000,bulk=100000,712.074
2025-09-08T18:32:31.439536234+03:00,heap_btree,insert,100000,bulk=100000,714.833
2025-09-08T18:32:32.149201304+03:00,heap_btree,insert,100000,bulk=100000,709.652
2025-09-08T18:32:32.870442678+03:00,heap_btree,insert,100000,bulk=100000,721.218
2025-09-08T18:32:33.570150957+03:00,heap_btree,insert,100000,bulk=100000,699.695
2025-09-08T18:32:34.284056181+03:00,heap_btree,insert,100000,bulk=100000,713.781
2025-09-08T18:32:34.997169387+03:00,heap_btree,insert,100000,bulk=100000,713.101
2025-09-08T18:32:35.701365553+03:00,heap_btree,insert,100000,bulk=100000,704.183
2025-09-08T18:32:36.397890604+03:00,heap_btree,insert,100000,bulk=100000,696.504
2025-09-08T18:32:37.108202693+03:00,heap_btree,insert,100000,bulk=100000,710.299
2025-09-08T18:32:37.824697335+03:00,heap_btree,insert,100000,bulk=100000,716.474
2025-09-08T18:32:38.5999524+03:00,heap_btree,insert,100000,bulk=100000,775.238
2025-09-08T18:32:39.409087437+03:00,heap_btree,insert,100000,bulk=100000,809.122
2025-09-08T18:32:40.169462212+03:00,heap_btree,insert,100000,bulk=100000,760.361
2025-09-08T18:32:40.913263989+03:00,heap_btree,insert,100000,bulk=100000,743.790
2025-09-08T18:32:41.670576366+03:00,heap_btree,insert,100000,bulk=100000,757.299
2025-09-08T18:32:42.373450122+03:00,heap_btree,insert,100000,bulk=100000,702.857
2025-09-08T18:32:43.077909937+03:00,heap_btree,insert,100000,bulk=100000,704.446
2025-09-08T18:32:43.808390454+03:00,heap_btree,insert,100000,bulk=100000,730.468
2025-09-08T18:32:44.523169682+03:00,heap_btree,insert,100000,bulk=100000,714.764
2025-09-08T18:32:45.359333945+03:00,heap_btree,insert,100000,bulk=100000,836.153
2025-09-08T18:32:46.251248405+03:00,heap_btree,insert,100000,bulk=100000,891.900
2025-09-08T18:32:47.033987885+03:00,heap_btree,insert,100000,bulk=100000,782.692
2025-09-08T18:32:47.851335308+03:00,heap_btree,insert,100000,bulk=100000,817.335
2025-09-08T18:32:48.662261244+03:00,heap_btree,insert,100000,bulk=100000,810.910
2025-09-08T18:32:49.474847342+03:00,heap_btree,insert,100000,bulk=100000,812.571
2025-09-08T18:32:50.240804363+03:00,heap_btree,insert,100000,bulk=100000,765.928
2025-09-08T18:32:51.067898276+03:00,heap_btree,insert,100000,bulk=100000,827.063
2025-09-08T18:32:51.867932922+03:00,heap_btree,insert,100000,bulk=100000,800.020
2025-09-08T18:32:52.614962054+03:00,heap_btree,insert,100000,bulk=100000,747.006
2025-09-08T18:32:53.394785939+03:00,heap_btree,insert,100000,bulk=100000,779.812
2025-09-08T18:32:54.188325204+03:00,heap_btree,insert,100000,bulk=100000,793.513
2025-09-08T18:32:54.964342586+03:00,heap_btree,insert,100000,bulk=100000,776.002
2025-09-08T18:32:55.699246515+03:00,heap_btree,insert,100000,bulk=100000,734.891
2025-09-08T18:32:56.442722879+03:00,heap_btree,insert,100000,bulk=100000,743.464
2025-09-08T18:32:57.178680736+03:00,heap_btree,insert,100000,bulk=100000,735.946
2025-09-08T18:32:57.932111373+03:00,heap_btree,insert,100000,bulk=100000,753.412
2025-09-08T18:32:58.687620461+03:00,heap_btree,insert,100000,bulk=100000,755.490
2025-09-08T18:32:59.465529671+03:00,heap_btree,insert,100000,bulk=100000,777.890
2025-09-08T18:33:00.209820538+03:00,heap_btree,insert,100000,bulk=100000,744.277
2025-09-08T18:33:00.953816249+03:00,heap_btree,insert,100000,bulk=100000,743.980
2025-09-08T18:33:01.882808555+03:00,heap_btree,insert,100000,bulk=100000,928.975
2025-09-08T18:33:02.652859049+03:00,heap_btree,insert,100000,bulk=100000,770.035
2025-09-08T18:33:03.401820441+03:00,heap_btree,insert,100000,bulk=100000,748.950
2025-09-08T18:33:04.146608585+03:00,heap_btree,insert,100000,bulk=100000,744.776
2025-09-08T18:33:04.899318648+03:00,heap_btree,insert,100000,bulk=100000,752.689
2025-09-08T18:33:05.64008189+03:00,heap_btree,insert,100000,bulk=100000,740.748
2025-09-08T18:33:06.48103113+03:00,heap_btree,insert,100000,bulk=100000,840.937
2025-09-08T18:33:07.342944732+03:00,heap_btree,insert,100000,bulk=100000,861.898
2025-09-08T18:33:08.203709629+03:00,heap_btree,insert,100000,bulk=100000,860.751
2025-09-08T18:33:09.02920489+03:00,heap_btree,insert,100000,bulk=100000,825.482
2025-09-08T18:33:09.805005046+03:00,heap_btree,insert,100000,bulk=100000,775.780
2025-09-08T18:33:10.637276245+03:00,heap_btree,insert,100000,bulk=100000,832.256
2025-09-08T18:33:11.395406661+03:00,heap_btree,insert,100000,bulk=100000,758.117
2025-09-08T18:33:12.149236087+03:00,heap_btree,insert,100000,bulk=100000,753.811
2025-09-08T18:33:12.92261954+03:00,heap_btree,insert,100000,bulk=100000,773.360
2025-09-08T18:33:13.69213824+03:00,heap_btree,insert,100000,bulk=100000,769.487
2025-09-08T18:33:14.442663891+03:00,heap_btree,insert,100000,bulk=100000,750.504
2025-09-08T18:33:15.184720892+03:00,heap_btree,insert,100000,bulk=100000,742.043
2025-09-08T18:33:15.932791566+03:00,heap_btree,insert,100000,bulk=100000,748.057
2025-09-08T18:33:16.693860753+03:00,heap_btree,insert,100000,bulk=100000,761.054
2025-09-08T18:33:17.470251981+03:00,heap_btree,insert,100000,bulk=100000,776.375
2025-09-08T18:33:18.300034603+03:00,heap_btree,insert,100000,bulk=100000,829.762
2025-09-08T18:33:19.135903954+03:00,heap_btree,insert,100000,bulk=100000,835.857
2025-09-08T18:33:20.137214332+03:00,heap_btree,insert,100000,bulk=100000,1001.275
2025-09-08T18:33:20.939713422+03:00,heap_btree,insert,100000,bulk=100000,802.454
2025-09-08T18:33:21.709569106+03:00,heap_btree,insert,100000,bulk=100000,769.840
2025-09-08T18:33:22.46015209+03:00,heap_btree,insert,100000,bulk=100000,750.567
2025-09-08T18:33:23.252909156+03:00,heap_btree,insert,100000,bulk=100000,792.737
2025-09-08T18:33:24.030979329+03:00,heap_btree,insert,100000,bulk=100000,778.057
2025-09-08T18:33:24.955322103+03:00,heap_btree,insert,100000,bulk=100000,924.329
2025-09-08T18:33:25.725207607+03:00,heap_btree,select,100000,"k in [a,b] (~N/50, cap 1000)",0.583
2025-09-08T18:33:25.725766628+03:00,heap_btree,select,100000,"k in [a,b] (~N/50, cap 1000)",0.544
2025-09-08T18:33:25.726293243+03:00,heap_btree,select,100000,"k in [a,b] (~N/50, cap 1000)",0.519
2025-09-08T18:33:25.726826004+03:00,heap_btree,select,100000,"k in [a,b] (~N/50, cap 1000)",0.526
2025-09-08T18:33:25.727341514+03:00,heap_btree,select,100000,"k in [a,b] (~N/50, cap 1000)",0.506
2025-09-08T18:33:25.727869246+03:00,heap_btree,select,100000,"k in [a,b] (~N/50, cap 1000)",0.520
2025-09-08T18:33:25.728388457+03:00,heap_btree,select,100000,"k in [a,b] (~N/50, cap 1000)",0.512
2025-09-08T18:33:25.728887135+03:00,heap_btree,select,100000,"k in [a,b] (~N/50, cap 1000)",0.491
2025-09-08T18:33:25.729402644+03:00,heap_btree,select,100000,"k in [a,b] (~N/50, cap 1000)",0.508
2025-09-08T18:33:25.729903976+03:00,heap_btree,select,100000,"k in [a,b] (~N/50, cap 1000)",0.495
2025-09-08T18:33:25.730425911+03:00,heap_btree,select,100000,"k in [a,b] (~N/50, cap 1000)",0.515
2025-09-08T18:33:25.730961396+03:00,heap_btree,select,100000,"k in [a,b] (~N/50, cap 1000)",0.525
2025-09-08T18:33:25.73158139+03:00,heap_btree,select,100000,"k in [a,b] (~N/50, cap 1000)",0.612
2025-09-08T18:33:25.73214139+03:00,heap_btree,select,100000,"k in [a,b] (~N/50, cap 1000)",0.551
2025-09-08T18:33:25.732734146+03:00,heap_btree,select,100000,"k in [a,b] (~N/50, cap 1000)",0.584
2025-09-08T18:33:25.733272005+03:00,heap_btree,select,100000,"k in [a,b] (~N/50, cap 1000)",0.529
2025-09-08T18:33:25.733817477+03:00,heap_btree,select,100000,"k in [a,b] (~N/50, cap 1000)",0.537
2025-09-08T18:33:25.734346466+03:00,heap_btree,select,100000,"k in [a,b] (~N/50, cap 1000)",0.520
2025-09-08T18:33:25.735048945+03:00,heap_btree,select,100000,"k in [a,b] (~N/50, cap 1000)",0.695
2025-09-08T18:33:25.735703163+03:00,heap_btree,select,100000,"k in [a,b] (~N/50, cap 1000)",0.644
2025-09-08T18:33:25.736244444+03:00,heap_btree,select,100000,"k in [a,b] (~N/50, cap 1000)",0.534
2025-09-08T18:33:25.736814711+03:00,heap_btree,select,100000,"k in [a,b] (~N/50, cap 1000)",0.562
2025-09-08T18:33:25.737335319+03:00,heap_btree,select,100000,"k in [a,b] (~N/50, cap 1000)",0.513
2025-09-08T18:33:25.737862632+03:00,heap_btree,select,100000,"k in [a,b] (~N/50, cap 1000)",0.520
2025-09-08T18:33:25.738372624+03:00,heap_btree,select,100000,"k in [a,b] (~N/50, cap 1000)",0.502
2025-09-08T18:33:25.738890997+03:00,heap_btree,select,100000,"k in [a,b] (~N/50, cap 1000)",0.503
2025-09-08T18:33:25.739397707+03:00,heap_btree,select,100000,"k in [a,b] (~N/50, cap 1000)",0.499
2025-09-08T18:33:25.739908188+03:00,heap_btree,select,100000,"k in [a,b] (~N/50, cap 1000)",0.503
2025-09-08T18:33:25.740418669+03:00,heap_btree,select,100000,"k in [a,b] (~N/50, cap 1000)",0.503
2025-09-08T18:33:25.740928032+03:00,heap_btree,select,100000,"k in [a,b] (~N/50, cap 1000)",0.503
2025-09-08T18:33:25.74159091+03:00,heap_btree,select,100000,"k in [a,b] (~N/50, cap 1000)",0.655
2025-09-08T18:33:25.742197495+03:00,heap_btree,select,100000,"k in [a,b] (~N/50, cap 1000)",0.599
2025-09-08T18:33:25.74272837+03:00,heap_btree,select,100000,"k in [a,b] (~N/50, cap 1000)",0.522
2025-09-08T18:33:25.743247721+03:00,heap_btree,select,100000,"k in [a,b] (~N/50, cap 1000)",0.512
2025-09-08T18:33:25.743770634+03:00,heap_btree,select,100000,"k in [a,b] (~N/50, cap 1000)",0.516
2025-09-08T18:33:25.744265959+03:00,heap_btree,select,100000,"k in [a,b] (~N/50, cap 1000)",0.489
2025-09-08T18:33:25.744777907+03:00,heap_btree,select,100000,"k in [a,b] (~N/50, cap 1000)",0.504
2025-09-08T18:33:25.745322471+03:00,heap_btree,select,100000,"k in [a,b] (~N/50, cap 1000)",0.536
2025-09-08T18:33:25.745943723+03:00,heap_btree,select,100000,"k in [a,b] (~N/50, cap 1000)",0.614
2025-09-08T18:33:25.746505259+03:00,heap_btree,select,100000,"k in [a,b] (~N/50, cap 1000)",0.553
2025-09-08T18:33:25.746990177+03:00,heap_btree,select,100000,"k in [a,b] (~N/50, cap 1000)",0.477
2025-09-08T18:33:25.747474258+03:00,heap_btree,select,100000,"k in [a,b] (~N/50, cap 1000)",0.476
2025-09-08T18:33:25.748107034+03:00,heap_btree,select,100000,"k in [a,b] (~N/50, cap 1000)",0.586
2025-09-08T18:33:25.748761181+03:00,heap_btree,select,100000,"k in [a,b] (~N/50, cap 1000)",0.645
2025-09-08T18:33:25.749520372+03:00,heap_btree,select,100000,"k in [a,b] (~N/50, cap 1000)",0.749
2025-09-08T18:33:25.750307361+03:00,heap_btree,select,100000,"k in [a,b] (~N/50, cap 1000)",0.778
2025-09-08T18:33:25.751068857+03:00,heap_btree,select,100000,"k in [a,b] (~N/50, cap 1000)",0.745
2025-09-08T18:33:25.751700725+03:00,heap_btree,select,100000,"k in [a,b] (~N/50, cap 1000)",0.623
2025-09-08T18:33:25.752267848+03:00,heap_btree,select,100000,"k in [a,b] (~N/50, cap 1000)",0.560
2025-09-08T18:33:25.752827778+03:00,heap_btree,select,100000,"k in [a,b] (~N/50, cap 1000)",0.552
2025-09-08T18:33:25.75335537+03:00,heap_btree,select,100000,"k in [a,b] (~N/50, cap 1000)",0.521
2025-09-08T18:33:25.753909852+03:00,heap_btree,select,100000,"k in [a,b] (~N/50, cap 1000)",0.547
2025-09-08T18:33:25.754447013+03:00,heap_btree,select,100000,"k in [a,b] (~N/50, cap 1000)",0.529
2025-09-08T18:33:25.754951069+03:00,heap_btree,select,100000,"k in [a,b] (~N/50, cap 1000)",0.498
2025-09-08T18:33:25.755497309+03:00,heap_btree,select,100000,"k in [a,b] (~N/50, cap 1000)",0.539
2025-09-08T18:33:25.756005695+03:00,heap_btree,select,100000,"k in [a,b] (~N/50, cap 1000)",0.501
2025-09-08T18:33:25.756546697+03:00,heap_btree,select,100000,"k in [a,b] (~N/50, cap 1000)",0.532
2025-09-08T18:33:25.757070728+03:00,heap_btree,select,100000,"k in [a,b] (~N/50, cap 1000)",0.516
2025-09-08T18:33:25.757605095+03:00,heap_btree,select,100000,"k in [a,b] (~N/50, cap 1000)",0.527
2025-09-08T18:33:25.758127728+03:00,heap_btree,select,100000,"k in [a,b] (~N/50, cap 1000)",0.515
2025-09-08T18:33:25.758660629+03:00,heap_btree,select,100000,"k in [a,b] (~N/50, cap 1000)",0.525
2025-09-08T18:33:25.759165313+03:00,heap_btree,select,100000,"k in [a,b] (~N/50, cap 1000)",0.497
2025-09-08T18:33:25.759708271+03:00,heap_btree,select,100000,"k in [a,b] (~N/50, cap 1000)",0.535
2025-09-08T18:33:25.760210929+03:00,heap_btree,select,100000,"k in [a,b] (~N/50, cap 1000)",0.495
2025-09-08T18:33:25.760745087+03:00,heap_btree,select,100000,"k in [a,b] (~N/50, cap 1000)",0.527
2025-09-08T18:33:25.761313258+03:00,heap_btree,select,100000,"k in [a,b] (~N/50, cap 1000)",0.561
2025-09-08T18:33:25.76185461+03:00,heap_btree,select,100000,"k in [a,b] (~N/50, cap 1000)",0.534
2025-09-08T18:33:25.762365091+03:00,heap_btree,select,100000,"k in [a,b] (~N/50, cap 1000)",0.503
2025-09-08T18:33:25.762904836+03:00,heap_btree,select,100000,"k in [a,b] (~N/50, cap 1000)",0.532
2025-09-08T18:33:25.7634362+03:00,heap_btree,select,100000,"k in [a,b] (~N/50, cap 1000)",0.525
2025-09-08T18:33:25.763983139+03:00,heap_btree,select,100000,"k in [a,b] (~N/50, cap 1000)",0.538
2025-09-08T18:33:25.764566256+03:00,heap_btree,select,100000,"k in [a,b] (~N/50, cap 1000)",0.575
2025-09-08T18:33:25.765148955+03:00,heap_btree,select,100000,"k in [a,b] (~N/50, cap 1000)",0.575
2025-09-08T18:33:25.765671728+03:00,heap_btree,select,100000,"k in [a,b] (~N/50, cap 1000)",0.515
2025-09-08T18:33:25.766180184+03:00,heap_btree,select,100000,"k in [a,b] (~N/50, cap 1000)",0.502
2025-09-08T18:33:25.76670156+03:00,heap_btree,select,100000,"k in [a,b] (~N/50, cap 1000)",0.514
2025-09-08T18:33:25.76719898+03:00,heap_btree,select,100000,"k in [a,b] (~N/50, cap 1000)",0.491
2025-09-08T18:33:25.767739494+03:00,heap_btree,select,100000,"k in [a,b] (~N/50, cap 1000)",0.533
2025-09-08T18:33:25.768272115+03:00,heap_btree,select,100000,"k in [a,b] (~N/50, cap 1000)",0.525
2025-09-08T18:33:25.768809765+03:00,heap_btree,select,100000,"k in [a,b] (~N/50, cap 1000)",0.529
2025-09-08T18:33:25.769315357+03:00,heap_btree,select,100000,"k in [a,b] (~N/50, cap 1000)",0.497
2025-09-08T18:33:25.769880245+03:00,heap_btree,select,100000,"k in [a,b] (~N/50, cap 1000)",0.557
2025-09-08T18:33:25.770467623+03:00,heap_btree,select,100000,"k in [a,b] (~N/50, cap 1000)",0.579
2025-09-08T18:33:25.771011419+03:00,heap_btree,select,100000,"k in [a,b] (~N/50, cap 1000)",0.535
2025-09-08T18:33:25.771600264+03:00,heap_btree,select,100000,"k in [a,b] (~N/50, cap 1000)",0.554
2025-09-08T18:33:25.772121291+03:00,heap_btree,select,100000,"k in [a,b] (~N/50, cap 1000)",0.514
2025-09-08T18:33:25.772669627+03:00,heap_btree,select,100000,"k in [a,b] (~N/50, cap 1000)",0.542
2025-09-08T18:33:25.773197988+03:00,heap_btree,select,100000,"k in [a,b] (~N/50, cap 1000)",0.522
2025-09-08T18:33:25.773732634+03:00,heap_btree,select,100000,"k in [a,b] (~N/50, cap 1000)",0.529
2025-09-08T18:33:25.774235712+03:00,heap_btree,select,100000,"k in [a,b] (~N/50, cap 1000)",0.497
2025-09-08T18:33:25.774754574+03:00,heap_btree,select,100000,"k in [a,b] (~N/50, cap 1000)",0.513
2025-09-08T18:33:25.775268407+03:00,heap_btree,select,100000,"k in [a,b] (~N/50, cap 1000)",0.508
2025-09-08T18:33:25.775795581+03:00,heap_btree,select,100000,"k in [a,b] (~N/50, cap 1000)",0.520
2025-09-08T18:33:25.776303547+03:00,heap_btree,select,100000,"k in [a,b] (~N/50, cap 1000)",0.501
2025-09-08T18:33:25.776821502+03:00,heap_btree,select,100000,"k in [a,b] (~N/50, cap 1000)",0.510
2025-09-08T18:33:25.777336802+03:00,heap_btree,select,100000,"k in [a,b] (~N/50, cap 1000)",0.507
2025-09-08T18:33:25.777876128+03:00,heap_btree,select,100000,"k in [a,b] (~N/50, cap 1000)",0.532
2025-09-08T18:33:25.778505341+03:00,heap_btree,select,100000,"k in [a,b] (~N/50, cap 1000)",0.622
2025-09-08T18:33:25.77904802+03:00,heap_btree,select,100000,"k in [a,b] (~N/50, cap 1000)",0.535
2025-09-08T18:33:25.77958581+03:00,heap_btree,select,100000,"k in [a,b] (~N/50, cap 1000)",0.531
2025-09-08T18:33:28.962718579+03:00,heap_btree,delete,100000,k%7=0,743.981
2025-09-08T18:33:29.722896+03:00,heap_btree,delete,100000,k%7=0,760.164
2025-09-08T18:33:30.483208218+03:00,heap_btree,delete,100000,k%7=0,760.295
2025-09-08T18:33:31.241707385+03:00,heap_btree,delete,100000,k%7=0,758.480
2025-09-08T18:33:32.00451683+03:00,heap_btree,delete,100000,k%7=0,762.795
2025-09-08T18:33:32.755202054+03:00,heap_btree,delete,100000,k%7=0,750.668
2025-09-08T18:33:33.513632843+03:00,heap_btree,delete,100000,k%7=0,758.415
2025-09-08T18:33:34.367346454+03:00,heap_btree,delete,100000,k%7=0,853.692
2025-09-08T18:33:35.137393006+03:00,heap_btree,delete,100000,k%7=0,770.027
2025-09-08T18:33:35.908106207+03:00,heap_btree,delete,100000,k%7=0,770.696
2025-09-08T18:33:36.692823307+03:00,heap_btree,delete,100000,k%7=0,784.702
2025-09-08T18:33:37.460581667+03:00,heap_btree,delete,100000,k%7=0,767.730
2025-09-08T18:33:38.257611701+03:00,heap_btree,delete,100000,k%7=0,797.014
2025-09-08T18:33:38.999938273+03:00,heap_btree,delete,100000,k%7=0,742.311
2025-09-08T18:33:39.759365225+03:00,heap_btree,delete,100000,k%7=0,759.408
2025-09-08T18:33:40.525968941+03:00,heap_btree,delete,100000,k%7=0,766.573
2025-09-08T18:33:41.295797369+03:00,heap_btree,delete,100000,k%7=0,769.806
2025-09-08T18:33:42.072610634+03:00,heap_btree,delete,100000,k%7=0,776.794
2025-09-08T18:33:42.96532948+03:00,heap_btree,delete,100000,k%7=0,892.704
2025-09-08T18:33:43.858883854+03:00,heap_btree,delete,100000,k%7=0,893.537
2025-09-08T18:33:44.671587093+03:00,heap_btree,delete,100000,k%7=0,812.688
2025-09-08T18:33:45.436790876+03:00,heap_btree,delete,100000,k%7=0,765.188
2025-09-08T18:33:46.192881292+03:00,heap_btree,delete,100000,k%7=0,756.071
2025-09-08T18:33:46.933827345+03:00,heap_btree,delete,100000,k%7=0,740.919
2025-09-08T18:33:47.684219495+03:00,heap_btree,delete,100000,k%7=0,750.358
2025-09-08T18:33:48.430802699+03:00,heap_btree,delete,100000,k%7=0,746.568
2025-09-08T18:33:49.179659284+03:00,heap_btree,delete,100000,k%7=0,748.840
2025-09-08T18:33:49.935091428+03:00,heap_btree,delete,100000,k%7=0,755.417
2025-09-08T18:33:50.707088606+03:00,heap_btree,delete,100000,k%7=0,771.982
2025-09-08T18:33:51.476023456+03:00,heap_btree,delete,100000,k%7=0,768.913
2025-09-08T18:33:52.234222629+03:00,heap_btree,delete,100000,k%7=0,758.181
2025-09-08T18:33:52.983305153+03:00,heap_btree,delete,100000,k%7=0,749.067
2025-09-08T18:33:53.75205799+03:00,heap_btree,delete,100000,k%7=0,768.738
2025-09-08T18:33:54.516694153+03:00,heap_btree,delete,100000,k%7=0,764.621
2025-09-08T18:33:55.304972031+03:00,heap_btree,delete,100000,k%7=0,788.264
2025-09-08T18:33:56.067939229+03:00,heap_btree,delete,100000,k%7=0,762.950
2025-09-08T18:33:56.817410774+03:00,heap_btree,delete,100000,k%7=0,749.448
2025-09-08T18:33:57.568348946+03:00,heap_btree,delete,100000,k%7=0,750.924
2025-09-08T18:33:58.332851916+03:00,heap_btree,delete,100000,k%7=0,764.486
2025-09-08T18:33:59.094151056+03:00,heap_btree,delete,100000,k%7=0,761.280
2025-09-08T18:33:59.850050998+03:00,heap_btree,delete,100000,k%7=0,755.883
2025-09-08T18:34:00.62882194+03:00,heap_btree,delete,100000,k%7=0,778.748
2025-09-08T18:34:01.602483812+03:00,heap_btree,delete,100000,k%7=0,973.647
2025-09-08T18:34:02.368380631+03:00,heap_btree,delete,100000,k%7=0,765.867
2025-09-08T18:34:03.154361162+03:00,heap_btree,delete,100000,k%7=0,785.963
2025-09-08T18:34:03.916385615+03:00,heap_btree,delete,100000,k%7=0,761.994
2025-09-08T18:34:04.673474348+03:00,heap_btree,delete,100000,k%7=0,757.065
2025-09-08T18:34:05.423123565+03:00,heap_btree,delete,100000,k%7=0,749.633
2025-09-08T18:34:06.179589578+03:00,heap_btree,delete,100000,k%7=0,756.450
2025-09-08T18:34:06.91940884+03:00,heap_btree,delete,100000,k%7=0,739.799
2025-09-08T18:34:07.667021649+03:00,heap_btree,delete,100000,k%7=0,747.592
2025-09-08T18:34:08.415137326+03:00,heap_btree,delete,100000,k%7=0,748.099
2025-09-08T18:34:09.176091294+03:00,heap_btree,delete,100000,k%7=0,760.933
2025-09-08T18:34:09.918575895+03:00,heap_btree,delete,100000,k%7=0,742.464
2025-09-08T18:34:10.687447799+03:00,heap_btree,delete,100000,k%7=0,768.858
2025-09-08T18:34:11.472720676+03:00,heap_btree,delete,100000,k%7=0,785.210
2025-09-08T18:34:12.262098981+03:00,heap_btree,delete,100000,k%7=0,789.362
2025-09-08T18:34:13.06447475+03:00,heap_btree,delete,100000,k%7=0,802.361
2025-09-08T18:34:13.841809293+03:00,heap_btree,delete,100000,k%7=0,777.320
2025-09-08T18:34:14.636788569+03:00,heap_btree,delete,100000,k%7=0,794.964
2025-09-08T18:34:15.423722304+03:00,heap_btree,delete,100000,k%7=0,786.899
2025-09-08T18:34:16.200435454+03:00,heap_btree,delete,100000,k%7=0,776.677
2025-09-08T18:34:17.03422008+03:00,heap_btree,delete,100000,k%7=0,833.766
2025-09-08T18:34:17.848170331+03:00,heap_btree,delete,100000,k%7=0,813.934
2025-09-08T18:34:18.60118149+03:00,heap_btree,delete,100000,k%7=0,752.992
2025-09-08T18:34:19.409121349+03:00,heap_btree,delete,100000,k%7=0,807.923
2025-09-08T18:34:20.342085039+03:00,heap_btree,delete,100000,k%7=0,932.946
2025-09-08T18:34:21.10311757+03:00,heap_btree,delete,100000,k%7=0,761.013
2025-09-08T18:34:21.896022299+03:00,heap_btree,delete,100000,k%7=0,792.883
2025-09-08T18:34:22.689600033+03:00,heap_btree,delete,100000,k%7=0,793.560
2025-09-08T18:34:23.451040654+03:00,heap_btree,delete,100000,k%7=0,761.422
2025-09-08T18:34:24.262697192+03:00,heap_btree,delete,100000,k%7=0,811.635
2025-09-08T18:34:25.021456966+03:00,heap_btree,delete,100000,k%7=0,758.742
2025-09-08T18:34:25.79042999+03:00,heap_btree,delete,100000,k%7=0,768.941
2025-09-08T18:34:26.551675747+03:00,heap_btree,delete,100000,k%7=0,761.228
2025-09-08T18:34:27.302546846+03:00,heap_btree,delete,100000,k%7=0,750.854
2025-09-08T18:34:28.079583427+03:00,heap_btree,delete,100000,k%7=0,777.018
2025-09-08T18:34:28.839216443+03:00,heap_btree,delete,100000,k%7=0,759.604
2025-09-08T18:34:29.584301134+03:00,heap_btree,delete,100000,k%7=0,745.066
2025-09-08T18:34:30.343528361+03:00,heap_btree,delete,100000,k%7=0,759.212
2025-09-08T18:34:31.115965234+03:00,heap_btree,delete,100000,k%7=0,772.410
2025-09-08T18:34:31.896422503+03:00,heap_btree,delete,100000,k%7=0,780.439
2025-09-08T18:34:32.65660853+03:00,heap_btree,delete,100000,k%7=0,760.116
2025-09-08T18:34:33.433740513+03:00,heap_btree,delete,100000,k%7=0,777.113
2025-09-08T18:34:34.194141166+03:00,heap_btree,delete,100000,k%7=0,760.375
2025-09-08T18:34:34.945456808+03:00,heap_btree,delete,100000,k%7=0,751.301
2025-09-08T18:34:35.705478283+03:00,heap_btree,delete,100000,k%7=0,759.999
2025-09-08T18:34:36.451467293+03:00,heap_btree,delete,100000,k%7=0,745.971
2025-09-08T18:34:37.218343208+03:00,heap_btree,delete,100000,k%7=0,766.848
2025-09-08T18:34:38.115257316+03:00,heap_btree,delete,100000,k%7=0,896.894
2025-09-08T18:34:38.974531956+03:00,heap_btree,delete,100000,k%7=0,859.260
2025-09-08T18:34:39.758459846+03:00,heap_btree,delete,100000,k%7=0,783.911
2025-09-08T18:34:40.513700578+03:00,heap_btree,delete,100000,k%7=0,755.227
2025-09-08T18:34:41.263395443+03:00,heap_btree,delete,100000,k%7=0,749.678
2025-09-08T18:34:42.00322704+03:00,heap_btree,delete,100000,k%7=0,739.806
2025-09-08T18:34:42.797996623+03:00,heap_btree,delete,100000,k%7=0,794.756
2025-09-08T18:34:43.570696025+03:00,heap_btree,delete,100000,k%7=0,772.684
2025-09-08T18:34:44.344565711+03:00,heap_btree,delete,100000,k%7=0,773.849
2025-09-08T18:34:45.099770052+03:00,heap_btree,delete,100000,k%7=0,755.179
2025-09-08T18:34:45.853216519+03:00,heap_btree,delete,100000,k%7=0,753.431
2025-09-08T18:34:49.798664312+03:00,heap_btree,insert,130000,bulk=130000,1014.653
2025-09-08T18:34:50.781805894+03:00,heap_btree,insert,130000,bulk=130000,983.112
2025-09-08T18:34:51.762040897+03:00,heap_btree,insert,130000,bulk=130000,980.219
2025-09-08T18:34:52.737536158+03:00,heap_btree,insert,130000,bulk=130000,975.475
2025-09-08T18:34:53.717480055+03:00,heap_btree,insert,130000,bulk=130000,979.928
2025-09-08T18:34:54.719176487+03:00,heap_btree,insert,130000,bulk=130000,1001.676
2025-09-08T18:34:55.71963698+03:00,heap_btree,insert,130000,bulk=130000,1000.442
2025-09-08T18:34:56.896368864+03:00,heap_btree,insert,130000,bulk=130000,1176.719
2025-09-08T18:34:57.873247985+03:00,heap_btree,insert,130000,bulk=130000,976.858
2025-09-08T18:34:58.870403095+03:00,heap_btree,insert,130000,bulk=130000,997.142
2025-09-08T18:34:59.862276203+03:00,heap_btree,insert,130000,bulk=130000,991.856
2025-09-08T18:35:00.826921869+03:00,heap_btree,insert,130000,bulk=130000,964.630
2025-09-08T18:35:01.783906478+03:00,heap_btree,insert,130000,bulk=130000,956.970
2025-09-08T18:35:02.763460363+03:00,heap_btree,insert,130000,bulk=130000,979.539
2025-09-08T18:35:03.736767579+03:00,heap_btree,insert,130000,bulk=130000,973.293
2025-09-08T18:35:04.734167272+03:00,heap_btree,insert,130000,bulk=130000,997.384
2025-09-08T18:35:05.72858803+03:00,heap_btree,insert,130000,bulk=130000,994.404
2025-09-08T18:35:06.714338085+03:00,heap_btree,insert,130000,bulk=130000,985.735
2025-09-08T18:35:07.716402994+03:00,heap_btree,insert,130000,bulk=130000,1002.051
2025-09-08T18:35:08.707154628+03:00,heap_btree,insert,130000,bulk=130000,990.737
2025-09-08T18:35:09.67429011+03:00,heap_btree,insert,130000,bulk=130000,967.115
2025-09-08T18:35:10.644206941+03:00,heap_btree,insert,130000,bulk=130000,969.891
2025-09-08T18:35:11.628428621+03:00,heap_btree,insert,130000,bulk=130000,984.206
2025-09-08T18:35:12.604669993+03:00,heap_btree,insert,130000,bulk=130000,976.225
2025-09-08T18:35:13.597460962+03:00,heap_btree,insert,130000,bulk=130000,992.777
2025-09-08T18:35:14.578017778+03:00,heap_btree,insert,130000,bulk=130000,980.522
2025-09-08T18:35:15.757837319+03:00,heap_btree,insert,130000,bulk=130000,1179.800
2025-09-08T18:35:16.777341404+03:00,heap_btree,insert,130000,bulk=130000,1019.487
2025-09-08T18:35:17.732883465+03:00,heap_btree,insert,130000,bulk=130000,955.531
2025-09-08T18:35:18.695571629+03:00,heap_btree,insert,130000,bulk=130000,962.662
2025-09-08T18:35:19.672833677+03:00,heap_btree,insert,130000,bulk=130000,977.248
2025-09-08T18:35:20.645681381+03:00,heap_btree,insert,130000,bulk=130000,972.832
2025-09-08T18:35:21.63285789+03:00,heap_btree,insert,130000,bulk=130000,987.159
2025-09-08T18:35:22.586050505+03:00,heap_btree,insert,130000,bulk=130000,953.179
2025-09-08T18:35:23.555746689+03:00,heap_btree,insert,130000,bulk=130000,969.682
2025-09-08T18:35:24.548017039+03:00,heap_btree,insert,130000,bulk=130000,992.257
2025-09-08T18:35:25.534189764+03:00,heap_btree,insert,130000,bulk=130000,986.159
2025-09-08T18:35:26.554575465+03:00,heap_btree,insert,130000,bulk=130000,1020.366
2025-09-08T18:35:27.536513131+03:00,heap_btree,insert,130000,bulk=130000,981.921
2025-09-08T18:35:28.514587861+03:00,heap_btree,insert,130000,bulk=130000,978.056
2025-09-08T18:35:29.487191246+03:00,heap_btree,insert,130000,bulk=130000,972.587
2025-09-08T18:35:30.455791382+03:00,heap_btree,insert,130000,bulk=130000,968.586
2025-09-08T18:35:31.435270857+03:00,heap_btree,insert,130000,bulk=130000,979.461
2025-09-08T18:35:32.447365655+03:00,heap_btree,insert,130000,bulk=130000,1012.080
2025-09-08T18:35:33.53109645+03:00,heap_btree,insert,130000,bulk=130000,1083.700
2025-09-08T18:35:34.607610319+03:00,heap_btree,insert,130000,bulk=130000,1076.498
2025-09-08T18:35:35.587181983+03:00,heap_btree,insert,130000,bulk=130000,979.555
2025-09-08T18:35:36.554942533+03:00,heap_btree,insert,130000,bulk=130000,967.747
2025-09-08T18:35:37.536461901+03:00,heap_btree,insert,130000,bulk=130000,981.506
2025-09-08T18:35:38.547978255+03:00,heap_btree,insert,130000,bulk=130000,1011.503
2025-09-08T18:35:39.4959441+03:00,heap_btree,insert,130000,bulk=130000,947.952
2025-09-08T18:35:40.488100032+03:00,heap_btree,insert,130000,bulk=130000,992.097
2025-09-08T18:35:41.447309027+03:00,heap_btree,insert,130000,bulk=130000,959.190
2025-09-08T18:35:42.423816612+03:00,heap_btree,insert,130000,bulk=130000,976.493
2025-09-08T18:35:43.442418512+03:00,heap_btree,insert,130000,bulk=130000,1018.586
2025-09-08T18:35:44.429686703+03:00,heap_btree,insert,130000,bulk=130000,987.249
2025-09-08T18:35:45.398165647+03:00,heap_btree,insert,130000,bulk=130000,968.462
2025-09-08T18:35:46.367983477+03:00,heap_btree,insert,130000,bulk=130000,969.805
2025-09-08T18:35:47.344304088+03:00,heap_btree,insert,130000,bulk=130000,976.308
2025-09-08T18:35:48.388743693+03:00,heap_btree,insert,130000,bulk=130000,1044.424
2025-09-08T18:35:49.387334931+03:00,heap_btree,insert,130000,bulk=130000,998.574
2025-09-08T18:35:50.369169278+03:00,heap_btree,insert,130000,bulk=130000,981.814
2025-09-08T18:35:51.367150997+03:00,heap_btree,insert,130000,bulk=130000,997.964
2025-09-08T18:35:52.499745879+03:00,heap_btree,insert,130000,bulk=130000,1132.575
2025-09-08T18:35:53.509359143+03:00,heap_btree,insert,130000,bulk=130000,1009.596
2025-09-08T18:35:54.498488914+03:00,heap_btree,insert,130000,bulk=130000,989.116
2025-09-08T18:35:55.470866474+03:00,heap_btree,insert,130000,bulk=130000,972.366
2025-09-08T18:35:56.437450574+03:00,heap_btree,insert,130000,bulk=130000,966.553
2025-09-08T18:35:57.415616842+03:00,heap_btree,insert,130000,bulk=130000,978.152
2025-09-08T18:35:58.388734872+03:00,heap_btree,insert,130000,bulk=130000,973.104
2025-09-08T18:35:59.376812737+03:00,heap_btree,insert,130000,bulk=130000,988.063
2025-09-08T18:36:00.35397138+03:00,heap_btree,insert,130000,bulk=130000,977.142
2025-09-08T18:36:01.338965125+03:00,heap_btree,insert,130000,bulk=130000,984.983
2025-09-08T18:36:02.336799466+03:00,heap_btree,insert,130000,bulk=130000,997.818
2025-09-08T18:36:03.316490745+03:00,heap_btree,insert,130000,bulk=130000,979.675
2025-09-08T18:36:04.276655798+03:00,heap_btree,insert,130000,bulk=130000,960.151
2025-09-08T18:36:05.246315068+03:00,heap_btree,insert,130000,bulk=130000,969.640
2025-09-08T18:36:06.213866761+03:00,heap_btree,insert,130000,bulk=130000,967.535
2025-09-08T18:36:07.180964546+03:00,heap_btree,insert,130000,bulk=130000,967.084
2025-09-08T18:36:08.183394187+03:00,heap_btree,insert,130000,bulk=130000,1002.411
2025-09-08T18:36:09.170861338+03:00,heap_btree,insert,130000,bulk=130000,987.451
2025-09-08T18:36:10.172260586+03:00,heap_btree,insert,130000,bulk=130000,1001.382
2025-09-08T18:36:11.359471806+03:00,heap_btree,insert,130000,bulk=130000,1187.195
2025-09-08T18:36:12.325034861+03:00,heap_btree,insert,130000,bulk=130000,965.546
2025-09-08T18:36:13.302483271+03:00,heap_btree,insert,130000,bulk=130000,977.435
2025-09-08T18:36:14.270519736+03:00,heap_btree,insert,130000,bulk=130000,968.023
2025-09-08T18:36:15.254989998+03:00,heap_btree,insert,130000,bulk=130000,984.455
2025-09-08T18:36:16.217476963+03:00,heap_btree,insert,130000,bulk=130000,962.472
2025-09-08T18:36:17.193100378+03:00,heap_btree,insert,130000,bulk=130000,975.609
2025-09-08T18:36:18.163406521+03:00,heap_btree,insert,130000,bulk=130000,970.290
2025-09-08T18:36:19.151886942+03:00,heap_btree,insert,130000,bulk=130000,988.467
2025-09-08T18:36:20.158015236+03:00,heap_btree,insert,130000,bulk=130000,1006.114
2025-09-08T18:36:21.177158104+03:00,heap_btree,insert,130000,bulk=130000,1018.931
2025-09-08T18:36:22.186646114+03:00,heap_btree,insert,130000,bulk=130000,1009.473
2025-09-08T18:36:23.154578925+03:00,heap_btree,insert,130000,bulk=130000,967.915
2025-09-08T18:36:24.154206319+03:00,heap_btree,insert,130000,bulk=130000,999.608
2025-09-08T18:36:25.131616655+03:00,heap_btree,insert,130000,bulk=130000,977.394
2025-09-08T18:36:26.133424679+03:00,heap_btree,insert,130000,bulk=130000,1001.789
2025-09-08T18:36:27.107724494+03:00,heap_btree,insert,130000,bulk=130000,974.284
2025-09-08T18:36:28.098576001+03:00,heap_btree,insert,130000,bulk=130000,990.837
2025-09-08T18:36:29.161277219+03:00,heap_btree,select,130000,"k in [a,b] (~N/50, cap 1000)",0.560
2025-09-08T18:36:29.16186313+03:00,heap_btree,select,130000,"k in [a,b] (~N/50, cap 1000)",0.568
2025-09-08T18:36:29.162416215+03:00,heap_btree,select,130000,"k in [a,b] (~N/50, cap 1000)",0.544
2025-09-08T18:36:29.162972723+03:00,heap_btree,select,130000,"k in [a,b] (~N/50, cap 1000)",0.550
2025-09-08T18:36:29.163539357+03:00,heap_btree,select,130000,"k in [a,b] (~N/50, cap 1000)",0.559
2025-09-08T18:36:29.16410662+03:00,heap_btree,select,130000,"k in [a,b] (~N/50, cap 1000)",0.560
2025-09-08T18:36:29.164661661+03:00,heap_btree,select,130000,"k in [a,b] (~N/50, cap 1000)",0.545
2025-09-08T18:36:29.165426928+03:00,heap_btree,select,130000,"k in [a,b] (~N/50, cap 1000)",0.758
2025-09-08T18:36:29.166272026+03:00,heap_btree,select,130000,"k in [a,b] (~N/50, cap 1000)",0.836
2025-09-08T18:36:29.166950339+03:00,heap_btree,select,130000,"k in [a,b] (~N/50, cap 1000)",0.669
2025-09-08T18:36:29.167574733+03:00,heap_btree,select,130000,"k in [a,b] (~N/50, cap 1000)",0.616
2025-09-08T18:36:29.168162321+03:00,heap_btree,select,130000,"k in [a,b] (~N/50, cap 1000)",0.580
2025-09-08T18:36:29.168737406+03:00,heap_btree,select,130000,"k in [a,b] (~N/50, cap 1000)",0.566
2025-09-08T18:36:29.169292377+03:00,heap_btree,select,130000,"k in [a,b] (~N/50, cap 1000)",0.546
2025-09-08T18:36:29.169859291+03:00,heap_btree,select,130000,"k in [a,b] (~N/50, cap 1000)",0.560
2025-09-08T18:36:29.170414122+03:00,heap_btree,select,130000,"k in [a,b] (~N/50, cap 1000)",0.547
2025-09-08T18:36:29.171064428+03:00,heap_btree,select,130000,"k in [a,b] (~N/50, cap 1000)",0.643
2025-09-08T18:36:29.171679044+03:00,heap_btree,select,130000,"k in [a,b] (~N/50, cap 1000)",0.608
2025-09-08T18:36:29.172228498+03:00,heap_btree,select,130000,"k in [a,b] (~N/50, cap 1000)",0.543
2025-09-08T18:36:29.172803862+03:00,heap_btree,select,130000,"k in [a,b] (~N/50, cap 1000)",0.569
2025-09-08T18:36:29.173423298+03:00,heap_btree,select,130000,"k in [a,b] (~N/50, cap 1000)",0.611
2025-09-08T18:36:29.174023317+03:00,heap_btree,select,130000,"k in [a,b] (~N/50, cap 1000)",0.592
2025-09-08T18:36:29.174658747+03:00,heap_btree,select,130000,"k in [a,b] (~N/50, cap 1000)",0.627
2025-09-08T18:36:29.175310171+03:00,heap_btree,select,130000,"k in [a,b] (~N/50, cap 1000)",0.644
2025-09-08T18:36:29.175929886+03:00,heap_btree,select,130000,"k in [a,b] (~N/50, cap 1000)",0.611
2025-09-08T18:36:29.176475847+03:00,heap_btree,select,130000,"k in [a,b] (~N/50, cap 1000)",0.537
2025-09-08T18:36:29.177001274+03:00,heap_btree,select,130000,"k in [a,b] (~N/50, cap 1000)",0.517
2025-09-08T18:36:29.177677911+03:00,heap_btree,select,130000,"k in [a,b] (~N/50, cap 1000)",0.670
2025-09-08T18:36:29.178237282+03:00,heap_btree,select,130000,"k in [a,b] (~N/50, cap 1000)",0.550
2025-09-08T18:36:29.178799865+03:00,heap_btree,select,130000,"k in [a,b] (~N/50, cap 1000)",0.554
2025-09-08T18:36:29.179352461+03:00,heap_btree,select,130000,"k in [a,b] (~N/50, cap 1000)",0.545
2025-09-08T18:36:29.179901076+03:00,heap_btree,select,130000,"k in [a,b] (~N/50, cap 1000)",0.541
2025-09-08T18:36:29.180416586+03:00,heap_btree,select,130000,"k in [a,b] (~N/50, cap 1000)",0.507
2025-09-08T18:36:29.180926578+03:00,heap_btree,select,130000,"k in [a,b] (~N/50, cap 1000)",0.503
2025-09-08T18:36:29.181435452+03:00,heap_btree,select,130000,"k in [a,b] (~N/50, cap 1000)",0.503
2025-09-08T18:36:29.18194733+03:00,heap_btree,select,130000,"k in [a,b] (~N/50, cap 1000)",0.505
2025-09-08T18:36:29.182486237+03:00,heap_btree,select,130000,"k in [a,b] (~N/50, cap 1000)",0.532
2025-09-08T18:36:29.182995321+03:00,heap_btree,select,130000,"k in [a,b] (~N/50, cap 1000)",0.502
2025-09-08T18:36:29.183682504+03:00,heap_btree,select,130000,"k in [a,b] (~N/50, cap 1000)",0.679
2025-09-08T18:36:29.184366195+03:00,heap_btree,select,130000,"k in [a,b] (~N/50, cap 1000)",0.674
2025-09-08T18:36:29.185106459+03:00,heap_btree,select,130000,"k in [a,b] (~N/50, cap 1000)",0.732
2025-09-08T18:36:29.185762073+03:00,heap_btree,select,130000,"k in [a,b] (~N/50, cap 1000)",0.648
2025-09-08T18:36:29.186492419+03:00,heap_btree,select,130000,"k in [a,b] (~N/50, cap 1000)",0.680
2025-09-08T18:36:29.187199996+03:00,heap_btree,select,130000,"k in [a,b] (~N/50, cap 1000)",0.699
2025-09-08T18:36:29.187870766+03:00,heap_btree,select,130000,"k in [a,b] (~N/50, cap 1000)",0.663
2025-09-08T18:36:29.188456258+03:00,heap_btree,select,130000,"k in [a,b] (~N/50, cap 1000)",0.578
2025-09-08T18:36:29.18901542+03:00,heap_btree,select,130000,"k in [a,b] (~N/50, cap 1000)",0.552
2025-09-08T18:36:29.18959288+03:00,heap_btree,select,130000,"k in [a,b] (~N/50, cap 1000)",0.570
2025-09-08T18:36:29.190254291+03:00,heap_btree,select,130000,"k in [a,b] (~N/50, cap 1000)",0.654
2025-09-08T18:36:29.190849212+03:00,heap_btree,select,130000,"k in [a,b] (~N/50, cap 1000)",0.589
2025-09-08T18:36:29.191435123+03:00,heap_btree,select,130000,"k in [a,b] (~N/50, cap 1000)",0.579
2025-09-08T18:36:29.192042964+03:00,heap_btree,select,130000,"k in [a,b] (~N/50, cap 1000)",0.600
2025-09-08T18:36:29.192664006+03:00,heap_btree,select,130000,"k in [a,b] (~N/50, cap 1000)",0.612
2025-09-08T18:36:29.193236647+03:00,heap_btree,select,130000,"k in [a,b] (~N/50, cap 1000)",0.566
2025-09-08T18:36:29.193816482+03:00,heap_btree,select,130000,"k in [a,b] (~N/50, cap 1000)",0.572
2025-09-08T18:36:29.194342259+03:00,heap_btree,select,130000,"k in [a,b] (~N/50, cap 1000)",0.519
2025-09-08T18:36:29.194883959+03:00,heap_btree,select,130000,"k in [a,b] (~N/50, cap 1000)",0.534
2025-09-08T18:36:29.195430479+03:00,heap_btree,select,130000,"k in [a,b] (~N/50, cap 1000)",0.538
2025-09-08T18:36:29.196040695+03:00,heap_btree,select,130000,"k in [a,b] (~N/50, cap 1000)",0.603
2025-09-08T18:36:29.196604676+03:00,heap_btree,select,130000,"k in [a,b] (~N/50, cap 1000)",0.556
2025-09-08T18:36:29.197137646+03:00,heap_btree,select,130000,"k in [a,b] (~N/50, cap 1000)",0.526
2025-09-08T18:36:29.197693664+03:00,heap_btree,select,130000,"k in [a,b] (~N/50, cap 1000)",0.548
2025-09-08T18:36:29.198244305+03:00,heap_btree,select,130000,"k in [a,b] (~N/50, cap 1000)",0.542
2025-09-08T18:36:29.198917729+03:00,heap_btree,select,130000,"k in [a,b] (~N/50, cap 1000)",0.665
2025-09-08T18:36:29.19968118+03:00,heap_btree,select,130000,"k in [a,b] (~N/50, cap 1000)",0.753
2025-09-08T18:36:29.200354395+03:00,heap_btree,select,130000,"k in [a,b] (~N/50, cap 1000)",0.664
2025-09-08T18:36:29.200971596+03:00,heap_btree,select,130000,"k in [a,b] (~N/50, cap 1000)",0.609
2025-09-08T18:36:29.201573431+03:00,heap_btree,select,130000,"k in [a,b] (~N/50, cap 1000)",0.594
2025-09-08T18:36:29.202171565+03:00,heap_btree,select,130000,"k in [a,b] (~N/50, cap 1000)",0.590
2025-09-08T18:36:29.202912247+03:00,heap_btree,select,130000,"k in [a,b] (~N/50, cap 1000)",0.733
2025-09-08T18:36:29.203668226+03:00,heap_btree,select,130000,"k in [a,b] (~N/50, cap 1000)",0.748
2025-09-08T18:36:29.20421726+03:00,heap_btree,select,130000,"k in [a,b] (~N/50, cap 1000)",0.542
2025-09-08T18:36:29.204766643+03:00,heap_btree,select,130000,"k in [a,b] (~N/50, cap 1000)",0.543
2025-09-08T18:36:29.205309531+03:00,heap_btree,select,130000,"k in [a,b] (~N/50, cap 1000)",0.535
2025-09-08T18:36:29.205863314+03:00,heap_btree,select,130000,"k in [a,b] (~N/50, cap 1000)",0.547
2025-09-08T18:36:29.206407669+03:00,heap_btree,select,130000,"k in [a,b] (~N/50, cap 1000)",0.538
2025-09-08T18:36:29.206997352+03:00,heap_btree,select,130000,"k in [a,b] (~N/50, cap 1000)",0.582
2025-09-08T18:36:29.207586755+03:00,heap_btree,select,130000,"k in [a,b] (~N/50, cap 1000)",0.581
2025-09-08T18:36:29.208154157+03:00,heap_btree,select,130000,"k in [a,b] (~N/50, cap 1000)",0.559
2025-09-08T18:36:29.208746354+03:00,heap_btree,select,130000,"k in [a,b] (~N/50, cap 1000)",0.585
2025-09-08T18:36:29.20930796+03:00,heap_btree,select,130000,"k in [a,b] (~N/50, cap 1000)",0.553
2025-09-08T18:36:29.209879414+03:00,heap_btree,select,130000,"k in [a,b] (~N/50, cap 1000)",0.564
2025-09-08T18:36:29.210432499+03:00,heap_btree,select,130000,"k in [a,b] (~N/50, cap 1000)",0.545
2025-09-08T18:36:29.210976365+03:00,heap_btree,select,130000,"k in [a,b] (~N/50, cap 1000)",0.537
2025-09-08T18:36:29.211566606+03:00,heap_btree,select,130000,"k in [a,b] (~N/50, cap 1000)",0.554
2025-09-08T18:36:29.21212444+03:00,heap_btree,select,130000,"k in [a,b] (~N/50, cap 1000)",0.550
2025-09-08T18:36:29.212683252+03:00,heap_btree,select,130000,"k in [a,b] (~N/50, cap 1000)",0.551
2025-09-08T18:36:29.213234871+03:00,heap_btree,select,130000,"k in [a,b] (~N/50, cap 1000)",0.544
2025-09-08T18:36:29.213791587+03:00,heap_btree,select,130000,"k in [a,b] (~N/50, cap 1000)",0.549
2025-09-08T18:36:29.214419334+03:00,heap_btree,select,130000,"k in [a,b] (~N/50, cap 1000)",0.619
2025-09-08T18:36:29.214994699+03:00,heap_btree,select,130000,"k in [a,b] (~N/50, cap 1000)",0.568
2025-09-08T18:36:29.215662326+03:00,heap_btree,select,130000,"k in [a,b] (~N/50, cap 1000)",0.660
2025-09-08T18:36:29.216206192+03:00,heap_btree,select,130000,"k in [a,b] (~N/50, cap 1000)",0.536
2025-09-08T18:36:29.216761582+03:00,heap_btree,select,130000,"k in [a,b] (~N/50, cap 1000)",0.547
2025-09-08T18:36:29.2172956+03:00,heap_btree,select,130000,"k in [a,b] (~N/50, cap 1000)",0.526
2025-09-08T18:36:29.217875993+03:00,heap_btree,select,130000,"k in [a,b] (~N/50, cap 1000)",0.572
2025-09-08T18:36:29.218424399+03:00,heap_btree,select,130000,"k in [a,b] (~N/50, cap 1000)",0.540
2025-09-08T18:36:29.21895688+03:00,heap_btree,select,130000,"k in [a,b] (~N/50, cap 1000)",0.525
2025-09-08T18:36:29.219483704+03:00,heap_btree,select,130000,"k in [a,b] (~N/50, cap 1000)",0.519
2025-09-08T18:36:29.220002846+03:00,heap_btree,select,130000,"k in [a,b] (~N/50, cap 1000)",0.512
2025-09-08T18:36:33.340839026+03:00,heap_btree,delete,130000,k%7=0,1016.914
2025-09-08T18:36:34.359030134+03:00,heap_btree,delete,130000,k%7=0,1018.169
2025-09-08T18:36:35.349889108+03:00,heap_btree,delete,130000,k%7=0,990.842
2025-09-08T18:36:36.336469721+03:00,heap_btree,delete,130000,k%7=0,986.562
2025-09-08T18:36:37.369465959+03:00,heap_btree,delete,130000,k%7=0,1032.980
2025-09-08T18:36:38.436709465+03:00,heap_btree,delete,130000,k%7=0,1067.225
2025-09-08T18:36:39.430730427+03:00,heap_btree,delete,130000,k%7=0,994.003
2025-09-08T18:36:40.424127622+03:00,heap_btree,delete,130000,k%7=0,993.382
2025-09-08T18:36:41.42227245+03:00,heap_btree,delete,130000,k%7=0,998.112
2025-09-08T18:36:42.442788408+03:00,heap_btree,delete,130000,k%7=0,1020.501
2025-09-08T18:36:43.441312899+03:00,heap_btree,delete,130000,k%7=0,998.506
2025-09-08T18:36:44.442647932+03:00,heap_btree,delete,130000,k%7=0,1001.317
2025-09-08T18:36:45.426559985+03:00,heap_btree,delete,130000,k%7=0,983.893
2025-09-08T18:36:46.416494719+03:00,heap_btree,delete,130000,k%7=0,989.918
2025-09-08T18:36:47.475034829+03:00,heap_btree,delete,130000,k%7=0,1058.496
2025-09-08T18:36:48.590370038+03:00,heap_btree,delete,130000,k%7=0,1115.318
2025-09-08T18:36:49.603388647+03:00,heap_btree,delete,130000,k%7=0,1012.988
2025-09-08T18:36:50.611455751+03:00,heap_btree,delete,130000,k%7=0,1008.047
2025-09-08T18:36:51.606399326+03:00,heap_btree,delete,130000,k%7=0,994.923
2025-09-08T18:36:52.588364576+03:00,heap_btree,delete,130000,k%7=0,981.947
2025-09-08T18:36:53.577915588+03:00,heap_btree,delete,130000,k%7=0,989.521
2025-09-08T18:36:54.570748442+03:00,heap_btree,delete,130000,k%7=0,992.797
2025-09-08T18:36:55.581314238+03:00,heap_btree,delete,130000,k%7=0,1010.546
2025-09-08T18:36:56.606710029+03:00,heap_btree,delete,130000,k%7=0,1025.374
2025-09-08T18:36:57.612164169+03:00,heap_btree,delete,130000,k%7=0,1005.433
2025-09-08T18:36:58.633881619+03:00,heap_btree,delete,130000,k%7=0,1021.698
2025-09-08T18:36:59.63367975+03:00,heap_btree,delete,130000,k%7=0,999.783
2025-09-08T18:37:00.643738901+03:00,heap_btree,delete,130000,k%7=0,1010.038
2025-09-08T18:37:01.648526878+03:00,heap_btree,delete,130000,k%7=0,1004.767
2025-09-08T18:37:02.647142149+03:00,heap_btree,delete,130000,k%7=0,998.601
2025-09-08T18:37:03.652212359+03:00,heap_btree,delete,130000,k%7=0,1005.051
2025-09-08T18:37:04.636657925+03:00,heap_btree,delete,130000,k%7=0,984.429
2025-09-08T18:37:05.714968135+03:00,heap_btree,delete,130000,k%7=0,1078.295
2025-09-08T18:37:06.789931338+03:00,heap_btree,delete,130000,k%7=0,1074.949
2025-09-08T18:37:07.794021091+03:00,heap_btree,delete,130000,k%7=0,1004.071
2025-09-08T18:37:08.79282186+03:00,heap_btree,delete,130000,k%7=0,998.786
2025-09-08T18:37:09.768227182+03:00,heap_btree,delete,130000,k%7=0,975.388
2025-09-08T18:37:10.763039787+03:00,heap_btree,delete,130000,k%7=0,994.770
2025-09-08T18:37:11.746074524+03:00,heap_btree,delete,130000,k%7=0,983.016
2025-09-08T18:37:12.766175451+03:00,heap_btree,delete,130000,k%7=0,1020.082
2025-09-08T18:37:13.777420662+03:00,heap_btree,delete,130000,k%7=0,1011.226
2025-09-08T18:37:14.793527768+03:00,heap_btree,delete,130000,k%7=0,1016.089
2025-09-08T18:37:15.773998084+03:00,heap_btree,delete,130000,k%7=0,980.455
2025-09-08T18:37:16.765169641+03:00,heap_btree,delete,130000,k%7=0,991.156
2025-09-08T18:37:17.77255366+03:00,heap_btree,delete,130000,k%7=0,1007.368
2025-09-08T18:37:18.777905674+03:00,heap_btree,delete,130000,k%7=0,1005.338
2025-09-08T18:37:19.797479352+03:00,heap_btree,delete,130000,k%7=0,1019.557
2025-09-08T18:37:20.793483676+03:00,heap_btree,delete,130000,k%7=0,995.985
2025-09-08T18:37:21.792028112+03:00,heap_btree,delete,130000,k%7=0,998.514
2025-09-08T18:37:22.787453577+03:00,heap_btree,delete,130000,k%7=0,995.411
2025-09-08T18:37:23.892991979+03:00,heap_btree,delete,130000,k%7=0,1105.518
2025-09-08T18:37:24.988897314+03:00,heap_btree,delete,130000,k%7=0,1095.890
2025-09-08T18:37:25.984132316+03:00,heap_btree,delete,130000,k%7=0,995.207
2025-09-08T18:37:26.973927543+03:00,heap_btree,delete,130000,k%7=0,989.776
2025-09-08T18:37:27.961683918+03:00,heap_btree,delete,130000,k%7=0,987.739
2025-09-08T18:37:28.961911489+03:00,heap_btree,delete,130000,k%7=0,1000.160
2025-09-08T18:37:29.967836205+03:00,heap_btree,delete,130000,k%7=0,1005.911
2025-09-08T18:37:31.009726528+03:00,heap_btree,delete,130000,k%7=0,1041.871
2025-09-08T18:37:32.003323014+03:00,heap_btree,delete,130000,k%7=0,993.577
2025-09-08T18:37:33.049086536+03:00,heap_btree,delete,130000,k%7=0,1045.747
2025-09-08T18:37:34.042518192+03:00,heap_btree,delete,130000,k%7=0,993.414
2025-09-08T18:37:35.032501638+03:00,heap_btree,delete,130000,k%7=0,989.970
2025-09-08T18:37:36.041339072+03:00,heap_btree,delete,130000,k%7=0,1008.822
2025-09-08T18:37:37.050859219+03:00,heap_btree,delete,130000,k%7=0,1009.506
2025-09-08T18:37:38.081942903+03:00,heap_btree,delete,130000,k%7=0,1031.061
2025-09-08T18:37:39.099256524+03:00,heap_btree,delete,130000,k%7=0,1017.295
2025-09-08T18:37:40.09999352+03:00,heap_btree,delete,130000,k%7=0,1000.714
2025-09-08T18:37:41.143130668+03:00,heap_btree,delete,130000,k%7=0,1043.097
2025-09-08T18:37:42.21835226+03:00,heap_btree,delete,130000,k%7=0,1075.203
2025-09-08T18:37:43.315147936+03:00,heap_btree,delete,130000,k%7=0,1096.754
2025-09-08T18:37:44.356132109+03:00,heap_btree,delete,130000,k%7=0,1040.965
2025-09-08T18:37:45.337226308+03:00,heap_btree,delete,130000,k%7=0,981.076
2025-09-08T18:37:46.327208071+03:00,heap_btree,delete,130000,k%7=0,989.941
2025-09-08T18:37:47.336163531+03:00,heap_btree,delete,130000,k%7=0,1008.936
2025-09-08T18:37:48.374269898+03:00,heap_btree,delete,130000,k%7=0,1038.088
2025-09-08T18:37:49.39916704+03:00,heap_btree,delete,130000,k%7=0,1024.880
2025-09-08T18:37:50.398674167+03:00,heap_btree,delete,130000,k%7=0,999.483
2025-09-08T18:37:51.402686152+03:00,heap_btree,delete,130000,k%7=0,1003.995
2025-09-08T18:37:52.398768537+03:00,heap_btree,delete,130000,k%7=0,996.065
2025-09-08T18:37:53.394883538+03:00,heap_btree,delete,130000,k%7=0,996.101
2025-09-08T18:37:54.384056096+03:00,heap_btree,delete,130000,k%7=0,989.157
2025-09-08T18:37:55.38069296+03:00,heap_btree,delete,130000,k%7=0,996.613
2025-09-08T18:37:56.369003028+03:00,heap_btree,delete,130000,k%7=0,988.291
2025-09-08T18:37:57.388535331+03:00,heap_btree,delete,130000,k%7=0,1019.513
2025-09-08T18:37:58.388712594+03:00,heap_btree,delete,130000,k%7=0,1000.156
2025-09-08T18:37:59.38656877+03:00,heap_btree,delete,130000,k%7=0,997.837
2025-09-08T18:38:00.454111903+03:00,heap_btree,delete,130000,k%7=0,1067.527
2025-09-08T18:38:01.545138063+03:00,heap_btree,delete,130000,k%7=0,1091.011
2025-09-08T18:38:02.566026988+03:00,heap_btree,delete,130000,k%7=0,1020.864
2025-09-08T18:38:03.542657942+03:00,heap_btree,delete,130000,k%7=0,976.617
2025-09-08T18:38:04.521537134+03:00,heap_btree,delete,130000,k%7=0,978.857
2025-09-08T18:38:05.514067516+03:00,heap_btree,delete,130000,k%7=0,992.514
2025-09-08T18:38:06.524801089+03:00,heap_btree,delete,130000,k%7=0,1010.714
2025-09-08T18:38:07.544785337+03:00,heap_btree,delete,130000,k%7=0,1019.970
2025-09-08T18:38:08.569525319+03:00,heap_btree,delete,130000,k%7=0,1024.717
2025-09-08T18:38:09.553291057+03:00,heap_btree,delete,130000,k%7=0,983.746
2025-09-08T18:38:10.524591466+03:00,heap_btree,delete,130000,k%7=0,971.279
2025-09-08T18:38:11.516348335+03:00,heap_btree,delete,130000,k%7=0,991.733
2025-09-08T18:38:12.506130049+03:00,heap_btree,delete,130000,k%7=0,989.763
2025-09-08T18:38:13.527848838+03:00,heap_btree,delete,130000,k%7=0,1021.704
2025-09-08T18:38:18.378043432+03:00,heap_btree,insert,160000,bulk=160000,1253.499
2025-09-08T18:38:19.757732142+03:00,heap_btree,insert,160000,bulk=160000,1379.674
2025-09-08T18:38:20.990356551+03:00,heap_btree,insert,160000,bulk=160000,1232.610
2025-09-08T18:38:22.189347123+03:00,heap_btree,insert,160000,bulk=160000,1198.978
2025-09-08T18:38:23.382258719+03:00,heap_btree,insert,160000,bulk=160000,1192.894
2025-09-08T18:38:24.62701265+03:00,heap_btree,insert,160000,bulk=160000,1244.740
2025-09-08T18:38:25.846150206+03:00,heap_btree,insert,160000,bulk=160000,1219.124
2025-09-08T18:38:27.051287427+03:00,heap_btree,insert,160000,bulk=160000,1205.122
2025-09-08T18:38:28.337773251+03:00,heap_btree,insert,160000,bulk=160000,1286.473
2025-09-08T18:38:29.671581325+03:00,heap_btree,insert,160000,bulk=160000,1333.793
2025-09-08T18:38:30.980085291+03:00,heap_btree,insert,160000,bulk=160000,1308.490
2025-09-08T18:38:32.274329666+03:00,heap_btree,insert,160000,bulk=160000,1294.232
2025-09-08T18:38:33.472237457+03:00,heap_btree,insert,160000,bulk=160000,1197.879
2025-09-08T18:38:34.698743418+03:00,heap_btree,insert,160000,bulk=160000,1226.488
2025-09-08T18:38:35.927410942+03:00,heap_btree,insert,160000,bulk=160000,1228.654
2025-09-08T18:38:37.105574946+03:00,heap_btree,insert,160000,bulk=160000,1178.148
2025-09-08T18:38:38.532594131+03:00,heap_btree,insert,160000,bulk=160000,1427.006
2025-09-08T18:38:39.749039935+03:00,heap_btree,insert,160000,bulk=160000,1216.431
2025-09-08T18:38:40.979097256+03:00,heap_btree,insert,160000,bulk=160000,1230.046
2025-09-08T18:38:42.191261836+03:00,heap_btree,insert,160000,bulk=160000,1212.153
2025-09-08T18:38:43.427692099+03:00,heap_btree,insert,160000,bulk=160000,1236.417
2025-09-08T18:38:44.672162591+03:00,heap_btree,insert,160000,bulk=160000,1244.455
2025-09-08T18:38:45.921282306+03:00,heap_btree,insert,160000,bulk=160000,1249.101
2025-09-08T18:38:47.130705134+03:00,heap_btree,insert,160000,bulk=160000,1209.392
2025-09-08T18:38:48.349486194+03:00,heap_btree,insert,160000,bulk=160000,1218.750
2025-09-08T18:38:49.594621725+03:00,heap_btree,insert,160000,bulk=160000,1245.118
2025-09-08T18:38:50.83461138+03:00,heap_btree,insert,160000,bulk=160000,1239.974
2025-09-08T18:38:52.069437277+03:00,heap_btree,insert,160000,bulk=160000,1234.812
2025-09-08T18:38:53.297968524+03:00,heap_btree,insert,160000,bulk=160000,1228.517
2025-09-08T18:38:54.498261359+03:00,heap_btree,insert,160000,bulk=160000,1200.280
2025-09-08T18:38:55.683895382+03:00,heap_btree,insert,160000,bulk=160000,1185.618
2025-09-08T18:38:57.081585614+03:00,heap_btree,insert,160000,bulk=160000,1397.674
2025-09-08T18:38:58.301592407+03:00,heap_btree,insert,160000,bulk=160000,1219.991
2025-09-08T18:38:59.511055943+03:00,heap_btree,insert,160000,bulk=160000,1209.446
2025-09-08T18:39:00.715435413+03:00,heap_btree,insert,160000,bulk=160000,1204.365
2025-09-08T18:39:01.958527684+03:00,heap_btree,insert,160000,bulk=160000,1243.075
2025-09-08T18:39:03.200313825+03:00,heap_btree,insert,160000,bulk=160000,1241.771
2025-09-08T18:39:04.405389485+03:00,heap_btree,insert,160000,bulk=160000,1205.041
2025-09-08T18:39:05.63539203+03:00,heap_btree,insert,160000,bulk=160000,1229.978
2025-09-08T18:39:06.830604213+03:00,heap_btree,insert,160000,bulk=160000,1195.198
2025-09-08T18:39:08.051428019+03:00,heap_btree,insert,160000,bulk=160000,1220.809
2025-09-08T18:39:09.288572543+03:00,heap_btree,insert,160000,bulk=160000,1237.132
2025-09-08T18:39:10.506638885+03:00,heap_btree,insert,160000,bulk=160000,1218.049
2025-09-08T18:39:11.73846502+03:00,heap_btree,insert,160000,bulk=160000,1231.808
2025-09-08T18:39:12.964031915+03:00,heap_btree,insert,160000,bulk=160000,1225.551
2025-09-08T18:39:14.17235826+03:00,heap_btree,insert,160000,bulk=160000,1208.312
2025-09-08T18:39:15.500960773+03:00,heap_btree,insert,160000,bulk=160000,1328.567
2025-09-08T18:39:16.763054737+03:00,heap_btree,insert,160000,bulk=160000,1262.081
2025-09-08T18:39:18.005501858+03:00,heap_btree,insert,160000,bulk=160000,1242.431
2025-09-08T18:39:19.213284403+03:00,heap_btree,insert,160000,bulk=160000,1207.771
2025-09-08T18:39:20.454482733+03:00,heap_btree,insert,160000,bulk=160000,1241.183
2025-09-08T18:39:21.684127741+03:00,heap_btree,insert,160000,bulk=160000,1229.584
2025-09-08T18:39:22.898676163+03:00,heap_btree,insert,160000,bulk=160000,1214.529
2025-09-08T18:39:24.118440512+03:00,heap_btree,insert,160000,bulk=160000,1219.749
2025-09-08T18:39:25.330572511+03:00,heap_btree,insert,160000,bulk=160000,1212.119
2025-09-08T18:39:26.552427043+03:00,heap_btree,insert,160000,bulk=160000,1221.842
2025-09-08T18:39:27.773178826+03:00,heap_btree,insert,160000,bulk=160000,1220.739
2025-09-08T18:39:29.003007515+03:00,heap_btree,insert,160000,bulk=160000,1229.804
2025-09-08T18:39:30.213475088+03:00,heap_btree,insert,160000,bulk=160000,1210.454
2025-09-08T18:39:31.436204956+03:00,heap_btree,insert,160000,bulk=160000,1222.714
2025-09-08T18:39:32.668759186+03:00,heap_btree,insert,160000,bulk=160000,1232.542
2025-09-08T18:39:33.904427565+03:00,heap_btree,insert,160000,bulk=160000,1235.653
2025-09-08T18:39:35.268347387+03:00,heap_btree,insert,160000,bulk=160000,1363.905
2025-09-08T18:39:36.47462844+03:00,heap_btree,insert,160000,bulk=160000,1206.267
2025-09-08T18:39:37.666179512+03:00,heap_btree,insert,160000,bulk=160000,1191.538
2025-09-08T18:39:38.960284287+03:00,heap_btree,insert,160000,bulk=160000,1294.093
2025-09-08T18:39:40.203459502+03:00,heap_btree,insert,160000,bulk=160000,1243.163
2025-09-08T18:39:41.424833505+03:00,heap_btree,insert,160000,bulk=160000,1221.358
2025-09-08T18:39:42.626994458+03:00,heap_btree,insert,160000,bulk=160000,1202.143
2025-09-08T18:39:43.834218244+03:00,heap_btree,insert,160000,bulk=160000,1207.206
2025-09-08T18:39:45.05506102+03:00,heap_btree,insert,160000,bulk=160000,1220.831
2025-09-08T18:39:46.261246591+03:00,heap_btree,insert,160000,bulk=160000,1206.167
2025-09-08T18:39:47.473683438+03:00,heap_btree,insert,160000,bulk=160000,1212.423
2025-09-08T18:39:48.678078309+03:00,heap_btree,insert,160000,bulk=160000,1204.379
2025-09-08T18:39:49.885008681+03:00,heap_btree,insert,160000,bulk=160000,1206.915
2025-09-08T18:39:51.093365241+03:00,heap_btree,insert,160000,bulk=160000,1208.339
2025-09-08T18:39:52.294938461+03:00,heap_btree,insert,160000,bulk=160000,1201.546
2025-09-08T18:39:53.687679866+03:00,heap_btree,insert,160000,bulk=160000,1392.726
2025-09-08T18:39:54.901780013+03:00,heap_btree,insert,160000,bulk=160000,1214.085
2025-09-08T18:39:56.102608358+03:00,heap_btree,insert,160000,bulk=160000,1200.811
2025-09-08T18:39:57.316234621+03:00,heap_btree,insert,160000,bulk=160000,1213.609
2025-09-08T18:39:58.557410224+03:00,heap_btree,insert,160000,bulk=160000,1241.160
2025-09-08T18:39:59.769029553+03:00,heap_btree,insert,160000,bulk=160000,1211.604
2025-09-08T18:40:00.999702828+03:00,heap_btree,insert,160000,bulk=160000,1230.655
2025-09-08T18:40:02.252646377+03:00,heap_btree,insert,160000,bulk=160000,1252.929
2025-09-08T18:40:03.476810024+03:00,heap_btree,insert,160000,bulk=160000,1224.148
2025-09-08T18:40:04.690702383+03:00,heap_btree,insert,160000,bulk=160000,1213.873
2025-09-08T18:40:05.897738416+03:00,heap_btree,insert,160000,bulk=160000,1207.021
2025-09-08T18:40:07.123774545+03:00,heap_btree,insert,160000,bulk=160000,1226.023
2025-09-08T18:40:08.332218816+03:00,heap_btree,insert,160000,bulk=160000,1208.430
2025-09-08T18:40:09.559709978+03:00,heap_btree,insert,160000,bulk=160000,1227.479
2025-09-08T18:40:10.751834227+03:00,heap_btree,insert,160000,bulk=160000,1192.110
2025-09-08T18:40:12.137307429+03:00,heap_btree,insert,160000,bulk=160000,1385.457
2025-09-08T18:40:13.365752641+03:00,heap_btree,insert,160000,bulk=160000,1228.430
2025-09-08T18:40:14.567646285+03:00,heap_btree,insert,160000,bulk=160000,1201.873
2025-09-08T18:40:15.785722358+03:00,heap_btree,insert,160000,bulk=160000,1218.042
2025-09-08T18:40:17.04095639+03:00,heap_btree,insert,160000,bulk=160000,1255.218
2025-09-08T18:40:18.226150625+03:00,heap_btree,insert,160000,bulk=160000,1185.178
2025-09-08T18:40:19.41245941+03:00,heap_btree,insert,160000,bulk=160000,1186.291
2025-09-08T18:40:20.63010881+03:00,heap_btree,insert,160000,bulk=160000,1217.632
2025-09-08T18:40:21.882972096+03:00,heap_btree,select,160000,"k in [a,b] (~N/50, cap 1000)",0.895
2025-09-08T18:40:21.883671013+03:00,heap_btree,select,160000,"k in [a,b] (~N/50, cap 1000)",0.683
2025-09-08T18:40:21.884282417+03:00,heap_btree,select,160000,"k in [a,b] (~N/50, cap 1000)",0.604
2025-09-08T18:40:21.88490276+03:00,heap_btree,select,160000,"k in [a,b] (~N/50, cap 1000)",0.613
2025-09-08T18:40:21.885524221+03:00,heap_btree,select,160000,"k in [a,b] (~N/50, cap 1000)",0.613
2025-09-08T18:40:21.886176972+03:00,heap_btree,select,160000,"k in [a,b] (~N/50, cap 1000)",0.644
2025-09-08T18:40:21.88685291+03:00,heap_btree,select,160000,"k in [a,b] (~N/50, cap 1000)",0.666
2025-09-08T18:40:21.88751488+03:00,heap_btree,select,160000,"k in [a,b] (~N/50, cap 1000)",0.652
2025-09-08T18:40:21.888111896+03:00,heap_btree,select,160000,"k in [a,b] (~N/50, cap 1000)",0.589
2025-09-08T18:40:21.888757592+03:00,heap_btree,select,160000,"k in [a,b] (~N/50, cap 1000)",0.637
2025-09-08T18:40:21.889355446+03:00,heap_btree,select,160000,"k in [a,b] (~N/50, cap 1000)",0.590
2025-09-08T18:40:21.889965802+03:00,heap_btree,select,160000,"k in [a,b] (~N/50, cap 1000)",0.603
2025-09-08T18:40:21.890579371+03:00,heap_btree,select,160000,"k in [a,b] (~N/50, cap 1000)",0.606
2025-09-08T18:40:21.891149288+03:00,heap_btree,select,160000,"k in [a,b] (~N/50, cap 1000)",0.563
2025-09-08T18:40:21.891693154+03:00,heap_btree,select,160000,"k in [a,b] (~N/50, cap 1000)",0.537
2025-09-08T18:40:21.892273477+03:00,heap_btree,select,160000,"k in [a,b] (~N/50, cap 1000)",0.573
2025-09-08T18:40:21.892852124+03:00,heap_btree,select,160000,"k in [a,b] (~N/50, cap 1000)",0.571
2025-09-08T18:40:21.893431889+03:00,heap_btree,select,160000,"k in [a,b] (~N/50, cap 1000)",0.572
2025-09-08T18:40:21.893990701+03:00,heap_btree,select,160000,"k in [a,b] (~N/50, cap 1000)",0.551
2025-09-08T18:40:21.894568371+03:00,heap_btree,select,160000,"k in [a,b] (~N/50, cap 1000)",0.570
2025-09-08T18:40:21.89513731+03:00,heap_btree,select,160000,"k in [a,b] (~N/50, cap 1000)",0.562
2025-09-08T18:40:21.895714072+03:00,heap_btree,select,160000,"k in [a,b] (~N/50, cap 1000)",0.570
2025-09-08T18:40:21.89627903+03:00,heap_btree,select,160000,"k in [a,b] (~N/50, cap 1000)",0.557
2025-09-08T18:40:21.896844267+03:00,heap_btree,select,160000,"k in [a,b] (~N/50, cap 1000)",0.557
2025-09-08T18:40:21.897399308+03:00,heap_btree,select,160000,"k in [a,b] (~N/50, cap 1000)",0.547
2025-09-08T18:40:21.897947713+03:00,heap_btree,select,160000,"k in [a,b] (~N/50, cap 1000)",0.541
2025-09-08T18:40:21.898531948+03:00,heap_btree,select,160000,"k in [a,b] (~N/50, cap 1000)",0.578
2025-09-08T18:40:21.899069179+03:00,heap_btree,select,160000,"k in [a,b] (~N/50, cap 1000)",0.530
2025-09-08T18:40:21.899655159+03:00,heap_btree,select,160000,"k in [a,b] (~N/50, cap 1000)",0.579
2025-09-08T18:40:21.9003568+03:00,heap_btree,select,160000,"k in [a,b] (~N/50, cap 1000)",0.693
2025-09-08T18:40:21.900975956+03:00,heap_btree,select,160000,"k in [a,b] (~N/50, cap 1000)",0.611
2025-09-08T18:40:21.901617252+03:00,heap_btree,select,160000,"k in [a,b] (~N/50, cap 1000)",0.633
2025-09-08T18:40:21.902171315+03:00,heap_btree,select,160000,"k in [a,b] (~N/50, cap 1000)",0.547
2025-09-08T18:40:21.902757436+03:00,heap_btree,select,160000,"k in [a,b] (~N/50, cap 1000)",0.578
2025-09-08T18:40:21.903345093+03:00,heap_btree,select,160000,"k in [a,b] (~N/50, cap 1000)",0.581
2025-09-08T18:40:21.903940852+03:00,heap_btree,select,160000,"k in [a,b] (~N/50, cap 1000)",0.589
2025-09-08T18:40:21.904610015+03:00,heap_btree,select,160000,"k in [a,b] (~N/50, cap 1000)",0.660
2025-09-08T18:40:21.905214434+03:00,heap_btree,select,160000,"k in [a,b] (~N/50, cap 1000)",0.596
2025-09-08T18:40:21.905796644+03:00,heap_btree,select,160000,"k in [a,b] (~N/50, cap 1000)",0.574
2025-09-08T18:40:21.906330522+03:00,heap_btree,select,160000,"k in [a,b] (~N/50, cap 1000)",0.526
2025-09-08T18:40:21.906899252+03:00,heap_btree,select,160000,"k in [a,b] (~N/50, cap 1000)",0.561
2025-09-08T18:40:21.907511493+03:00,heap_btree,select,160000,"k in [a,b] (~N/50, cap 1000)",0.607
2025-09-08T18:40:21.90822389+03:00,heap_btree,select,160000,"k in [a,b] (~N/50, cap 1000)",0.667
2025-09-08T18:40:21.908802607+03:00,heap_btree,select,160000,"k in [a,b] (~N/50, cap 1000)",0.572
2025-09-08T18:40:21.909367844+03:00,heap_btree,select,160000,"k in [a,b] (~N/50, cap 1000)",0.559
2025-09-08T18:40:21.909956898+03:00,heap_btree,select,160000,"k in [a,b] (~N/50, cap 1000)",0.583
2025-09-08T18:40:21.910541133+03:00,heap_btree,select,160000,"k in [a,b] (~N/50, cap 1000)",0.576
2025-09-08T18:40:21.911085767+03:00,heap_btree,select,160000,"k in [a,b] (~N/50, cap 1000)",0.538
2025-09-08T18:40:21.911659386+03:00,heap_btree,select,160000,"k in [a,b] (~N/50, cap 1000)",0.566
2025-09-08T18:40:21.912193194+03:00,heap_btree,select,160000,"k in [a,b] (~N/50, cap 1000)",0.527
2025-09-08T18:40:21.912765486+03:00,heap_btree,select,160000,"k in [a,b] (~N/50, cap 1000)",0.566
2025-09-08T18:40:21.913338126+03:00,heap_btree,select,160000,"k in [a,b] (~N/50, cap 1000)",0.565
2025-09-08T18:40:21.913925434+03:00,heap_btree,select,160000,"k in [a,b] (~N/50, cap 1000)",0.579
2025-09-08T18:40:21.914514348+03:00,heap_btree,select,160000,"k in [a,b] (~N/50, cap 1000)",0.581
2025-09-08T18:40:21.915152991+03:00,heap_btree,select,160000,"k in [a,b] (~N/50, cap 1000)",0.630
2025-09-08T18:40:21.915862174+03:00,heap_btree,select,160000,"k in [a,b] (~N/50, cap 1000)",0.701
2025-09-08T18:40:21.91657925+03:00,heap_btree,select,160000,"k in [a,b] (~N/50, cap 1000)",0.707
2025-09-08T18:40:21.917237309+03:00,heap_btree,select,160000,"k in [a,b] (~N/50, cap 1000)",0.650
2025-09-08T18:40:21.917869944+03:00,heap_btree,select,160000,"k in [a,b] (~N/50, cap 1000)",0.625
2025-09-08T18:40:21.918473107+03:00,heap_btree,select,160000,"k in [a,b] (~N/50, cap 1000)",0.596
2025-09-08T18:40:21.919051055+03:00,heap_btree,select,160000,"k in [a,b] (~N/50, cap 1000)",0.570
2025-09-08T18:40:21.919651424+03:00,heap_btree,select,160000,"k in [a,b] (~N/50, cap 1000)",0.593
2025-09-08T18:40:21.920226789+03:00,heap_btree,select,160000,"k in [a,b] (~N/50, cap 1000)",0.567
2025-09-08T18:40:21.920824782+03:00,heap_btree,select,160000,"k in [a,b] (~N/50, cap 1000)",0.590
2025-09-08T18:40:21.921564557+03:00,heap_btree,select,160000,"k in [a,b] (~N/50, cap 1000)",0.732
2025-09-08T18:40:21.922174284+03:00,heap_btree,select,160000,"k in [a,b] (~N/50, cap 1000)",0.602
2025-09-08T18:40:21.92283374+03:00,heap_btree,select,160000,"k in [a,b] (~N/50, cap 1000)",0.651
2025-09-08T18:40:21.923494033+03:00,heap_btree,select,160000,"k in [a,b] (~N/50, cap 1000)",0.651
2025-09-08T18:40:21.92413987+03:00,heap_btree,select,160000,"k in [a,b] (~N/50, cap 1000)",0.638
2025-09-08T18:40:21.924811617+03:00,heap_btree,select,160000,"k in [a,b] (~N/50, cap 1000)",0.664
2025-09-08T18:40:21.925425745+03:00,heap_btree,select,160000,"k in [a,b] (~N/50, cap 1000)",0.608
2025-09-08T18:40:21.926035682+03:00,heap_btree,select,160000,"k in [a,b] (~N/50, cap 1000)",0.602
2025-09-08T18:40:21.926643453+03:00,heap_btree,select,160000,"k in [a,b] (~N/50, cap 1000)",0.601
2025-09-08T18:40:21.927221752+03:00,heap_btree,select,160000,"k in [a,b] (~N/50, cap 1000)",0.570
2025-09-08T18:40:21.92780431+03:00,heap_btree,select,160000,"k in [a,b] (~N/50, cap 1000)",0.575
2025-09-08T18:40:21.928364379+03:00,heap_btree,select,160000,"k in [a,b] (~N/50, cap 1000)",0.554
2025-09-08T18:40:21.928941909+03:00,heap_btree,select,160000,"k in [a,b] (~N/50, cap 1000)",0.570
2025-09-08T18:40:21.929516645+03:00,heap_btree,select,160000,"k in [a,b] (~N/50, cap 1000)",0.568
2025-09-08T18:40:21.930094175+03:00,heap_btree,select,160000,"k in [a,b] (~N/50, cap 1000)",0.570
2025-09-08T18:40:21.930661299+03:00,heap_btree,select,160000,"k in [a,b] (~N/50, cap 1000)",0.560
2025-09-08T18:40:21.931212847+03:00,heap_btree,select,160000,"k in [a,b] (~N/50, cap 1000)",0.544
2025-09-08T18:40:21.931853515+03:00,heap_btree,select,160000,"k in [a,b] (~N/50, cap 1000)",0.634
2025-09-08T18:40:21.932561231+03:00,heap_btree,select,160000,"k in [a,b] (~N/50, cap 1000)",0.700
2025-09-08T18:40:21.933169213+03:00,heap_btree,select,160000,"k in [a,b] (~N/50, cap 1000)",0.598
2025-09-08T18:40:21.933809811+03:00,heap_btree,select,160000,"k in [a,b] (~N/50, cap 1000)",0.599
2025-09-08T18:40:21.934432459+03:00,heap_btree,select,160000,"k in [a,b] (~N/50, cap 1000)",0.616
2025-09-08T18:40:21.935164481+03:00,heap_btree,select,160000,"k in [a,b] (~N/50, cap 1000)",0.724
2025-09-08T18:40:21.935797466+03:00,heap_btree,select,160000,"k in [a,b] (~N/50, cap 1000)",0.624
2025-09-08T18:40:21.936451893+03:00,heap_btree,select,160000,"k in [a,b] (~N/50, cap 1000)",0.647
2025-09-08T18:40:21.937031169+03:00,heap_btree,select,160000,"k in [a,b] (~N/50, cap 1000)",0.571
2025-09-08T18:40:21.937624762+03:00,heap_btree,select,160000,"k in [a,b] (~N/50, cap 1000)",0.586
2025-09-08T18:40:21.938183435+03:00,heap_btree,select,160000,"k in [a,b] (~N/50, cap 1000)",0.551
2025-09-08T18:40:21.938755307+03:00,heap_btree,select,160000,"k in [a,b] (~N/50, cap 1000)",0.565
2025-09-08T18:40:21.939326342+03:00,heap_btree,select,160000,"k in [a,b] (~N/50, cap 1000)",0.563
2025-09-08T18:40:21.939888367+03:00,heap_btree,select,160000,"k in [a,b] (~N/50, cap 1000)",0.554
2025-09-08T18:40:21.940449414+03:00,heap_btree,select,160000,"k in [a,b] (~N/50, cap 1000)",0.553
2025-09-08T18:40:21.940986574+03:00,heap_btree,select,160000,"k in [a,b] (~N/50, cap 1000)",0.530
2025-09-08T18:40:21.941561171+03:00,heap_btree,select,160000,"k in [a,b] (~N/50, cap 1000)",0.568
2025-09-08T18:40:21.942168943+03:00,heap_btree,select,160000,"k in [a,b] (~N/50, cap 1000)",0.600
2025-09-08T18:40:21.942746961+03:00,heap_btree,select,160000,"k in [a,b] (~N/50, cap 1000)",0.571
2025-09-08T18:40:26.894206554+03:00,heap_btree,delete,160000,k%7=0,1207.488
2025-09-08T18:40:28.125998482+03:00,heap_btree,delete,160000,k%7=0,1231.771
2025-09-08T18:40:29.34414844+03:00,heap_btree,delete,160000,k%7=0,1218.132
2025-09-08T18:40:30.745804826+03:00,heap_btree,delete,160000,k%7=0,1401.640
2025-09-08T18:40:32.019281012+03:00,heap_btree,delete,160000,k%7=0,1273.461
2025-09-08T18:40:33.25486044+03:00,heap_btree,delete,160000,k%7=0,1235.563
2025-09-08T18:40:34.505537429+03:00,heap_btree,delete,160000,k%7=0,1250.651
2025-09-08T18:40:35.754219289+03:00,heap_btree,delete,160000,k%7=0,1248.659
2025-09-08T18:40:36.965355142+03:00,heap_btree,delete,160000,k%7=0,1211.120
2025-09-08T18:40:38.206336905+03:00,heap_btree,delete,160000,k%7=0,1240.966
2025-09-08T18:40:39.448300796+03:00,heap_btree,delete,160000,k%7=0,1241.930
2025-09-08T18:40:40.681325789+03:00,heap_btree,delete,160000,k%7=0,1232.999
2025-09-08T18:40:41.922312439+03:00,heap_btree,delete,160000,k%7=0,1240.965
2025-09-08T18:40:43.147935634+03:00,heap_btree,delete,160000,k%7=0,1225.608
2025-09-08T18:40:44.405873331+03:00,heap_btree,delete,160000,k%7=0,1257.916
2025-09-08T18:40:45.6245559+03:00,heap_btree,delete,160000,k%7=0,1218.660
2025-09-08T18:40:46.837444521+03:00,heap_btree,delete,160000,k%7=0,1212.872
2025-09-08T18:40:48.049540844+03:00,heap_btree,delete,160000,k%7=0,1212.067
2025-09-08T18:40:49.495746427+03:00,heap_btree,delete,160000,k%7=0,1446.184
2025-09-08T18:40:50.734519405+03:00,heap_btree,delete,160000,k%7=0,1238.754
2025-09-08T18:40:51.973685596+03:00,heap_btree,delete,160000,k%7=0,1239.148
2025-09-08T18:40:53.216628185+03:00,heap_btree,delete,160000,k%7=0,1242.927
2025-09-08T18:40:54.48231996+03:00,heap_btree,delete,160000,k%7=0,1265.662
2025-09-08T18:40:55.685588362+03:00,heap_btree,delete,160000,k%7=0,1203.253
2025-09-08T18:40:56.906976143+03:00,heap_btree,delete,160000,k%7=0,1221.369
2025-09-08T18:40:58.141291611+03:00,heap_btree,delete,160000,k%7=0,1234.293
2025-09-08T18:40:59.388090075+03:00,heap_btree,delete,160000,k%7=0,1246.778
2025-09-08T18:41:00.632561448+03:00,heap_btree,delete,160000,k%7=0,1244.455
2025-09-08T18:41:01.890316356+03:00,heap_btree,delete,160000,k%7=0,1257.741
2025-09-08T18:41:03.106306125+03:00,heap_btree,delete,160000,k%7=0,1215.957
2025-09-08T18:41:04.305986909+03:00,heap_btree,delete,160000,k%7=0,1199.664
2025-09-08T18:41:05.537921851+03:00,heap_btree,delete,160000,k%7=0,1231.918
2025-09-08T18:41:06.910223226+03:00,heap_btree,delete,160000,k%7=0,1372.285
2025-09-08T18:41:08.136353604+03:00,heap_btree,delete,160000,k%7=0,1226.111
2025-09-08T18:41:09.400049053+03:00,heap_btree,delete,160000,k%7=0,1263.682
2025-09-08T18:41:10.653840728+03:00,heap_btree,delete,160000,k%7=0,1253.775
2025-09-08T18:41:11.919135226+03:00,heap_btree,delete,160000,k%7=0,1265.276
2025-09-08T18:41:13.151632956+03:00,heap_btree,delete,160000,k%7=0,1232.481
2025-09-08T18:41:14.37192622+03:00,heap_btree,delete,160000,k%7=0,1220.267
2025-09-08T18:41:15.594151335+03:00,heap_btree,delete,160000,k%7=0,1222.207
2025-09-08T18:41:16.858971249+03:00,heap_btree,delete,160000,k%7=0,1264.800
2025-09-08T18:41:18.101539884+03:00,heap_btree,delete,160000,k%7=0,1242.541
2025-09-08T18:41:19.342515335+03:00,heap_btree,delete,160000,k%7=0,1240.953
2025-09-08T18:41:20.571448007+03:00,heap_btree,delete,160000,k%7=0,1228.915
2025-09-08T18:41:21.830155767+03:00,heap_btree,delete,160000,k%7=0,1258.691
2025-09-08T18:41:23.234953295+03:00,heap_btree,delete,160000,k%7=0,1404.777
2025-09-08T18:41:24.46312831+03:00,heap_btree,delete,160000,k%7=0,1228.160
2025-09-08T18:41:25.677499879+03:00,heap_btree,delete,160000,k%7=0,1214.345
2025-09-08T18:41:26.965926572+03:00,heap_btree,delete,160000,k%7=0,1288.404
2025-09-08T18:41:28.178230584+03:00,heap_btree,delete,160000,k%7=0,1212.282
2025-09-08T18:41:29.426549158+03:00,heap_btree,delete,160000,k%7=0,1248.301
2025-09-08T18:41:30.702918403+03:00,heap_btree,delete,160000,k%7=0,1276.355
2025-09-08T18:41:31.94639296+03:00,heap_btree,delete,160000,k%7=0,1243.457
2025-09-08T18:41:33.163534978+03:00,heap_btree,delete,160000,k%7=0,1217.107
2025-09-08T18:41:34.38933666+03:00,heap_btree,delete,160000,k%7=0,1225.787
2025-09-08T18:41:35.602787556+03:00,heap_btree,delete,160000,k%7=0,1213.366
2025-09-08T18:41:36.820846537+03:00,heap_btree,delete,160000,k%7=0,1218.040
2025-09-08T18:41:38.099692472+03:00,heap_btree,delete,160000,k%7=0,1278.816
2025-09-08T18:41:39.334839323+03:00,heap_btree,delete,160000,k%7=0,1235.126
2025-09-08T18:41:40.564372211+03:00,heap_btree,delete,160000,k%7=0,1229.512
2025-09-08T18:41:41.79124849+03:00,heap_btree,delete,160000,k%7=0,1226.833
2025-09-08T18:41:43.095082627+03:00,heap_btree,delete,160000,k%7=0,1303.808
2025-09-08T18:41:44.472061697+03:00,heap_btree,delete,160000,k%7=0,1376.950
2025-09-08T18:41:45.710851962+03:00,heap_btree,delete,160000,k%7=0,1238.773
2025-09-08T18:41:46.974334229+03:00,heap_btree,delete,160000,k%7=0,1263.463
2025-09-08T18:41:48.244997868+03:00,heap_btree,delete,160000,k%7=0,1270.641
2025-09-08T18:41:49.472695354+03:00,heap_btree,delete,160000,k%7=0,1227.682
2025-09-08T18:41:50.68727064+03:00,heap_btree,delete,160000,k%7=0,1214.552
2025-09-08T18:41:51.906733103+03:00,heap_btree,delete,160000,k%7=0,1219.436
2025-09-08T18:41:53.131604259+03:00,heap_btree,delete,160000,k%7=0,1224.842
2025-09-08T18:41:54.359900853+03:00,heap_btree,delete,160000,k%7=0,1228.279
2025-09-08T18:41:55.582192016+03:00,heap_btree,delete,160000,k%7=0,1222.271
2025-09-08T18:41:56.808367414+03:00,heap_btree,delete,160000,k%7=0,1226.161
2025-09-08T18:41:58.023874678+03:00,heap_btree,delete,160000,k%7=0,1215.471
2025-09-08T18:41:59.263144197+03:00,heap_btree,delete,160000,k%7=0,1239.252
2025-09-08T18:42:00.474763592+03:00,heap_btree,delete,160000,k%7=0,1211.601
2025-09-08T18:42:01.868116449+03:00,heap_btree,delete,160000,k%7=0,1393.332
2025-09-08T18:42:03.092156331+03:00,heap_btree,delete,160000,k%7=0,1224.022
2025-09-08T18:42:04.355752013+03:00,heap_btree,delete,160000,k%7=0,1263.581
2025-09-08T18:42:05.586321424+03:00,heap_btree,delete,160000,k%7=0,1230.546
2025-09-08T18:42:06.868689443+03:00,heap_btree,delete,160000,k%7=0,1282.336
2025-09-08T18:42:08.159027498+03:00,heap_btree,delete,160000,k%7=0,1290.323
2025-09-08T18:42:09.446985242+03:00,heap_btree,delete,160000,k%7=0,1287.940
2025-09-08T18:42:10.865121869+03:00,heap_btree,delete,160000,k%7=0,1418.123
2025-09-08T18:42:12.109101856+03:00,heap_btree,delete,160000,k%7=0,1243.961
2025-09-08T18:42:13.337542176+03:00,heap_btree,delete,160000,k%7=0,1228.414
2025-09-08T18:42:14.555676777+03:00,heap_btree,delete,160000,k%7=0,1218.116
2025-09-08T18:42:15.805524252+03:00,heap_btree,delete,160000,k%7=0,1249.833
2025-09-08T18:42:17.032874604+03:00,heap_btree,delete,160000,k%7=0,1227.334
2025-09-08T18:42:18.24668852+03:00,heap_btree,delete,160000,k%7=0,1213.798
2025-09-08T18:42:19.464300623+03:00,heap_btree,delete,160000,k%7=0,1217.597
2025-09-08T18:42:20.695685999+03:00,heap_btree,delete,160000,k%7=0,1231.366
2025-09-08T18:42:21.950815401+03:00,heap_btree,delete,160000,k%7=0,1255.112
2025-09-08T18:42:23.182741499+03:00,heap_btree,delete,160000,k%7=0,1231.903
2025-09-08T18:42:24.403255706+03:00,heap_btree,delete,160000,k%7=0,1220.499
2025-09-08T18:42:25.643052035+03:00,heap_btree,delete,160000,k%7=0,1239.783
2025-09-08T18:42:26.855923767+03:00,heap_btree,delete,160000,k%7=0,1212.850
2025-09-08T18:42:28.056282538+03:00,heap_btree,delete,160000,k%7=0,1200.339
2025-09-08T18:42:29.281052542+03:00,heap_btree,delete,160000,k%7=0,1224.752
2025-09-08T18:42:30.527530027+03:00,heap_btree,delete,160000,k%7=0,1246.462
2025-09-08T18:42:36.354178605+03:00,heap_btree,insert,190000,bulk=190000,1410.896
2025-09-08T18:42:37.76457133+03:00,heap_btree,insert,190000,bulk=190000,1410.376
2025-09-08T18:42:39.396176346+03:00,heap_btree,insert,190000,bulk=190000,1631.593
2025-09-08T18:42:40.853884958+03:00,heap_btree,insert,190000,bulk=190000,1457.693
2025-09-08T18:42:42.297834475+03:00,heap_btree,insert,190000,bulk=190000,1443.937
2025-09-08T18:42:43.783937033+03:00,heap_btree,insert,190000,bulk=190000,1486.086
2025-09-08T18:42:45.227909666+03:00,heap_btree,insert,190000,bulk=190000,1443.950
2025-09-08T18:42:46.647971418+03:00,heap_btree,insert,190000,bulk=190000,1420.049
2025-09-08T18:42:48.10150252+03:00,heap_btree,insert,190000,bulk=190000,1453.513
2025-09-08T18:42:49.548274379+03:00,heap_btree,insert,190000,bulk=190000,1446.755
2025-09-08T18:42:50.99040281+03:00,heap_btree,insert,190000,bulk=190000,1442.113
2025-09-08T18:42:52.440595775+03:00,heap_btree,insert,190000,bulk=190000,1450.179
2025-09-08T18:42:53.888564526+03:00,heap_btree,insert,190000,bulk=190000,1447.949
2025-09-08T18:42:55.307503202+03:00,heap_btree,insert,190000,bulk=190000,1418.925
2025-09-08T18:42:56.727207981+03:00,heap_btree,insert,190000,bulk=190000,1419.691
2025-09-08T18:42:58.373869688+03:00,heap_btree,insert,190000,bulk=190000,1646.648
2025-09-08T18:42:59.830124582+03:00,heap_btree,insert,190000,bulk=190000,1456.241
2025-09-08T18:43:01.261460833+03:00,heap_btree,insert,190000,bulk=190000,1431.322
2025-09-08T18:43:02.720308289+03:00,heap_btree,insert,190000,bulk=190000,1458.829
2025-09-08T18:43:04.192046622+03:00,heap_btree,insert,190000,bulk=190000,1471.727
2025-09-08T18:43:05.602483541+03:00,heap_btree,insert,190000,bulk=190000,1410.424
2025-09-08T18:43:07.017933075+03:00,heap_btree,insert,190000,bulk=190000,1415.436
2025-09-08T18:43:08.45053201+03:00,heap_btree,insert,190000,bulk=190000,1432.583
2025-09-08T18:43:09.900570542+03:00,heap_btree,insert,190000,bulk=190000,1450.024
2025-09-08T18:43:11.340657248+03:00,heap_btree,insert,190000,bulk=190000,1440.069
2025-09-08T18:43:12.776624977+03:00,heap_btree,insert,190000,bulk=190000,1435.952
2025-09-08T18:43:14.224388867+03:00,heap_btree,insert,190000,bulk=190000,1447.748
2025-09-08T18:43:15.642730445+03:00,heap_btree,insert,190000,bulk=190000,1418.327
2025-09-08T18:43:17.252574737+03:00,heap_btree,insert,190000,bulk=190000,1609.830
2025-09-08T18:43:18.68713513+03:00,heap_btree,insert,190000,bulk=190000,1434.543
2025-09-08T18:43:20.132089802+03:00,heap_btree,insert,190000,bulk=190000,1444.942
2025-09-08T18:43:21.604663864+03:00,heap_btree,insert,190000,bulk=190000,1472.560
2025-09-08T18:43:23.04369929+03:00,heap_btree,insert,190000,bulk=190000,1439.018
2025-09-08T18:43:24.499712514+03:00,heap_btree,insert,190000,bulk=190000,1455.997
2025-09-08T18:43:25.920247568+03:00,heap_btree,insert,190000,bulk=190000,1420.520
2025-09-08T18:43:27.338730083+03:00,heap_btree,insert,190000,bulk=190000,1418.466
2025-09-08T18:43:28.759012933+03:00,heap_btree,insert,190000,bulk=190000,1420.266
2025-09-08T18:43:30.222004144+03:00,heap_btree,insert,190000,bulk=190000,1462.969
2025-09-08T18:43:31.64490896+03:00,heap_btree,insert,190000,bulk=190000,1422.884
2025-09-08T18:43:33.067844576+03:00,heap_btree,insert,190000,bulk=190000,1422.924
2025-09-08T18:43:34.534759901+03:00,heap_btree,insert,190000,bulk=190000,1466.899
2025-09-08T18:43:36.137069334+03:00,heap_btree,insert,190000,bulk=190000,1602.294
2025-09-08T18:43:37.572657034+03:00,heap_btree,insert,190000,bulk=190000,1435.572
2025-09-08T18:43:39.047958237+03:00,heap_btree,insert,190000,bulk=190000,1475.284
2025-09-08T18:43:40.510751997+03:00,heap_btree,insert,190000,bulk=190000,1462.770
2025-09-08T18:43:41.960006527+03:00,heap_btree,insert,190000,bulk=190000,1449.238
2025-09-08T18:43:43.388484091+03:00,heap_btree,insert,190000,bulk=190000,1428.460
2025-09-08T18:43:44.825585909+03:00,heap_btree,insert,190000,bulk=190000,1437.088
2025-09-08T18:43:46.258387995+03:00,heap_btree,insert,190000,bulk=190000,1432.785
2025-09-08T18:43:47.704775547+03:00,heap_btree,insert,190000,bulk=190000,1446.372
2025-09-08T18:43:49.116493219+03:00,heap_btree,insert,190000,bulk=190000,1411.705
2025-09-08T18:43:50.546497333+03:00,heap_btree,insert,190000,bulk=190000,1429.956
2025-09-08T18:43:52.001368333+03:00,heap_btree,insert,190000,bulk=190000,1454.859
2025-09-08T18:43:53.541310682+03:00,heap_btree,insert,190000,bulk=190000,1539.921
2025-09-08T18:43:55.104330337+03:00,heap_btree,insert,190000,bulk=190000,1563.006
2025-09-08T18:43:56.541011136+03:00,heap_btree,insert,190000,bulk=190000,1436.663
2025-09-08T18:43:57.970609529+03:00,heap_btree,insert,190000,bulk=190000,1429.575
2025-09-08T18:43:59.430005569+03:00,heap_btree,insert,190000,bulk=190000,1459.384
2025-09-08T18:44:00.862589599+03:00,heap_btree,insert,190000,bulk=190000,1432.572
2025-09-08T18:44:02.317770137+03:00,heap_btree,insert,190000,bulk=190000,1455.167
2025-09-08T18:44:03.760664494+03:00,heap_btree,insert,190000,bulk=190000,1442.880
2025-09-08T18:44:05.200033188+03:00,heap_btree,insert,190000,bulk=190000,1439.352
2025-09-08T18:44:06.635765937+03:00,heap_btree,insert,190000,bulk=190000,1435.719
2025-09-08T18:44:08.085143167+03:00,heap_btree,insert,190000,bulk=190000,1449.363
2025-09-08T18:44:09.50636175+03:00,heap_btree,insert,190000,bulk=190000,1421.203
2025-09-08T18:44:10.931180377+03:00,heap_btree,insert,190000,bulk=190000,1424.779
2025-09-08T18:44:12.451724866+03:00,heap_btree,insert,190000,bulk=190000,1520.529
2025-09-08T18:44:14.014829299+03:00,heap_btree,insert,190000,bulk=190000,1563.081
2025-09-08T18:44:15.472819046+03:00,heap_btree,insert,190000,bulk=190000,1457.973
2025-09-08T18:44:16.919124517+03:00,heap_btree,insert,190000,bulk=190000,1446.290
2025-09-08T18:44:18.37011539+03:00,heap_btree,insert,190000,bulk=190000,1450.977
2025-09-08T18:44:19.808370852+03:00,heap_btree,insert,190000,bulk=190000,1438.239
2025-09-08T18:44:21.237168417+03:00,heap_btree,insert,190000,bulk=190000,1428.764
2025-09-08T18:44:22.664972956+03:00,heap_btree,insert,190000,bulk=190000,1427.785
2025-09-08T18:44:24.124520053+03:00,heap_btree,insert,190000,bulk=190000,1459.533
2025-09-08T18:44:25.569260483+03:00,heap_btree,insert,190000,bulk=190000,1444.724
2025-09-08T18:44:26.994360639+03:00,heap_btree,insert,190000,bulk=190000,1425.079
2025-09-08T18:44:28.41561595+03:00,heap_btree,insert,190000,bulk=190000,1421.220
2025-09-08T18:44:29.84045615+03:00,heap_btree,insert,190000,bulk=190000,1424.824
2025-09-08T18:44:31.408675439+03:00,heap_btree,insert,190000,bulk=190000,1568.203
2025-09-08T18:44:32.905267551+03:00,heap_btree,insert,190000,bulk=190000,1496.579
2025-09-08T18:44:34.340413677+03:00,heap_btree,insert,190000,bulk=190000,1435.134
2025-09-08T18:44:35.788408566+03:00,heap_btree,insert,190000,bulk=190000,1447.980
2025-09-08T18:44:37.253515+03:00,heap_btree,insert,190000,bulk=190000,1465.062
2025-09-08T18:44:38.714968448+03:00,heap_btree,insert,190000,bulk=190000,1461.437
2025-09-08T18:44:40.170016056+03:00,heap_btree,insert,190000,bulk=190000,1455.033
2025-09-08T18:44:41.663444497+03:00,heap_btree,insert,190000,bulk=190000,1493.409
2025-09-08T18:44:43.114803778+03:00,heap_btree,insert,190000,bulk=190000,1451.342
2025-09-08T18:44:44.553451955+03:00,heap_btree,insert,190000,bulk=190000,1438.631
2025-09-08T18:44:45.990356367+03:00,heap_btree,insert,190000,bulk=190000,1436.891
2025-09-08T18:44:47.415199771+03:00,heap_btree,insert,190000,bulk=190000,1424.827
2025-09-08T18:44:48.840490587+03:00,heap_btree,insert,190000,bulk=190000,1425.275
2025-09-08T18:44:50.445617994+03:00,heap_btree,insert,190000,bulk=190000,1605.115
2025-09-08T18:44:51.88616163+03:00,heap_btree,insert,190000,bulk=190000,1440.531
2025-09-08T18:44:53.305979007+03:00,heap_btree,insert,190000,bulk=190000,1419.801
2025-09-08T18:44:54.749528954+03:00,heap_btree,insert,190000,bulk=190000,1443.533
2025-09-08T18:44:56.190797975+03:00,heap_btree,insert,190000,bulk=190000,1441.253
2025-09-08T18:44:57.614875548+03:00,heap_btree,insert,190000,bulk=190000,1424.062
2025-09-08T18:44:59.045685614+03:00,heap_btree,insert,190000,bulk=190000,1430.796
2025-09-08T18:45:00.497647281+03:00,heap_btree,insert,190000,bulk=190000,1451.947
2025-09-08T18:45:02.019783112+03:00,heap_btree,select,190000,"k in [a,b] (~N/50, cap 1000)",0.767
2025-09-08T18:45:02.020544748+03:00,heap_btree,select,190000,"k in [a,b] (~N/50, cap 1000)",0.747
2025-09-08T18:45:02.021230743+03:00,heap_btree,select,190000,"k in [a,b] (~N/50, cap 1000)",0.676
2025-09-08T18:45:02.021905285+03:00,heap_btree,select,190000,"k in [a,b] (~N/50, cap 1000)",0.666
2025-09-08T18:45:02.022916818+03:00,heap_btree,select,190000,"k in [a,b] (~N/50, cap 1000)",1.001
2025-09-08T18:45:02.023745153+03:00,heap_btree,select,190000,"k in [a,b] (~N/50, cap 1000)",0.820
2025-09-08T18:45:02.024491772+03:00,heap_btree,select,190000,"k in [a,b] (~N/50, cap 1000)",0.737
2025-09-08T18:45:02.025179025+03:00,heap_btree,select,190000,"k in [a,b] (~N/50, cap 1000)",0.678
2025-09-08T18:45:02.025886532+03:00,heap_btree,select,190000,"k in [a,b] (~N/50, cap 1000)",0.700
2025-09-08T18:45:02.026601442+03:00,heap_btree,select,190000,"k in [a,b] (~N/50, cap 1000)",0.707
2025-09-08T18:45:02.027251958+03:00,heap_btree,select,190000,"k in [a,b] (~N/50, cap 1000)",0.643
2025-09-08T18:45:02.027900168+03:00,heap_btree,select,190000,"k in [a,b] (~N/50, cap 1000)",0.641
2025-09-08T18:45:02.028546424+03:00,heap_btree,select,190000,"k in [a,b] (~N/50, cap 1000)",0.639
2025-09-08T18:45:02.02918332+03:00,heap_btree,select,190000,"k in [a,b] (~N/50, cap 1000)",0.630
2025-09-08T18:45:02.029832229+03:00,heap_btree,select,190000,"k in [a,b] (~N/50, cap 1000)",0.642
2025-09-08T18:45:02.030464306+03:00,heap_btree,select,190000,"k in [a,b] (~N/50, cap 1000)",0.625
2025-09-08T18:45:02.031089818+03:00,heap_btree,select,190000,"k in [a,b] (~N/50, cap 1000)",0.618
2025-09-08T18:45:02.031746968+03:00,heap_btree,select,190000,"k in [a,b] (~N/50, cap 1000)",0.651
2025-09-08T18:45:02.032371502+03:00,heap_btree,select,190000,"k in [a,b] (~N/50, cap 1000)",0.617
2025-09-08T18:45:02.03300749+03:00,heap_btree,select,190000,"k in [a,b] (~N/50, cap 1000)",0.621
2025-09-08T18:45:02.033644386+03:00,heap_btree,select,190000,"k in [a,b] (~N/50, cap 1000)",0.629
2025-09-08T18:45:02.034250761+03:00,heap_btree,select,190000,"k in [a,b] (~N/50, cap 1000)",0.599
2025-09-08T18:45:02.034864749+03:00,heap_btree,select,190000,"k in [a,b] (~N/50, cap 1000)",0.606
2025-09-08T18:45:02.035475664+03:00,heap_btree,select,190000,"k in [a,b] (~N/50, cap 1000)",0.604
2025-09-08T18:45:02.036075124+03:00,heap_btree,select,190000,"k in [a,b] (~N/50, cap 1000)",0.592
2025-09-08T18:45:02.03669009+03:00,heap_btree,select,190000,"k in [a,b] (~N/50, cap 1000)",0.608
2025-09-08T18:45:02.037292902+03:00,heap_btree,select,190000,"k in [a,b] (~N/50, cap 1000)",0.595
2025-09-08T18:45:02.038396558+03:00,heap_btree,select,190000,"k in [a,b] (~N/50, cap 1000)",1.095
2025-09-08T18:45:02.039238303+03:00,heap_btree,select,190000,"k in [a,b] (~N/50, cap 1000)",0.830
2025-09-08T18:45:02.03993701+03:00,heap_btree,select,190000,"k in [a,b] (~N/50, cap 1000)",0.690
2025-09-08T18:45:02.040601983+03:00,heap_btree,select,190000,"k in [a,b] (~N/50, cap 1000)",0.658
2025-09-08T18:45:02.041219183+03:00,heap_btree,select,190000,"k in [a,b] (~N/50, cap 1000)",0.610
2025-09-08T18:45:02.041832752+03:00,heap_btree,select,190000,"k in [a,b] (~N/50, cap 1000)",0.606
2025-09-08T18:45:02.042445133+03:00,heap_btree,select,190000,"k in [a,b] (~N/50, cap 1000)",0.606
2025-09-08T18:45:02.043043546+03:00,heap_btree,select,190000,"k in [a,b] (~N/50, cap 1000)",0.591
2025-09-08T18:45:02.043655159+03:00,heap_btree,select,190000,"k in [a,b] (~N/50, cap 1000)",0.604
2025-09-08T18:45:02.044241838+03:00,heap_btree,select,190000,"k in [a,b] (~N/50, cap 1000)",0.579
2025-09-08T18:45:02.044868398+03:00,heap_btree,select,190000,"k in [a,b] (~N/50, cap 1000)",0.618
2025-09-08T18:45:02.045477147+03:00,heap_btree,select,190000,"k in [a,b] (~N/50, cap 1000)",0.602
2025-09-08T18:45:02.046073465+03:00,heap_btree,select,190000,"k in [a,b] (~N/50, cap 1000)",0.589
2025-09-08T18:45:02.046714342+03:00,heap_btree,select,190000,"k in [a,b] (~N/50, cap 1000)",0.633
2025-09-08T18:45:02.047307796+03:00,heap_btree,select,190000,"k in [a,b] (~N/50, cap 1000)",0.586
2025-09-08T18:45:02.048096321+03:00,heap_btree,select,190000,"k in [a,b] (~N/50, cap 1000)",0.743
2025-09-08T18:45:02.048809834+03:00,heap_btree,select,190000,"k in [a,b] (~N/50, cap 1000)",0.706
2025-09-08T18:45:02.049474109+03:00,heap_btree,select,190000,"k in [a,b] (~N/50, cap 1000)",0.656
2025-09-08T18:45:02.05009536+03:00,heap_btree,select,190000,"k in [a,b] (~N/50, cap 1000)",0.614
2025-09-08T18:45:02.050714376+03:00,heap_btree,select,190000,"k in [a,b] (~N/50, cap 1000)",0.612
2025-09-08T18:45:02.051320681+03:00,heap_btree,select,190000,"k in [a,b] (~N/50, cap 1000)",0.598
2025-09-08T18:45:02.051948358+03:00,heap_btree,select,190000,"k in [a,b] (~N/50, cap 1000)",0.620
2025-09-08T18:45:02.052553965+03:00,heap_btree,select,190000,"k in [a,b] (~N/50, cap 1000)",0.597
2025-09-08T18:45:02.053153146+03:00,heap_btree,select,190000,"k in [a,b] (~N/50, cap 1000)",0.591
2025-09-08T18:45:02.053757356+03:00,heap_btree,select,190000,"k in [a,b] (~N/50, cap 1000)",0.597
2025-09-08T18:45:02.054846833+03:00,heap_btree,select,190000,"k in [a,b] (~N/50, cap 1000)",1.081
2025-09-08T18:45:02.055509082+03:00,heap_btree,select,190000,"k in [a,b] (~N/50, cap 1000)",0.654
2025-09-08T18:45:02.056147654+03:00,heap_btree,select,190000,"k in [a,b] (~N/50, cap 1000)",0.631
2025-09-08T18:45:02.056801941+03:00,heap_btree,select,190000,"k in [a,b] (~N/50, cap 1000)",0.646
2025-09-08T18:45:02.057425079+03:00,heap_btree,select,190000,"k in [a,b] (~N/50, cap 1000)",0.615
2025-09-08T18:45:02.058049193+03:00,heap_btree,select,190000,"k in [a,b] (~N/50, cap 1000)",0.617
2025-09-08T18:45:02.058703411+03:00,heap_btree,select,190000,"k in [a,b] (~N/50, cap 1000)",0.646
2025-09-08T18:45:02.059332275+03:00,heap_btree,select,190000,"k in [a,b] (~N/50, cap 1000)",0.620
2025-09-08T18:45:02.059991521+03:00,heap_btree,select,190000,"k in [a,b] (~N/50, cap 1000)",0.651
2025-09-08T18:45:02.060643573+03:00,heap_btree,select,190000,"k in [a,b] (~N/50, cap 1000)",0.644
2025-09-08T18:45:02.061502429+03:00,heap_btree,select,190000,"k in [a,b] (~N/50, cap 1000)",0.850
2025-09-08T18:45:02.062187028+03:00,heap_btree,select,190000,"k in [a,b] (~N/50, cap 1000)",0.676
2025-09-08T18:45:02.062816591+03:00,heap_btree,select,190000,"k in [a,b] (~N/50, cap 1000)",0.621
2025-09-08T18:45:02.063388114+03:00,heap_btree,select,190000,"k in [a,b] (~N/50, cap 1000)",0.563
2025-09-08T18:45:02.06401593+03:00,heap_btree,select,190000,"k in [a,b] (~N/50, cap 1000)",0.619
2025-09-08T18:45:02.064640604+03:00,heap_btree,select,190000,"k in [a,b] (~N/50, cap 1000)",0.617
2025-09-08T18:45:02.06525969+03:00,heap_btree,select,190000,"k in [a,b] (~N/50, cap 1000)",0.610
2025-09-08T18:45:02.065877938+03:00,heap_btree,select,190000,"k in [a,b] (~N/50, cap 1000)",0.610
2025-09-08T18:45:02.06649451+03:00,heap_btree,select,190000,"k in [a,b] (~N/50, cap 1000)",0.609
2025-09-08T18:45:02.067113806+03:00,heap_btree,select,190000,"k in [a,b] (~N/50, cap 1000)",0.611
2025-09-08T18:45:02.067731915+03:00,heap_btree,select,190000,"k in [a,b] (~N/50, cap 1000)",0.610
2025-09-08T18:45:02.068329699+03:00,heap_btree,select,190000,"k in [a,b] (~N/50, cap 1000)",0.590
2025-09-08T18:45:02.06893342+03:00,heap_btree,select,190000,"k in [a,b] (~N/50, cap 1000)",0.596
2025-09-08T18:45:02.069539515+03:00,heap_btree,select,190000,"k in [a,b] (~N/50, cap 1000)",0.598
2025-09-08T18:45:02.07013681+03:00,heap_btree,select,190000,"k in [a,b] (~N/50, cap 1000)",0.590
2025-09-08T18:45:02.070763789+03:00,heap_btree,select,190000,"k in [a,b] (~N/50, cap 1000)",0.620
2025-09-08T18:45:02.071511037+03:00,heap_btree,select,190000,"k in [a,b] (~N/50, cap 1000)",0.740
2025-09-08T18:45:02.072687678+03:00,heap_btree,select,190000,"k in [a,b] (~N/50, cap 1000)",1.167
2025-09-08T18:45:02.073658282+03:00,heap_btree,select,190000,"k in [a,b] (~N/50, cap 1000)",0.961
2025-09-08T18:45:02.074655288+03:00,heap_btree,select,190000,"k in [a,b] (~N/50, cap 1000)",0.987
2025-09-08T18:45:02.075353017+03:00,heap_btree,select,190000,"k in [a,b] (~N/50, cap 1000)",0.689
2025-09-08T18:45:02.076073655+03:00,heap_btree,select,190000,"k in [a,b] (~N/50, cap 1000)",0.711
2025-09-08T18:45:02.076805467+03:00,heap_btree,select,190000,"k in [a,b] (~N/50, cap 1000)",0.685
2025-09-08T18:45:02.077578627+03:00,heap_btree,select,190000,"k in [a,b] (~N/50, cap 1000)",0.765
2025-09-08T18:45:02.078251562+03:00,heap_btree,select,190000,"k in [a,b] (~N/50, cap 1000)",0.665
2025-09-08T18:45:02.078864641+03:00,heap_btree,select,190000,"k in [a,b] (~N/50, cap 1000)",0.606
2025-09-08T18:45:02.079496509+03:00,heap_btree,select,190000,"k in [a,b] (~N/50, cap 1000)",0.624
2025-09-08T18:45:02.080146605+03:00,heap_btree,select,190000,"k in [a,b] (~N/50, cap 1000)",0.642
2025-09-08T18:45:02.080774631+03:00,heap_btree,select,190000,"k in [a,b] (~N/50, cap 1000)",0.622
2025-09-08T18:45:02.081370111+03:00,heap_btree,select,190000,"k in [a,b] (~N/50, cap 1000)",0.588
2025-09-08T18:45:02.08196112+03:00,heap_btree,select,190000,"k in [a,b] (~N/50, cap 1000)",0.576
2025-09-08T18:45:02.082586213+03:00,heap_btree,select,190000,"k in [a,b] (~N/50, cap 1000)",0.617
2025-09-08T18:45:02.083177711+03:00,heap_btree,select,190000,"k in [a,b] (~N/50, cap 1000)",0.584
2025-09-08T18:45:02.083783038+03:00,heap_btree,select,190000,"k in [a,b] (~N/50, cap 1000)",0.598
2025-09-08T18:45:02.084365457+03:00,heap_btree,select,190000,"k in [a,b] (~N/50, cap 1000)",0.576
2025-09-08T18:45:02.084963521+03:00,heap_btree,select,190000,"k in [a,b] (~N/50, cap 1000)",0.591
2025-09-08T18:45:02.085567451+03:00,heap_btree,select,190000,"k in [a,b] (~N/50, cap 1000)",0.596
2025-09-08T18:45:02.086155178+03:00,heap_btree,select,190000,"k in [a,b] (~N/50, cap 1000)",0.581
2025-09-08T18:45:07.854290847+03:00,heap_btree,delete,190000,k%7=0,1452.984
2025-09-08T18:45:09.498143192+03:00,heap_btree,delete,190000,k%7=0,1643.836
2025-09-08T18:45:10.992520084+03:00,heap_btree,delete,190000,k%7=0,1494.354
2025-09-08T18:45:12.482567422+03:00,heap_btree,delete,190000,k%7=0,1490.032
2025-09-08T18:45:13.94421341+03:00,heap_btree,delete,190000,k%7=0,1461.621
2025-09-08T18:45:15.398582899+03:00,heap_btree,delete,190000,k%7=0,1454.352
2025-09-08T18:45:16.849295769+03:00,heap_btree,delete,190000,k%7=0,1450.689
2025-09-08T18:45:18.33359763+03:00,heap_btree,delete,190000,k%7=0,1484.285
2025-09-08T18:45:19.796762835+03:00,heap_btree,delete,190000,k%7=0,1463.149
2025-09-08T18:45:21.248593187+03:00,heap_btree,delete,190000,k%7=0,1451.807
2025-09-08T18:45:22.690562091+03:00,heap_btree,delete,190000,k%7=0,1441.952
2025-09-08T18:45:24.130279473+03:00,heap_btree,delete,190000,k%7=0,1439.702
2025-09-08T18:45:25.566874324+03:00,heap_btree,delete,190000,k%7=0,1436.578
2025-09-08T18:45:27.179313132+03:00,heap_btree,delete,190000,k%7=0,1612.399
2025-09-08T18:45:28.697151806+03:00,heap_btree,delete,190000,k%7=0,1517.824
2025-09-08T18:45:30.150719005+03:00,heap_btree,delete,190000,k%7=0,1453.546
2025-09-08T18:45:31.650275915+03:00,heap_btree,delete,190000,k%7=0,1499.542
2025-09-08T18:45:33.121097767+03:00,heap_btree,delete,190000,k%7=0,1470.799
2025-09-08T18:45:34.58931546+03:00,heap_btree,delete,190000,k%7=0,1468.202
2025-09-08T18:45:36.039588942+03:00,heap_btree,delete,190000,k%7=0,1450.256
2025-09-08T18:45:37.498166238+03:00,heap_btree,delete,190000,k%7=0,1458.554
2025-09-08T18:45:39.024974044+03:00,heap_btree,delete,190000,k%7=0,1526.775
2025-09-08T18:45:40.492461599+03:00,heap_btree,delete,190000,k%7=0,1467.471
2025-09-08T18:45:41.94065558+03:00,heap_btree,delete,190000,k%7=0,1448.158
2025-09-08T18:45:43.377187146+03:00,heap_btree,delete,190000,k%7=0,1436.514
2025-09-08T18:45:44.891349429+03:00,heap_btree,delete,190000,k%7=0,1514.144
2025-09-08T18:45:46.460862379+03:00,heap_btree,delete,190000,k%7=0,1569.497
2025-09-08T18:45:47.93082425+03:00,heap_btree,delete,190000,k%7=0,1469.939
2025-09-08T18:45:49.395087231+03:00,heap_btree,delete,190000,k%7=0,1464.245
2025-09-08T18:45:50.896058239+03:00,heap_btree,delete,190000,k%7=0,1500.954
2025-09-08T18:45:52.351125581+03:00,heap_btree,delete,190000,k%7=0,1455.052
2025-09-08T18:45:53.796851314+03:00,heap_btree,delete,190000,k%7=0,1445.697
2025-09-08T18:45:55.258723574+03:00,heap_btree,delete,190000,k%7=0,1461.835
2025-09-08T18:45:56.709017721+03:00,heap_btree,delete,190000,k%7=0,1450.278
2025-09-08T18:45:58.15486379+03:00,heap_btree,delete,190000,k%7=0,1445.828
2025-09-08T18:45:59.625922817+03:00,heap_btree,delete,190000,k%7=0,1471.042
2025-09-08T18:46:01.129246195+03:00,heap_btree,delete,190000,k%7=0,1503.309
2025-09-08T18:46:02.580883764+03:00,heap_btree,delete,190000,k%7=0,1451.619
2025-09-08T18:46:04.188437264+03:00,heap_btree,delete,190000,k%7=0,1607.533
2025-09-08T18:46:05.636778743+03:00,heap_btree,delete,190000,k%7=0,1448.326
2025-09-08T18:46:07.074059013+03:00,heap_btree,delete,190000,k%7=0,1437.249
2025-09-08T18:46:08.532924608+03:00,heap_btree,delete,190000,k%7=0,1458.851
2025-09-08T18:46:10.058806705+03:00,heap_btree,delete,190000,k%7=0,1525.867
2025-09-08T18:46:11.53199181+03:00,heap_btree,delete,190000,k%7=0,1473.167
2025-09-08T18:46:12.977699166+03:00,heap_btree,delete,190000,k%7=0,1445.687
2025-09-08T18:46:14.421258018+03:00,heap_btree,delete,190000,k%7=0,1443.538
2025-09-08T18:46:15.865105321+03:00,heap_btree,delete,190000,k%7=0,1443.828
2025-09-08T18:46:17.327446427+03:00,heap_btree,delete,190000,k%7=0,1462.320
2025-09-08T18:46:18.853917854+03:00,heap_btree,delete,190000,k%7=0,1526.452
2025-09-08T18:46:20.319417318+03:00,heap_btree,delete,190000,k%7=0,1465.477
2025-09-08T18:46:21.911999875+03:00,heap_btree,delete,190000,k%7=0,1592.563
2025-09-08T18:46:23.462329307+03:00,heap_btree,delete,190000,k%7=0,1550.307
2025-09-08T18:46:24.901150721+03:00,heap_btree,delete,190000,k%7=0,1438.801
2025-09-08T18:46:26.339080033+03:00,heap_btree,delete,190000,k%7=0,1437.909
2025-09-08T18:46:27.834410106+03:00,heap_btree,delete,190000,k%7=0,1495.265
2025-09-08T18:46:29.324201018+03:00,heap_btree,delete,190000,k%7=0,1489.776
2025-09-08T18:46:30.780089487+03:00,heap_btree,delete,190000,k%7=0,1455.862
2025-09-08T18:46:32.245091177+03:00,heap_btree,delete,190000,k%7=0,1464.984
2025-09-08T18:46:33.725226256+03:00,heap_btree,delete,190000,k%7=0,1480.113
2025-09-08T18:46:35.184129695+03:00,heap_btree,delete,190000,k%7=0,1458.887
2025-09-08T18:46:36.656178449+03:00,heap_btree,delete,190000,k%7=0,1472.023
2025-09-08T18:46:38.136097014+03:00,heap_btree,delete,190000,k%7=0,1479.902
2025-09-08T18:46:40.392430581+03:00,heap_btree,delete,190000,k%7=0,2256.319
2025-09-08T18:46:42.014963102+03:00,heap_btree,delete,190000,k%7=0,1622.514
2025-09-08T18:46:43.496767419+03:00,heap_btree,delete,190000,k%7=0,1481.786
2025-09-08T18:46:44.941471612+03:00,heap_btree,delete,190000,k%7=0,1444.688
2025-09-08T18:46:46.421850996+03:00,heap_btree,delete,190000,k%7=0,1480.365
2025-09-08T18:46:47.897261976+03:00,heap_btree,delete,190000,k%7=0,1475.397
2025-09-08T18:46:49.375176329+03:00,heap_btree,delete,190000,k%7=0,1477.899
2025-09-08T18:46:50.833617333+03:00,heap_btree,delete,190000,k%7=0,1458.425
2025-09-08T18:46:52.314091282+03:00,heap_btree,delete,190000,k%7=0,1480.455
2025-09-08T18:46:53.866416739+03:00,heap_btree,delete,190000,k%7=0,1552.311
2025-09-08T18:46:55.357597861+03:00,heap_btree,delete,190000,k%7=0,1491.166
2025-09-08T18:46:56.801941032+03:00,heap_btree,delete,190000,k%7=0,1444.187
2025-09-08T18:46:58.270416761+03:00,heap_btree,delete,190000,k%7=0,1468.461
2025-09-08T18:46:59.923531254+03:00,heap_btree,delete,190000,k%7=0,1653.094
2025-09-08T18:47:01.393206392+03:00,heap_btree,delete,190000,k%7=0,1469.656
2025-09-08T18:47:02.817794746+03:00,heap_btree,delete,190000,k%7=0,1424.573
2025-09-08T18:47:04.241391262+03:00,heap_btree,delete,190000,k%7=0,1423.573
2025-09-08T18:47:05.737323923+03:00,heap_btree,delete,190000,k%7=0,1495.915
2025-09-08T18:47:07.199217738+03:00,heap_btree,delete,190000,k%7=0,1461.875
2025-09-08T18:47:08.647852672+03:00,heap_btree,delete,190000,k%7=0,1448.619
2025-09-08T18:47:10.096322916+03:00,heap_btree,delete,190000,k%7=0,1448.448
2025-09-08T18:47:11.577991798+03:00,heap_btree,delete,190000,k%7=0,1481.653
2025-09-08T18:47:13.027823487+03:00,heap_btree,delete,190000,k%7=0,1449.811
2025-09-08T18:47:14.47448131+03:00,heap_btree,delete,190000,k%7=0,1446.639
2025-09-08T18:47:15.923096756+03:00,heap_btree,delete,190000,k%7=0,1448.599
2025-09-08T18:47:17.504701684+03:00,heap_btree,delete,190000,k%7=0,1581.583
2025-09-08T18:47:19.005355362+03:00,heap_btree,delete,190000,k%7=0,1500.635
2025-09-08T18:47:20.441472654+03:00,heap_btree,delete,190000,k%7=0,1436.102
2025-09-08T18:47:21.94168269+03:00,heap_btree,delete,190000,k%7=0,1500.190
2025-09-08T18:47:23.395552962+03:00,heap_btree,delete,190000,k%7=0,1453.850
2025-09-08T18:47:24.8829472+03:00,heap_btree,delete,190000,k%7=0,1487.377
2025-09-08T18:47:26.356429109+03:00,heap_btree,delete,190000,k%7=0,1473.466
2025-09-08T18:47:27.812918692+03:00,heap_btree,delete,190000,k%7=0,1456.468
2025-09-08T18:47:29.271592748+03:00,heap_btree,delete,190000,k%7=0,1458.658
2025-09-08T18:47:30.75954384+03:00,heap_btree,delete,190000,k%7=0,1487.928
2025-09-08T18:47:32.229330366+03:00,heap_btree,delete,190000,k%7=0,1469.768
2025-09-08T18:47:33.694918923+03:00,heap_btree,delete,190000,k%7=0,1465.573
2025-09-08T18:47:35.148169756+03:00,heap_btree,delete,190000,k%7=0,1453.232
2025-09-08T18:47:35.784412286+03:00,heap_unique_btree,insert,10000,bulk=10000,142.847
2025-09-08T18:47:35.887257635+03:00,heap_unique_btree,insert,10000,bulk=10000,102.832
2025-09-08T18:47:36.007526516+03:00,heap_unique_btree,insert,10000,bulk=10000,120.103
2025-09-08T18:47:36.110438984+03:00,heap_unique_btree,insert,10000,bulk=10000,102.895
2025-09-08T18:47:36.20784833+03:00,heap_unique_btree,insert,10000,bulk=10000,97.391
2025-09-08T18:47:36.305784012+03:00,heap_unique_btree,insert,10000,bulk=10000,97.923
2025-09-08T18:47:36.405619347+03:00,heap_unique_btree,insert,10000,bulk=10000,99.822
2025-09-08T18:47:36.505498613+03:00,heap_unique_btree,insert,10000,bulk=10000,99.864
2025-09-08T18:47:36.605394851+03:00,heap_unique_btree,insert,10000,bulk=10000,99.884
2025-09-08T18:47:36.703418115+03:00,heap_unique_btree,insert,10000,bulk=10000,98.011
2025-09-08T18:47:36.79949137+03:00,heap_unique_btree,insert,10000,bulk=10000,96.058
2025-09-08T18:47:36.902258983+03:00,heap_unique_btree,insert,10000,bulk=10000,102.752
2025-09-08T18:47:36.996761544+03:00,heap_unique_btree,insert,10000,bulk=10000,94.487
2025-09-08T18:47:37.091912595+03:00,heap_unique_btree,insert,10000,bulk=10000,95.134
2025-09-08T18:47:37.188253208+03:00,heap_unique_btree,insert,10000,bulk=10000,96.327
2025-09-08T18:47:37.283472146+03:00,heap_unique_btree,insert,10000,bulk=10000,95.206
2025-09-08T18:47:37.379011662+03:00,heap_unique_btree,insert,10000,bulk=10000,95.518
2025-09-08T18:47:37.475140652+03:00,heap_unique_btree,insert,10000,bulk=10000,96.103
2025-09-08T18:47:37.574950634+03:00,heap_unique_btree,insert,10000,bulk=10000,99.795
2025-09-08T18:47:37.697923198+03:00,heap_unique_btree,insert,10000,bulk=10000,122.960
2025-09-08T18:47:37.795230784+03:00,heap_unique_btree,insert,10000,bulk=10000,97.288
2025-09-08T18:47:37.916413419+03:00,heap_unique_btree,insert,10000,bulk=10000,121.169
2025-09-08T18:47:38.008358966+03:00,heap_unique_btree,insert,10000,bulk=10000,91.929
2025-09-08T18:47:38.104017914+03:00,heap_unique_btree,insert,10000,bulk=10000,95.629
2025-09-08T18:47:38.202646855+03:00,heap_unique_btree,insert,10000,bulk=10000,98.613
2025-09-08T18:47:38.297412443+03:00,heap_unique_btree,insert,10000,bulk=10000,94.753
2025-09-08T18:47:38.399745635+03:00,heap_unique_btree,insert,10000,bulk=10000,102.314
2025-09-08T18:47:38.498877374+03:00,heap_unique_btree,insert,10000,bulk=10000,99.115
2025-09-08T18:47:38.601712874+03:00,heap_unique_btree,insert,10000,bulk=10000,102.802
2025-09-08T18:47:38.697585959+03:00,heap_unique_btree,insert,10000,bulk=10000,95.858
2025-09-08T18:47:38.803196382+03:00,heap_unique_btree,insert,10000,bulk=10000,105.582
2025-09-08T18:47:38.899183242+03:00,heap_unique_btree,insert,10000,bulk=10000,95.975
2025-09-08T18:47:39.003502342+03:00,heap_unique_btree,insert,10000,bulk=10000,104.305
2025-09-08T18:47:39.101877125+03:00,heap_unique_btree,insert,10000,bulk=10000,98.361
2025-09-08T18:47:39.197708095+03:00,heap_unique_btree,insert,10000,bulk=10000,95.809
2025-09-08T18:47:39.295742884+03:00,heap_unique_btree,insert,10000,bulk=10000,98.020
2025-09-08T18:47:39.393835991+03:00,heap_unique_btree,insert,10000,bulk=10000,98.078
2025-09-08T18:47:39.490422241+03:00,heap_unique_btree,insert,10000,bulk=10000,96.568
2025-09-08T18:47:39.588183036+03:00,heap_unique_btree,insert,10000,bulk=10000,97.741
2025-09-08T18:47:39.687554475+03:00,heap_unique_btree,insert,10000,bulk=10000,99.351
2025-09-08T18:47:39.791823079+03:00,heap_unique_btree,insert,10000,bulk=10000,104.250
2025-09-08T18:47:39.888740314+03:00,heap_unique_btree,insert,10000,bulk=10000,96.903
2025-09-08T18:47:39.987590447+03:00,heap_unique_btree,insert,10000,bulk=10000,98.838
2025-09-08T18:47:40.087588934+03:00,heap_unique_btree,insert,10000,bulk=10000,99.984
2025-09-08T18:47:40.185793022+03:00,heap_unique_btree,insert,10000,bulk=10000,98.188
2025-09-08T18:47:40.281077263+03:00,heap_unique_btree,insert,10000,bulk=10000,95.260
2025-09-08T18:47:40.377524595+03:00,heap_unique_btree,insert,10000,bulk=10000,96.436
2025-09-08T18:47:40.474528924+03:00,heap_unique_btree,insert,10000,bulk=10000,96.989
2025-09-08T18:47:40.575547814+03:00,heap_unique_btree,insert,10000,bulk=10000,101.005
2025-09-08T18:47:40.672303712+03:00,heap_unique_btree,insert,10000,bulk=10000,96.713
2025-09-08T18:47:40.766106378+03:00,heap_unique_btree,insert,10000,bulk=10000,93.784
2025-09-08T18:47:40.865591102+03:00,heap_unique_btree,insert,10000,bulk=10000,99.470
2025-09-08T18:47:40.962130068+03:00,heap_unique_btree,insert,10000,bulk=10000,96.527
2025-09-08T18:47:41.063168794+03:00,heap_unique_btree,insert,10000,bulk=10000,101.023
2025-09-08T18:47:41.163531442+03:00,heap_unique_btree,insert,10000,bulk=10000,100.347
2025-09-08T18:47:41.263928033+03:00,heap_unique_btree,insert,10000,bulk=10000,100.382
2025-09-08T18:47:41.365761848+03:00,heap_unique_btree,insert,10000,bulk=10000,101.822
2025-09-08T18:47:41.462402296+03:00,heap_unique_btree,insert,10000,bulk=10000,96.628
2025-09-08T18:47:41.559231808+03:00,heap_unique_btree,insert,10000,bulk=10000,96.816
2025-09-08T18:47:41.662924489+03:00,heap_unique_btree,insert,10000,bulk=10000,103.674
2025-09-08T18:47:41.760853186+03:00,heap_unique_btree,insert,10000,bulk=10000,97.912
2025-09-08T18:47:41.862410773+03:00,heap_unique_btree,insert,10000,bulk=10000,101.533
2025-09-08T18:47:41.963073885+03:00,heap_unique_btree,insert,10000,bulk=10000,100.650
2025-09-08T18:47:42.062564266+03:00,heap_unique_btree,insert,10000,bulk=10000,99.478
2025-09-08T18:47:42.162821032+03:00,heap_unique_btree,insert,10000,bulk=10000,100.233
2025-09-08T18:47:42.264969978+03:00,heap_unique_btree,insert,10000,bulk=10000,102.131
2025-09-08T18:47:42.363548423+03:00,heap_unique_btree,insert,10000,bulk=10000,98.565
2025-09-08T18:47:42.460891977+03:00,heap_unique_btree,insert,10000,bulk=10000,97.327
2025-09-08T18:47:42.56035959+03:00,heap_unique_btree,insert,10000,bulk=10000,99.455
2025-09-08T18:47:42.659689403+03:00,heap_unique_btree,insert,10000,bulk=10000,99.298
2025-09-08T18:47:42.759828484+03:00,heap_unique_btree,insert,10000,bulk=10000,100.108
2025-09-08T18:47:42.852299668+03:00,heap_unique_btree,insert,10000,bulk=10000,92.455
2025-09-08T18:47:42.945222106+03:00,heap_unique_btree,insert,10000,bulk=10000,92.910
2025-09-08T18:47:43.065238855+03:00,heap_unique_btree,insert,10000,bulk=10000,120.002
2025-09-08T18:47:43.163036039+03:00,heap_unique_btree,insert,10000,bulk=10000,97.781
2025-09-08T18:47:43.259444888+03:00,heap_unique_btree,insert,10000,bulk=10000,96.389
2025-09-08T18:47:43.356157203+03:00,heap_unique_btree,insert,10000,bulk=10000,96.700
2025-09-08T18:47:43.455944766+03:00,heap_unique_btree,insert,10000,bulk=10000,99.771
2025-09-08T18:47:43.559584017+03:00,heap_unique_btree,insert,10000,bulk=10000,103.627
2025-09-08T18:47:43.660951771+03:00,heap_unique_btree,insert,10000,bulk=10000,101.353
2025-09-08T18:47:43.764534519+03:00,heap_unique_btree,insert,10000,bulk=10000,103.563
2025-09-08T18:47:43.872769703+03:00,heap_unique_btree,insert,10000,bulk=10000,108.221
2025-09-08T18:47:43.979523382+03:00,heap_unique_btree,insert,10000,bulk=10000,106.740
2025-09-08T18:47:44.093549089+03:00,heap_unique_btree,insert,10000,bulk=10000,114.011
2025-09-08T18:47:44.236861332+03:00,heap_unique_btree,insert,10000,bulk=10000,143.297
2025-09-08T18:47:44.396111762+03:00,heap_unique_btree,insert,10000,bulk=10000,159.235
2025-09-08T18:47:44.545551449+03:00,heap_unique_btree,insert,10000,bulk=10000,149.424
2025-09-08T18:47:44.689732326+03:00,heap_unique_btree,insert,10000,bulk=10000,144.163
2025-09-08T18:47:44.803593973+03:00,heap_unique_btree,insert,10000,bulk=10000,113.837
2025-09-08T18:47:44.904970947+03:00,heap_unique_btree,insert,10000,bulk=10000,101.361
2025-09-08T18:47:45.004085644+03:00,heap_unique_btree,insert,10000,bulk=10000,99.098
2025-09-08T18:47:45.105940692+03:00,heap_unique_btree,insert,10000,bulk=10000,101.833
2025-09-08T18:47:45.20735552+03:00,heap_unique_btree,insert,10000,bulk=10000,101.396
2025-09-08T18:47:45.30405708+03:00,heap_unique_btree,insert,10000,bulk=10000,96.691
2025-09-08T18:47:45.403696227+03:00,heap_unique_btree,insert,10000,bulk=10000,99.623
2025-09-08T18:47:45.502658806+03:00,heap_unique_btree,insert,10000,bulk=10000,98.951
2025-09-08T18:47:45.606357493+03:00,heap_unique_btree,insert,10000,bulk=10000,103.656
2025-09-08T18:47:45.708763949+03:00,heap_unique_btree,insert,10000,bulk=10000,102.390
2025-09-08T18:47:45.808611018+03:00,heap_unique_btree,insert,10000,bulk=10000,99.833
2025-09-08T18:47:45.906281646+03:00,heap_unique_btree,insert,10000,bulk=10000,97.654
2025-09-08T18:47:46.014708758+03:00,heap_unique_btree,select,10000,"k in [a,b] (~N/50, cap 1000)",0.212
2025-09-08T18:47:46.014933721+03:00,heap_unique_btree,select,10000,"k in [a,b] (~N/50, cap 1000)",0.209
2025-09-08T18:47:46.015149326+03:00,heap_unique_btree,select,10000,"k in [a,b] (~N/50, cap 1000)",0.207
2025-09-08T18:47:46.015351939+03:00,heap_unique_btree,select,10000,"k in [a,b] (~N/50, cap 1000)",0.195
2025-09-08T18:47:46.015565728+03:00,heap_unique_btree,select,10000,"k in [a,b] (~N/50, cap 1000)",0.208
2025-09-08T18:47:46.015756608+03:00,heap_unique_btree,select,10000,"k in [a,b] (~N/50, cap 1000)",0.183
2025-09-08T18:47:46.015957756+03:00,heap_unique_btree,select,10000,"k in [a,b] (~N/50, cap 1000)",0.195
2025-09-08T18:47:46.016159322+03:00,heap_unique_btree,select,10000,"k in [a,b] (~N/50, cap 1000)",0.194
2025-09-08T18:47:46.016359351+03:00,heap_unique_btree,select,10000,"k in [a,b] (~N/50, cap 1000)",0.193
2025-09-08T18:47:46.016570905+03:00,heap_unique_btree,select,10000,"k in [a,b] (~N/50, cap 1000)",0.204
2025-09-08T18:47:46.016772122+03:00,heap_unique_btree,select,10000,"k in [a,b] (~N/50, cap 1000)",0.195
2025-09-08T18:47:46.016967542+03:00,heap_unique_btree,select,10000,"k in [a,b] (~N/50, cap 1000)",0.187
2025-09-08T18:47:46.017166384+03:00,heap_unique_btree,select,10000,"k in [a,b] (~N/50, cap 1000)",0.193
2025-09-08T18:47:46.017421101+03:00,heap_unique_btree,select,10000,"k in [a,b] (~N/50, cap 1000)",0.247
2025-09-08T18:47:46.017652141+03:00,heap_unique_btree,select,10000,"k in [a,b] (~N/50, cap 1000)",0.222
2025-09-08T18:47:46.017864393+03:00,heap_unique_btree,select,10000,"k in [a,b] (~N/50, cap 1000)",0.204
2025-09-08T18:47:46.018106119+03:00,heap_unique_btree,select,10000,"k in [a,b] (~N/50, cap 1000)",0.233
2025-09-08T18:47:46.018337019+03:00,heap_unique_btree,select,10000,"k in [a,b] (~N/50, cap 1000)",0.224
2025-09-08T18:47:46.018564637+03:00,heap_unique_btree,select,10000,"k in [a,b] (~N/50, cap 1000)",0.219
2025-09-08T18:47:46.018764247+03:00,heap_unique_btree,select,10000,"k in [a,b] (~N/50, cap 1000)",0.194
2025-09-08T18:47:46.018985788+03:00,heap_unique_btree,select,10000,"k in [a,b] (~N/50, cap 1000)",0.214
2025-09-08T18:47:46.019192663+03:00,heap_unique_btree,select,10000,"k in [a,b] (~N/50, cap 1000)",0.198
2025-09-08T18:47:46.019395905+03:00,heap_unique_btree,select,10000,"k in [a,b] (~N/50, cap 1000)",0.197
2025-09-08T18:47:46.019596214+03:00,heap_unique_btree,select,10000,"k in [a,b] (~N/50, cap 1000)",0.193
2025-09-08T18:47:46.019790796+03:00,heap_unique_btree,select,10000,"k in [a,b] (~N/50, cap 1000)",0.188
2025-09-08T18:47:46.019985937+03:00,heap_unique_btree,select,10000,"k in [a,b] (~N/50, cap 1000)",0.188
2025-09-08T18:47:46.020182335+03:00,heap_unique_btree,select,10000,"k in [a,b] (~N/50, cap 1000)",0.190
2025-09-08T18:47:46.020387183+03:00,heap_unique_btree,select,10000,"k in [a,b] (~N/50, cap 1000)",0.198
2025-09-08T18:47:46.020599366+03:00,heap_unique_btree,select,10000,"k in [a,b] (~N/50, cap 1000)",0.205
2025-09-08T18:47:46.020807218+03:00,heap_unique_btree,select,10000,"k in [a,b] (~N/50, cap 1000)",0.201
2025-09-08T18:47:46.02100145+03:00,heap_unique_btree,select,10000,"k in [a,b] (~N/50, cap 1000)",0.188
2025-09-08T18:47:46.021194496+03:00,heap_unique_btree,select,10000,"k in [a,b] (~N/50, cap 1000)",0.188
2025-09-08T18:47:46.021395294+03:00,heap_unique_btree,select,10000,"k in [a,b] (~N/50, cap 1000)",0.196
2025-09-08T18:47:46.021597628+03:00,heap_unique_btree,select,10000,"k in [a,b] (~N/50, cap 1000)",0.194
2025-09-08T18:47:46.021799404+03:00,heap_unique_btree,select,10000,"k in [a,b] (~N/50, cap 1000)",0.195
2025-09-08T18:47:46.021991262+03:00,heap_unique_btree,select,10000,"k in [a,b] (~N/50, cap 1000)",0.187
2025-09-08T18:47:46.022194365+03:00,heap_unique_btree,select,10000,"k in [a,b] (~N/50, cap 1000)",0.197
2025-09-08T18:47:46.02240075+03:00,heap_unique_btree,select,10000,"k in [a,b] (~N/50, cap 1000)",0.199
2025-09-08T18:47:46.022606297+03:00,heap_unique_btree,select,10000,"k in [a,b] (~N/50, cap 1000)",0.198
2025-09-08T18:47:46.022804371+03:00,heap_unique_btree,select,10000,"k in [a,b] (~N/50, cap 1000)",0.191
2025-09-08T18:47:46.023107768+03:00,heap_unique_btree,select,10000,"k in [a,b] (~N/50, cap 1000)",0.266
2025-09-08T18:47:46.023343208+03:00,heap_unique_btree,select,10000,"k in [a,b] (~N/50, cap 1000)",0.228
2025-09-08T18:47:46.023581861+03:00,heap_unique_btree,select,10000,"k in [a,b] (~N/50, cap 1000)",0.232
2025-09-08T18:47:46.023840489+03:00,heap_unique_btree,select,10000,"k in [a,b] (~N/50, cap 1000)",0.252
2025-09-08T18:47:46.024084659+03:00,heap_unique_btree,select,10000,"k in [a,b] (~N/50, cap 1000)",0.237
2025-09-08T18:47:46.024317515+03:00,heap_unique_btree,select,10000,"k in [a,b] (~N/50, cap 1000)",0.225
2025-09-08T18:47:46.02456385+03:00,heap_unique_btree,select,10000,"k in [a,b] (~N/50, cap 1000)",0.239
2025-09-08T18:47:46.024797684+03:00,heap_unique_btree,select,10000,"k in [a,b] (~N/50, cap 1000)",0.227
2025-09-08T18:47:46.02501231+03:00,heap_unique_btree,select,10000,"k in [a,b] (~N/50, cap 1000)",0.208
2025-09-08T18:47:46.025203121+03:00,heap_unique_btree,select,10000,"k in [a,b] (~N/50, cap 1000)",0.184
2025-09-08T18:47:46.025398541+03:00,heap_unique_btree,select,10000,"k in [a,b] (~N/50, cap 1000)",0.188
2025-09-08T18:47:46.025595148+03:00,heap_unique_btree,select,10000,"k in [a,b] (~N/50, cap 1000)",0.190
2025-09-08T18:47:46.025787844+03:00,heap_unique_btree,select,10000,"k in [a,b] (~N/50, cap 1000)",0.187
2025-09-08T18:47:46.02597635+03:00,heap_unique_btree,select,10000,"k in [a,b] (~N/50, cap 1000)",0.181
2025-09-08T18:47:46.026164018+03:00,heap_unique_btree,select,10000,"k in [a,b] (~N/50, cap 1000)",0.182
2025-09-08T18:47:46.026360415+03:00,heap_unique_btree,select,10000,"k in [a,b] (~N/50, cap 1000)",0.190
2025-09-08T18:47:46.026631964+03:00,heap_unique_btree,select,10000,"k in [a,b] (~N/50, cap 1000)",0.263
2025-09-08T18:47:46.026932567+03:00,heap_unique_btree,select,10000,"k in [a,b] (~N/50, cap 1000)",0.291
2025-09-08T18:47:46.027213894+03:00,heap_unique_btree,select,10000,"k in [a,b] (~N/50, cap 1000)",0.274
2025-09-08T18:47:46.027485093+03:00,heap_unique_btree,select,10000,"k in [a,b] (~N/50, cap 1000)",0.264
2025-09-08T18:47:46.027768445+03:00,heap_unique_btree,select,10000,"k in [a,b] (~N/50, cap 1000)",0.276
2025-09-08T18:47:46.028053055+03:00,heap_unique_btree,select,10000,"k in [a,b] (~N/50, cap 1000)",0.277
2025-09-08T18:47:46.028334451+03:00,heap_unique_btree,select,10000,"k in [a,b] (~N/50, cap 1000)",0.274
2025-09-08T18:47:46.028560881+03:00,heap_unique_btree,select,10000,"k in [a,b] (~N/50, cap 1000)",0.218
2025-09-08T18:47:46.028766498+03:00,heap_unique_btree,select,10000,"k in [a,b] (~N/50, cap 1000)",0.198
2025-09-08T18:47:46.0289659+03:00,heap_unique_btree,select,10000,"k in [a,b] (~N/50, cap 1000)",0.192
2025-09-08T18:47:46.029162437+03:00,heap_unique_btree,select,10000,"k in [a,b] (~N/50, cap 1000)",0.190
2025-09-08T18:47:46.029372035+03:00,heap_unique_btree,select,10000,"k in [a,b] (~N/50, cap 1000)",0.203
2025-09-08T18:47:46.029592389+03:00,heap_unique_btree,select,10000,"k in [a,b] (~N/50, cap 1000)",0.205
2025-09-08T18:47:46.029785854+03:00,heap_unique_btree,select,10000,"k in [a,b] (~N/50, cap 1000)",0.187
2025-09-08T18:47:46.030019966+03:00,heap_unique_btree,select,10000,"k in [a,b] (~N/50, cap 1000)",0.228
2025-09-08T18:47:46.030228028+03:00,heap_unique_btree,select,10000,"k in [a,b] (~N/50, cap 1000)",0.201
2025-09-08T18:47:46.030444122+03:00,heap_unique_btree,select,10000,"k in [a,b] (~N/50, cap 1000)",0.209
2025-09-08T18:47:46.030646456+03:00,heap_unique_btree,select,10000,"k in [a,b] (~N/50, cap 1000)",0.196
2025-09-08T18:47:46.030894188+03:00,heap_unique_btree,select,10000,"k in [a,b] (~N/50, cap 1000)",0.242
2025-09-08T18:47:46.031165318+03:00,heap_unique_btree,select,10000,"k in [a,b] (~N/50, cap 1000)",0.262
2025-09-08T18:47:46.031401805+03:00,heap_unique_btree,select,10000,"k in [a,b] (~N/50, cap 1000)",0.228
2025-09-08T18:47:46.03163955+03:00,heap_unique_btree,select,10000,"k in [a,b] (~N/50, cap 1000)",0.230
2025-09-08T18:47:46.031869263+03:00,heap_unique_btree,select,10000,"k in [a,b] (~N/50, cap 1000)",0.222
2025-09-08T18:47:46.032149263+03:00,heap_unique_btree,select,10000,"k in [a,b] (~N/50, cap 1000)",0.206
2025-09-08T18:47:46.032356277+03:00,heap_unique_btree,select,10000,"k in [a,b] (~N/50, cap 1000)",0.198
2025-09-08T18:47:46.032595279+03:00,heap_unique_btree,select,10000,"k in [a,b] (~N/50, cap 1000)",0.233
2025-09-08T18:47:46.03280788+03:00,heap_unique_btree,select,10000,"k in [a,b] (~N/50, cap 1000)",0.204
2025-09-08T18:47:46.033019713+03:00,heap_unique_btree,select,10000,"k in [a,b] (~N/50, cap 1000)",0.204
2025-09-08T18:47:46.033268213+03:00,heap_unique_btree,select,10000,"k in [a,b] (~N/50, cap 1000)",0.240
2025-09-08T18:47:46.033511895+03:00,heap_unique_btree,select,10000,"k in [a,b] (~N/50, cap 1000)",0.236
2025-09-08T18:47:46.033719118+03:00,heap_unique_btree,select,10000,"k in [a,b] (~N/50, cap 1000)",0.200
2025-09-08T18:47:46.033918799+03:00,heap_unique_btree,select,10000,"k in [a,b] (~N/50, cap 1000)",0.191
2025-09-08T18:47:46.034130073+03:00,heap_unique_btree,select,10000,"k in [a,b] (~N/50, cap 1000)",0.205
2025-09-08T18:47:46.034345049+03:00,heap_unique_btree,select,10000,"k in [a,b] (~N/50, cap 1000)",0.208
2025-09-08T18:47:46.034573225+03:00,heap_unique_btree,select,10000,"k in [a,b] (~N/50, cap 1000)",0.220
2025-09-08T18:47:46.034790367+03:00,heap_unique_btree,select,10000,"k in [a,b] (~N/50, cap 1000)",0.210
2025-09-08T18:47:46.035002479+03:00,heap_unique_btree,select,10000,"k in [a,b] (~N/50, cap 1000)",0.206
2025-09-08T18:47:46.035200972+03:00,heap_unique_btree,select,10000,"k in [a,b] (~N/50, cap 1000)",0.193
2025-09-08T18:47:46.035387941+03:00,heap_unique_btree,select,10000,"k in [a,b] (~N/50, cap 1000)",0.181
2025-09-08T18:47:46.035577355+03:00,heap_unique_btree,select,10000,"k in [a,b] (~N/50, cap 1000)",0.182
2025-09-08T18:47:46.035764324+03:00,heap_unique_btree,select,10000,"k in [a,b] (~N/50, cap 1000)",0.181
2025-09-08T18:47:46.035947801+03:00,heap_unique_btree,select,10000,"k in [a,b] (~N/50, cap 1000)",0.177
2025-09-08T18:47:46.036131836+03:00,heap_unique_btree,select,10000,"k in [a,b] (~N/50, cap 1000)",0.178
2025-09-08T18:47:46.036319434+03:00,heap_unique_btree,select,10000,"k in [a,b] (~N/50, cap 1000)",0.181
2025-09-08T18:47:46.440581894+03:00,heap_unique_btree,delete,10000,k%7=0,102.716
2025-09-08T18:47:46.543707521+03:00,heap_unique_btree,delete,10000,k%7=0,103.104
2025-09-08T18:47:46.652621716+03:00,heap_unique_btree,delete,10000,k%7=0,108.887
2025-09-08T18:47:46.757616195+03:00,heap_unique_btree,delete,10000,k%7=0,104.977
2025-09-08T18:47:46.858790136+03:00,heap_unique_btree,delete,10000,k%7=0,101.160
2025-09-08T18:47:46.966407561+03:00,heap_unique_btree,delete,10000,k%7=0,107.596
2025-09-08T18:47:47.067636258+03:00,heap_unique_btree,delete,10000,k%7=0,101.193
2025-09-08T18:47:47.16570506+03:00,heap_unique_btree,delete,10000,k%7=0,98.054
2025-09-08T18:47:47.269498524+03:00,heap_unique_btree,delete,10000,k%7=0,103.779
2025-09-08T18:47:47.374414849+03:00,heap_unique_btree,delete,10000,k%7=0,104.903
2025-09-08T18:47:47.479934197+03:00,heap_unique_btree,delete,10000,k%7=0,105.497
2025-09-08T18:47:47.582352038+03:00,heap_unique_btree,delete,10000,k%7=0,102.401
2025-09-08T18:47:47.685657231+03:00,heap_unique_btree,delete,10000,k%7=0,103.291
2025-09-08T18:47:47.787157966+03:00,heap_unique_btree,delete,10000,k%7=0,101.486
2025-09-08T18:47:47.885953551+03:00,heap_unique_btree,delete,10000,k%7=0,98.775
2025-09-08T18:47:47.986851753+03:00,heap_unique_btree,delete,10000,k%7=0,100.882
2025-09-08T18:47:48.089618249+03:00,heap_unique_btree,delete,10000,k%7=0,102.752
2025-09-08T18:47:48.196981585+03:00,heap_unique_btree,delete,10000,k%7=0,107.351
2025-09-08T18:47:48.300496585+03:00,heap_unique_btree,delete,10000,k%7=0,103.499
2025-09-08T18:47:48.403291926+03:00,heap_unique_btree,delete,10000,k%7=0,102.778
2025-09-08T18:47:48.507049071+03:00,heap_unique_btree,delete,10000,k%7=0,103.741
2025-09-08T18:47:48.609135229+03:00,heap_unique_btree,delete,10000,k%7=0,102.072
2025-09-08T18:47:48.714447912+03:00,heap_unique_btree,delete,10000,k%7=0,105.297
2025-09-08T18:47:48.818779374+03:00,heap_unique_btree,delete,10000,k%7=0,104.318
2025-09-08T18:47:48.924030316+03:00,heap_unique_btree,delete,10000,k%7=0,105.235
2025-09-08T18:47:49.028749685+03:00,heap_unique_btree,delete,10000,k%7=0,104.704
2025-09-08T18:47:49.132348217+03:00,heap_unique_btree,delete,10000,k%7=0,103.585
2025-09-08T18:47:49.236105502+03:00,heap_unique_btree,delete,10000,k%7=0,103.717
2025-09-08T18:47:49.340808807+03:00,heap_unique_btree,delete,10000,k%7=0,104.688
2025-09-08T18:47:49.451685514+03:00,heap_unique_btree,delete,10000,k%7=0,110.845
2025-09-08T18:47:49.555849074+03:00,heap_unique_btree,delete,10000,k%7=0,104.146
2025-09-08T18:47:49.656367471+03:00,heap_unique_btree,delete,10000,k%7=0,100.501
2025-09-08T18:47:49.763807844+03:00,heap_unique_btree,delete,10000,k%7=0,107.413
2025-09-08T18:47:49.870262177+03:00,heap_unique_btree,delete,10000,k%7=0,106.437
2025-09-08T18:47:49.975791582+03:00,heap_unique_btree,delete,10000,k%7=0,105.515
2025-09-08T18:47:50.078859519+03:00,heap_unique_btree,delete,10000,k%7=0,103.056
2025-09-08T18:47:50.182513367+03:00,heap_unique_btree,delete,10000,k%7=0,103.633
2025-09-08T18:47:50.287249917+03:00,heap_unique_btree,delete,10000,k%7=0,104.720
2025-09-08T18:47:50.393001911+03:00,heap_unique_btree,delete,10000,k%7=0,105.736
2025-09-08T18:47:50.500052911+03:00,heap_unique_btree,delete,10000,k%7=0,107.037
2025-09-08T18:47:50.602800898+03:00,heap_unique_btree,delete,10000,k%7=0,102.733
2025-09-08T18:47:50.70656384+03:00,heap_unique_btree,delete,10000,k%7=0,103.747
2025-09-08T18:47:50.811490083+03:00,heap_unique_btree,delete,10000,k%7=0,104.906
2025-09-08T18:47:50.92076753+03:00,heap_unique_btree,delete,10000,k%7=0,109.256
2025-09-08T18:47:51.025097665+03:00,heap_unique_btree,delete,10000,k%7=0,104.317
2025-09-08T18:47:51.131842265+03:00,heap_unique_btree,delete,10000,k%7=0,106.730
2025-09-08T18:47:51.241961107+03:00,heap_unique_btree,delete,10000,k%7=0,110.096
2025-09-08T18:47:51.347143534+03:00,heap_unique_btree,delete,10000,k%7=0,105.167
2025-09-08T18:47:51.464794219+03:00,heap_unique_btree,delete,10000,k%7=0,117.636
2025-09-08T18:47:51.566926473+03:00,heap_unique_btree,delete,10000,k%7=0,102.117
2025-09-08T18:47:51.66879954+03:00,heap_unique_btree,delete,10000,k%7=0,101.858
2025-09-08T18:47:51.773308263+03:00,heap_unique_btree,delete,10000,k%7=0,104.461
2025-09-08T18:47:51.876507993+03:00,heap_unique_btree,delete,10000,k%7=0,103.182
2025-09-08T18:47:51.983053121+03:00,heap_unique_btree,delete,10000,k%7=0,106.531
2025-09-08T18:47:52.085443514+03:00,heap_unique_btree,delete,10000,k%7=0,102.359
2025-09-08T18:47:52.192324167+03:00,heap_unique_btree,delete,10000,k%7=0,106.865
2025-09-08T18:47:52.298552907+03:00,heap_unique_btree,delete,10000,k%7=0,106.215
2025-09-08T18:47:52.40400779+03:00,heap_unique_btree,delete,10000,k%7=0,105.431
2025-09-08T18:47:52.506745371+03:00,heap_unique_btree,delete,10000,k%7=0,102.721
2025-09-08T18:47:52.605565401+03:00,heap_unique_btree,delete,10000,k%7=0,98.805
2025-09-08T18:47:52.715897963+03:00,heap_unique_btree,delete,10000,k%7=0,110.316
2025-09-08T18:47:52.819329012+03:00,heap_unique_btree,delete,10000,k%7=0,103.418
2025-09-08T18:47:52.928264439+03:00,heap_unique_btree,delete,10000,k%7=0,108.916
2025-09-08T18:47:53.057837493+03:00,heap_unique_btree,delete,10000,k%7=0,129.559
2025-09-08T18:47:53.15675684+03:00,heap_unique_btree,delete,10000,k%7=0,98.906
2025-09-08T18:47:53.261190482+03:00,heap_unique_btree,delete,10000,k%7=0,104.412
2025-09-08T18:47:53.362670334+03:00,heap_unique_btree,delete,10000,k%7=0,101.465
2025-09-08T18:47:53.462485414+03:00,heap_unique_btree,delete,10000,k%7=0,99.800
2025-09-08T18:47:53.572510458+03:00,heap_unique_btree,delete,10000,k%7=0,110.008
2025-09-08T18:47:53.673527672+03:00,heap_unique_btree,delete,10000,k%7=0,100.988
2025-09-08T18:47:53.784393273+03:00,heap_unique_btree,delete,10000,k%7=0,110.846
2025-09-08T18:47:53.884402446+03:00,heap_unique_btree,delete,10000,k%7=0,99.996
2025-09-08T18:47:53.987797317+03:00,heap_unique_btree,delete,10000,k%7=0,103.380
2025-09-08T18:47:54.090922804+03:00,heap_unique_btree,delete,10000,k%7=0,103.101
2025-09-08T18:47:54.193608422+03:00,heap_unique_btree,delete,10000,k%7=0,102.670
2025-09-08T18:47:54.299221568+03:00,heap_unique_btree,delete,10000,k%7=0,105.596
2025-09-08T18:47:54.402656878+03:00,heap_unique_btree,delete,10000,k%7=0,103.415
2025-09-08T18:47:54.506484215+03:00,heap_unique_btree,delete,10000,k%7=0,103.810
2025-09-08T18:47:54.609201332+03:00,heap_unique_btree,delete,10000,k%7=0,102.701
2025-09-08T18:47:54.711485284+03:00,heap_unique_btree,delete,10000,k%7=0,102.270
2025-09-08T18:47:54.814003418+03:00,heap_unique_btree,delete,10000,k%7=0,102.484
2025-09-08T18:47:54.915400088+03:00,heap_unique_btree,delete,10000,k%7=0,101.360
2025-09-08T18:47:55.024966823+03:00,heap_unique_btree,delete,10000,k%7=0,109.553
2025-09-08T18:47:55.128973726+03:00,heap_unique_btree,delete,10000,k%7=0,103.993
2025-09-08T18:47:55.229972641+03:00,heap_unique_btree,delete,10000,k%7=0,100.983
2025-09-08T18:47:55.330511711+03:00,heap_unique_btree,delete,10000,k%7=0,100.522
2025-09-08T18:47:55.431236493+03:00,heap_unique_btree,delete,10000,k%7=0,100.709
2025-09-08T18:47:55.53529054+03:00,heap_unique_btree,delete,10000,k%7=0,104.032
2025-09-08T18:47:55.637608924+03:00,heap_unique_btree,delete,10000,k%7=0,102.303
2025-09-08T18:47:55.741621973+03:00,heap_unique_btree,delete,10000,k%7=0,103.996
2025-09-08T18:47:55.844142482+03:00,heap_unique_btree,delete,10000,k%7=0,102.502
2025-09-08T18:47:55.948136673+03:00,heap_unique_btree,delete,10000,k%7=0,103.967
2025-09-08T18:47:56.051091884+03:00,heap_unique_btree,delete,10000,k%7=0,102.934
2025-09-08T18:47:56.152673497+03:00,heap_unique_btree,delete,10000,k%7=0,101.566
2025-09-08T18:47:56.253786046+03:00,heap_unique_btree,delete,10000,k%7=0,101.096
2025-09-08T18:47:56.355881492+03:00,heap_unique_btree,delete,10000,k%7=0,102.083
2025-09-08T18:47:56.460548339+03:00,heap_unique_btree,delete,10000,k%7=0,104.651
2025-09-08T18:47:56.561293445+03:00,heap_unique_btree,delete,10000,k%7=0,100.727
2025-09-08T18:47:56.659531197+03:00,heap_unique_btree,delete,10000,k%7=0,98.223
2025-09-08T18:47:56.763008761+03:00,heap_unique_btree,delete,10000,k%7=0,103.459
2025-09-08T18:47:57.980700007+03:00,heap_unique_btree,insert,40000,bulk=40000,302.106
2025-09-08T18:47:58.287706773+03:00,heap_unique_btree,insert,40000,bulk=40000,306.991
2025-09-08T18:47:58.592547087+03:00,heap_unique_btree,insert,40000,bulk=40000,304.823
2025-09-08T18:47:58.906348296+03:00,heap_unique_btree,insert,40000,bulk=40000,313.786
2025-09-08T18:47:59.204281301+03:00,heap_unique_btree,insert,40000,bulk=40000,297.917
2025-09-08T18:47:59.510477402+03:00,heap_unique_btree,insert,40000,bulk=40000,306.178
2025-09-08T18:47:59.818264033+03:00,heap_unique_btree,insert,40000,bulk=40000,307.772
2025-09-08T18:48:00.12429307+03:00,heap_unique_btree,insert,40000,bulk=40000,306.014
2025-09-08T18:48:00.427219134+03:00,heap_unique_btree,insert,40000,bulk=40000,302.907
2025-09-08T18:48:00.73283142+03:00,heap_unique_btree,insert,40000,bulk=40000,305.599
2025-09-08T18:48:01.036617527+03:00,heap_unique_btree,insert,40000,bulk=40000,303.764
2025-09-08T18:48:01.368080782+03:00,heap_unique_btree,insert,40000,bulk=40000,331.450
2025-09-08T18:48:01.668061227+03:00,heap_unique_btree,insert,40000,bulk=40000,299.959
2025-09-08T18:48:01.974622397+03:00,heap_unique_btree,insert,40000,bulk=40000,306.547
2025-09-08T18:48:02.282894644+03:00,heap_unique_btree,insert,40000,bulk=40000,308.255
2025-09-08T18:48:02.593563335+03:00,heap_unique_btree,insert,40000,bulk=40000,310.644
2025-09-08T18:48:02.913201514+03:00,heap_unique_btree,insert,40000,bulk=40000,319.623
2025-09-08T18:48:03.227498886+03:00,heap_unique_btree,insert,40000,bulk=40000,314.282
2025-09-08T18:48:03.533023728+03:00,heap_unique_btree,insert,40000,bulk=40000,305.511
2025-09-08T18:48:03.865292271+03:00,heap_unique_btree,insert,40000,bulk=40000,332.237
2025-09-08T18:48:04.176893643+03:00,heap_unique_btree,insert,40000,bulk=40000,311.585
2025-09-08T18:48:04.484057206+03:00,heap_unique_btree,insert,40000,bulk=40000,307.151
2025-09-08T18:48:04.797453676+03:00,heap_unique_btree,insert,40000,bulk=40000,313.383
2025-09-08T18:48:05.106235845+03:00,heap_unique_btree,insert,40000,bulk=40000,308.753
2025-09-08T18:48:05.414539521+03:00,heap_unique_btree,insert,40000,bulk=40000,308.288
2025-09-08T18:48:05.715682498+03:00,heap_unique_btree,insert,40000,bulk=40000,301.124
2025-09-08T18:48:06.020466518+03:00,heap_unique_btree,insert,40000,bulk=40000,304.770
2025-09-08T18:48:06.323975559+03:00,heap_unique_btree,insert,40000,bulk=40000,303.497
2025-09-08T18:48:06.629966881+03:00,heap_unique_btree,insert,40000,bulk=40000,305.978
2025-09-08T18:48:06.932792021+03:00,heap_unique_btree,insert,40000,bulk=40000,302.810
2025-09-08T18:48:07.237634709+03:00,heap_unique_btree,insert,40000,bulk=40000,304.822
2025-09-08T18:48:07.544868115+03:00,heap_unique_btree,insert,40000,bulk=40000,307.219
2025-09-08T18:48:07.848791322+03:00,heap_unique_btree,insert,40000,bulk=40000,303.907
2025-09-08T18:48:08.15473117+03:00,heap_unique_btree,insert,40000,bulk=40000,305.923
2025-09-08T18:48:08.463520602+03:00,heap_unique_btree,insert,40000,bulk=40000,308.773
2025-09-08T18:48:08.782938426+03:00,heap_unique_btree,insert,40000,bulk=40000,319.405
2025-09-08T18:48:09.09689748+03:00,heap_unique_btree,insert,40000,bulk=40000,313.919
2025-09-08T18:48:09.413317932+03:00,heap_unique_btree,insert,40000,bulk=40000,316.403
2025-09-08T18:48:09.724036631+03:00,heap_unique_btree,insert,40000,bulk=40000,310.693
2025-09-08T18:48:10.036493855+03:00,heap_unique_btree,insert,40000,bulk=40000,312.441
2025-09-08T18:48:10.349544254+03:00,heap_unique_btree,insert,40000,bulk=40000,313.037
2025-09-08T18:48:10.675218103+03:00,heap_unique_btree,insert,40000,bulk=40000,325.660
2025-09-08T18:48:10.998237928+03:00,heap_unique_btree,insert,40000,bulk=40000,323.007
2025-09-08T18:48:11.310826736+03:00,heap_unique_btree,insert,40000,bulk=40000,312.577
2025-09-08T18:48:11.623372731+03:00,heap_unique_btree,insert,40000,bulk=40000,312.533
2025-09-08T18:48:11.934803616+03:00,heap_unique_btree,insert,40000,bulk=40000,311.403
2025-09-08T18:48:12.246983984+03:00,heap_unique_btree,insert,40000,bulk=40000,312.164
2025-09-08T18:48:12.553684419+03:00,heap_unique_btree,insert,40000,bulk=40000,306.687
2025-09-08T18:48:12.861398063+03:00,heap_unique_btree,insert,40000,bulk=40000,307.673
2025-09-08T18:48:13.169822706+03:00,heap_unique_btree,insert,40000,bulk=40000,308.409
2025-09-08T18:48:13.475368291+03:00,heap_unique_btree,insert,40000,bulk=40000,305.530
2025-09-08T18:48:13.78293736+03:00,heap_unique_btree,insert,40000,bulk=40000,307.545
2025-09-08T18:48:14.085804196+03:00,heap_unique_btree,insert,40000,bulk=40000,302.840
2025-09-08T18:48:14.39051523+03:00,heap_unique_btree,insert,40000,bulk=40000,304.696
2025-09-08T18:48:14.69409984+03:00,heap_unique_btree,insert,40000,bulk=40000,303.570
2025-09-08T18:48:14.996086517+03:00,heap_unique_btree,insert,40000,bulk=40000,301.972
2025-09-08T18:48:15.300063015+03:00,heap_unique_btree,insert,40000,bulk=40000,303.961
2025-09-08T18:48:15.603976165+03:00,heap_unique_btree,insert,40000,bulk=40000,303.899
2025-09-08T18:48:15.903194694+03:00,heap_unique_btree,insert,40000,bulk=40000,299.201
2025-09-08T18:48:16.206107067+03:00,heap_unique_btree,insert,40000,bulk=40000,302.898
2025-09-08T18:48:16.512166555+03:00,heap_unique_btree,insert,40000,bulk=40000,306.047
2025-09-08T18:48:16.814274829+03:00,heap_unique_btree,insert,40000,bulk=40000,302.096
2025-09-08T18:48:17.120255185+03:00,heap_unique_btree,insert,40000,bulk=40000,305.961
2025-09-08T18:48:17.441866559+03:00,heap_unique_btree,insert,40000,bulk=40000,321.594
2025-09-08T18:48:17.759918119+03:00,heap_unique_btree,insert,40000,bulk=40000,318.029
2025-09-08T18:48:18.108706079+03:00,heap_unique_btree,insert,40000,bulk=40000,348.771
2025-09-08T18:48:18.539745411+03:00,heap_unique_btree,insert,40000,bulk=40000,431.025
2025-09-08T18:48:18.865515573+03:00,heap_unique_btree,insert,40000,bulk=40000,325.756
2025-09-08T18:48:19.17108665+03:00,heap_unique_btree,insert,40000,bulk=40000,305.556
2025-09-08T18:48:19.472714265+03:00,heap_unique_btree,insert,40000,bulk=40000,301.613
2025-09-08T18:48:19.780391172+03:00,heap_unique_btree,insert,40000,bulk=40000,307.646
2025-09-08T18:48:20.085387932+03:00,heap_unique_btree,insert,40000,bulk=40000,304.969
2025-09-08T18:48:20.412402133+03:00,heap_unique_btree,insert,40000,bulk=40000,326.997
2025-09-08T18:48:20.71679594+03:00,heap_unique_btree,insert,40000,bulk=40000,304.378
2025-09-08T18:48:21.030104058+03:00,heap_unique_btree,insert,40000,bulk=40000,313.293
2025-09-08T18:48:21.352965618+03:00,heap_unique_btree,insert,40000,bulk=40000,322.847
2025-09-08T18:48:21.684321385+03:00,heap_unique_btree,insert,40000,bulk=40000,331.340
2025-09-08T18:48:21.9987634+03:00,heap_unique_btree,insert,40000,bulk=40000,314.423
2025-09-08T18:48:22.322369972+03:00,heap_unique_btree,insert,40000,bulk=40000,323.594
2025-09-08T18:48:22.631055408+03:00,heap_unique_btree,insert,40000,bulk=40000,308.650
2025-09-08T18:48:22.939818508+03:00,heap_unique_btree,insert,40000,bulk=40000,308.742
2025-09-08T18:48:23.255489267+03:00,heap_unique_btree,insert,40000,bulk=40000,315.655
2025-09-08T18:48:23.601914796+03:00,heap_unique_btree,insert,40000,bulk=40000,346.412
2025-09-08T18:48:23.920268006+03:00,heap_unique_btree,insert,40000,bulk=40000,318.339
2025-09-08T18:48:24.231181774+03:00,heap_unique_btree,insert,40000,bulk=40000,310.898
2025-09-08T18:48:24.540738707+03:00,heap_unique_btree,insert,40000,bulk=40000,309.540
2025-09-08T18:48:24.842123828+03:00,heap_unique_btree,insert,40000,bulk=40000,301.373
2025-09-08T18:48:25.148977148+03:00,heap_unique_btree,insert,40000,bulk=40000,306.836
2025-09-08T18:48:25.467006707+03:00,heap_unique_btree,insert,40000,bulk=40000,318.016
2025-09-08T18:48:25.781601189+03:00,heap_unique_btree,insert,40000,bulk=40000,314.580
2025-09-08T18:48:26.089199382+03:00,heap_unique_btree,insert,40000,bulk=40000,307.581
2025-09-08T18:48:26.392653454+03:00,heap_unique_btree,insert,40000,bulk=40000,303.439
2025-09-08T18:48:26.699639755+03:00,heap_unique_btree,insert,40000,bulk=40000,306.963
2025-09-08T18:48:27.003558562+03:00,heap_unique_btree,insert,40000,bulk=40000,303.906
2025-09-08T18:48:27.316648421+03:00,heap_unique_btree,insert,40000,bulk=40000,313.077
2025-09-08T18:48:27.621075892+03:00,heap_unique_btree,insert,40000,bulk=40000,304.410
2025-09-08T18:48:27.92752594+03:00,heap_unique_btree,insert,40000,bulk=40000,306.383
2025-09-08T18:48:28.237236667+03:00,heap_unique_btree,insert,40000,bulk=40000,309.694
2025-09-08T18:48:28.565988206+03:00,heap_unique_btree,insert,40000,bulk=40000,328.733
2025-09-08T18:48:28.870907649+03:00,heap_unique_btree,insert,40000,bulk=40000,304.900
2025-09-08T18:48:29.202100402+03:00,heap_unique_btree,select,40000,"k in [a,b] (~N/50, cap 1000)",0.382
2025-09-08T18:48:29.202512125+03:00,heap_unique_btree,select,40000,"k in [a,b] (~N/50, cap 1000)",0.397
2025-09-08T18:48:29.202898076+03:00,heap_unique_btree,select,40000,"k in [a,b] (~N/50, cap 1000)",0.377
2025-09-08T18:48:29.203276065+03:00,heap_unique_btree,select,40000,"k in [a,b] (~N/50, cap 1000)",0.370
2025-09-08T18:48:29.203658175+03:00,heap_unique_btree,select,40000,"k in [a,b] (~N/50, cap 1000)",0.374
2025-09-08T18:48:29.204028342+03:00,heap_unique_btree,select,40000,"k in [a,b] (~N/50, cap 1000)",0.363
2025-09-08T18:48:29.204404235+03:00,heap_unique_btree,select,40000,"k in [a,b] (~N/50, cap 1000)",0.369
2025-09-08T18:48:29.204887477+03:00,heap_unique_btree,select,40000,"k in [a,b] (~N/50, cap 1000)",0.476
2025-09-08T18:48:29.205353049+03:00,heap_unique_btree,select,40000,"k in [a,b] (~N/50, cap 1000)",0.453
2025-09-08T18:48:29.205797389+03:00,heap_unique_btree,select,40000,"k in [a,b] (~N/50, cap 1000)",0.436
2025-09-08T18:48:29.206186483+03:00,heap_unique_btree,select,40000,"k in [a,b] (~N/50, cap 1000)",0.381
2025-09-08T18:48:29.206571526+03:00,heap_unique_btree,select,40000,"k in [a,b] (~N/50, cap 1000)",0.377
2025-09-08T18:48:29.206978011+03:00,heap_unique_btree,select,40000,"k in [a,b] (~N/50, cap 1000)",0.399
2025-09-08T18:48:29.207354184+03:00,heap_unique_btree,select,40000,"k in [a,b] (~N/50, cap 1000)",0.369
2025-09-08T18:48:29.207750681+03:00,heap_unique_btree,select,40000,"k in [a,b] (~N/50, cap 1000)",0.388
2025-09-08T18:48:29.20812895+03:00,heap_unique_btree,select,40000,"k in [a,b] (~N/50, cap 1000)",0.370
2025-09-08T18:48:29.208501421+03:00,heap_unique_btree,select,40000,"k in [a,b] (~N/50, cap 1000)",0.364
2025-09-08T18:48:29.208874381+03:00,heap_unique_btree,select,40000,"k in [a,b] (~N/50, cap 1000)",0.365
2025-09-08T18:48:29.209227925+03:00,heap_unique_btree,select,40000,"k in [a,b] (~N/50, cap 1000)",0.346
2025-09-08T18:48:29.209591527+03:00,heap_unique_btree,select,40000,"k in [a,b] (~N/50, cap 1000)",0.356
2025-09-08T18:48:29.209916715+03:00,heap_unique_btree,select,40000,"k in [a,b] (~N/50, cap 1000)",0.318
2025-09-08T18:48:29.210270608+03:00,heap_unique_btree,select,40000,"k in [a,b] (~N/50, cap 1000)",0.348
2025-09-08T18:48:29.210640425+03:00,heap_unique_btree,select,40000,"k in [a,b] (~N/50, cap 1000)",0.363
2025-09-08T18:48:29.211061857+03:00,heap_unique_btree,select,40000,"k in [a,b] (~N/50, cap 1000)",0.415
2025-09-08T18:48:29.211488596+03:00,heap_unique_btree,select,40000,"k in [a,b] (~N/50, cap 1000)",0.420
2025-09-08T18:48:29.21187783+03:00,heap_unique_btree,select,40000,"k in [a,b] (~N/50, cap 1000)",0.381
2025-09-08T18:48:29.212234237+03:00,heap_unique_btree,select,40000,"k in [a,b] (~N/50, cap 1000)",0.350
2025-09-08T18:48:29.212617534+03:00,heap_unique_btree,select,40000,"k in [a,b] (~N/50, cap 1000)",0.377
2025-09-08T18:48:29.213049023+03:00,heap_unique_btree,select,40000,"k in [a,b] (~N/50, cap 1000)",0.425
2025-09-08T18:48:29.213475343+03:00,heap_unique_btree,select,40000,"k in [a,b] (~N/50, cap 1000)",0.419
2025-09-08T18:48:29.213854938+03:00,heap_unique_btree,select,40000,"k in [a,b] (~N/50, cap 1000)",0.373
2025-09-08T18:48:29.214209879+03:00,heap_unique_btree,select,40000,"k in [a,b] (~N/50, cap 1000)",0.348
2025-09-08T18:48:29.214565658+03:00,heap_unique_btree,select,40000,"k in [a,b] (~N/50, cap 1000)",0.350
2025-09-08T18:48:29.214904396+03:00,heap_unique_btree,select,40000,"k in [a,b] (~N/50, cap 1000)",0.332
2025-09-08T18:48:29.215236777+03:00,heap_unique_btree,select,40000,"k in [a,b] (~N/50, cap 1000)",0.326
2025-09-08T18:48:29.215614068+03:00,heap_unique_btree,select,40000,"k in [a,b] (~N/50, cap 1000)",0.370
2025-09-08T18:48:29.216198372+03:00,heap_unique_btree,select,40000,"k in [a,b] (~N/50, cap 1000)",0.575
2025-09-08T18:48:29.216710529+03:00,heap_unique_btree,select,40000,"k in [a,b] (~N/50, cap 1000)",0.501
2025-09-08T18:48:29.21710563+03:00,heap_unique_btree,select,40000,"k in [a,b] (~N/50, cap 1000)",0.387
2025-09-08T18:48:29.217518261+03:00,heap_unique_btree,select,40000,"k in [a,b] (~N/50, cap 1000)",0.405
2025-09-08T18:48:29.21796302+03:00,heap_unique_btree,select,40000,"k in [a,b] (~N/50, cap 1000)",0.401
2025-09-08T18:48:29.21832718+03:00,heap_unique_btree,select,40000,"k in [a,b] (~N/50, cap 1000)",0.357
2025-09-08T18:48:29.218715436+03:00,heap_unique_btree,select,40000,"k in [a,b] (~N/50, cap 1000)",0.381
2025-09-08T18:48:29.219094263+03:00,heap_unique_btree,select,40000,"k in [a,b] (~N/50, cap 1000)",0.370
2025-09-08T18:48:29.219504379+03:00,heap_unique_btree,select,40000,"k in [a,b] (~N/50, cap 1000)",0.402
2025-09-08T18:48:29.219887676+03:00,heap_unique_btree,select,40000,"k in [a,b] (~N/50, cap 1000)",0.376
2025-09-08T18:48:29.220258821+03:00,heap_unique_btree,select,40000,"k in [a,b] (~N/50, cap 1000)",0.364
2025-09-08T18:48:29.220631921+03:00,heap_unique_btree,select,40000,"k in [a,b] (~N/50, cap 1000)",0.366
2025-09-08T18:48:29.220999922+03:00,heap_unique_btree,select,40000,"k in [a,b] (~N/50, cap 1000)",0.361
2025-09-08T18:48:29.221551471+03:00,heap_unique_btree,select,40000,"k in [a,b] (~N/50, cap 1000)",0.544
2025-09-08T18:48:29.221981632+03:00,heap_unique_btree,select,40000,"k in [a,b] (~N/50, cap 1000)",0.422
2025-09-08T18:48:29.222370377+03:00,heap_unique_btree,select,40000,"k in [a,b] (~N/50, cap 1000)",0.380
2025-09-08T18:48:29.222754722+03:00,heap_unique_btree,select,40000,"k in [a,b] (~N/50, cap 1000)",0.366
2025-09-08T18:48:29.223107218+03:00,heap_unique_btree,select,40000,"k in [a,b] (~N/50, cap 1000)",0.346
2025-09-08T18:48:29.223492191+03:00,heap_unique_btree,select,40000,"k in [a,b] (~N/50, cap 1000)",0.376
2025-09-08T18:48:29.223863964+03:00,heap_unique_btree,select,40000,"k in [a,b] (~N/50, cap 1000)",0.364
2025-09-08T18:48:29.224209127+03:00,heap_unique_btree,select,40000,"k in [a,b] (~N/50, cap 1000)",0.339
2025-09-08T18:48:29.224577268+03:00,heap_unique_btree,select,40000,"k in [a,b] (~N/50, cap 1000)",0.361
2025-09-08T18:48:29.224937517+03:00,heap_unique_btree,select,40000,"k in [a,b] (~N/50, cap 1000)",0.355
2025-09-08T18:48:29.225302306+03:00,heap_unique_btree,select,40000,"k in [a,b] (~N/50, cap 1000)",0.358
2025-09-08T18:48:29.225659552+03:00,heap_unique_btree,select,40000,"k in [a,b] (~N/50, cap 1000)",0.351
2025-09-08T18:48:29.226027414+03:00,heap_unique_btree,select,40000,"k in [a,b] (~N/50, cap 1000)",0.360
2025-09-08T18:48:29.226385567+03:00,heap_unique_btree,select,40000,"k in [a,b] (~N/50, cap 1000)",0.351
2025-09-08T18:48:29.226746375+03:00,heap_unique_btree,select,40000,"k in [a,b] (~N/50, cap 1000)",0.354
2025-09-08T18:48:29.22707303+03:00,heap_unique_btree,select,40000,"k in [a,b] (~N/50, cap 1000)",0.320
2025-09-08T18:48:29.227450111+03:00,heap_unique_btree,select,40000,"k in [a,b] (~N/50, cap 1000)",0.370
2025-09-08T18:48:29.227812245+03:00,heap_unique_btree,select,40000,"k in [a,b] (~N/50, cap 1000)",0.354
2025-09-08T18:48:29.228148678+03:00,heap_unique_btree,select,40000,"k in [a,b] (~N/50, cap 1000)",0.328
2025-09-08T18:48:29.228531486+03:00,heap_unique_btree,select,40000,"k in [a,b] (~N/50, cap 1000)",0.375
2025-09-08T18:48:29.228879233+03:00,heap_unique_btree,select,40000,"k in [a,b] (~N/50, cap 1000)",0.340
2025-09-08T18:48:29.229227958+03:00,heap_unique_btree,select,40000,"k in [a,b] (~N/50, cap 1000)",0.341
2025-09-08T18:48:29.229597845+03:00,heap_unique_btree,select,40000,"k in [a,b] (~N/50, cap 1000)",0.364
2025-09-08T18:48:29.229948246+03:00,heap_unique_btree,select,40000,"k in [a,b] (~N/50, cap 1000)",0.343
2025-09-08T18:48:29.230296413+03:00,heap_unique_btree,select,40000,"k in [a,b] (~N/50, cap 1000)",0.341
2025-09-08T18:48:29.230651982+03:00,heap_unique_btree,select,40000,"k in [a,b] (~N/50, cap 1000)",0.348
2025-09-08T18:48:29.231004269+03:00,heap_unique_btree,select,40000,"k in [a,b] (~N/50, cap 1000)",0.345
2025-09-08T18:48:29.231342378+03:00,heap_unique_btree,select,40000,"k in [a,b] (~N/50, cap 1000)",0.331
2025-09-08T18:48:29.23170989+03:00,heap_unique_btree,select,40000,"k in [a,b] (~N/50, cap 1000)",0.361
2025-09-08T18:48:29.232048767+03:00,heap_unique_btree,select,40000,"k in [a,b] (~N/50, cap 1000)",0.331
2025-09-08T18:48:29.232521393+03:00,heap_unique_btree,select,40000,"k in [a,b] (~N/50, cap 1000)",0.438
2025-09-08T18:48:29.233174423+03:00,heap_unique_btree,select,40000,"k in [a,b] (~N/50, cap 1000)",0.644
2025-09-08T18:48:29.233723247+03:00,heap_unique_btree,select,40000,"k in [a,b] (~N/50, cap 1000)",0.538
2025-09-08T18:48:29.234119954+03:00,heap_unique_btree,select,40000,"k in [a,b] (~N/50, cap 1000)",0.388
2025-09-08T18:48:29.234524274+03:00,heap_unique_btree,select,40000,"k in [a,b] (~N/50, cap 1000)",0.396
2025-09-08T18:48:29.234889901+03:00,heap_unique_btree,select,40000,"k in [a,b] (~N/50, cap 1000)",0.358
2025-09-08T18:48:29.235252664+03:00,heap_unique_btree,select,40000,"k in [a,b] (~N/50, cap 1000)",0.356
2025-09-08T18:48:29.23562318+03:00,heap_unique_btree,select,40000,"k in [a,b] (~N/50, cap 1000)",0.364
2025-09-08T18:48:29.235989226+03:00,heap_unique_btree,select,40000,"k in [a,b] (~N/50, cap 1000)",0.360
2025-09-08T18:48:29.236346332+03:00,heap_unique_btree,select,40000,"k in [a,b] (~N/50, cap 1000)",0.349
2025-09-08T18:48:29.236723273+03:00,heap_unique_btree,select,40000,"k in [a,b] (~N/50, cap 1000)",0.370
2025-09-08T18:48:29.237095535+03:00,heap_unique_btree,select,40000,"k in [a,b] (~N/50, cap 1000)",0.366
2025-09-08T18:48:29.237479042+03:00,heap_unique_btree,select,40000,"k in [a,b] (~N/50, cap 1000)",0.376
2025-09-08T18:48:29.237838103+03:00,heap_unique_btree,select,40000,"k in [a,b] (~N/50, cap 1000)",0.353
2025-09-08T18:48:29.238204987+03:00,heap_unique_btree,select,40000,"k in [a,b] (~N/50, cap 1000)",0.360
2025-09-08T18:48:29.238573268+03:00,heap_unique_btree,select,40000,"k in [a,b] (~N/50, cap 1000)",0.362
2025-09-08T18:48:29.23891892+03:00,heap_unique_btree,select,40000,"k in [a,b] (~N/50, cap 1000)",0.339
2025-09-08T18:48:29.23926527+03:00,heap_unique_btree,select,40000,"k in [a,b] (~N/50, cap 1000)",0.340
2025-09-08T18:48:29.239626846+03:00,heap_unique_btree,select,40000,"k in [a,b] (~N/50, cap 1000)",0.355
2025-09-08T18:48:29.239970682+03:00,heap_unique_btree,select,40000,"k in [a,b] (~N/50, cap 1000)",0.337
2025-09-08T18:48:29.240329395+03:00,heap_unique_btree,select,40000,"k in [a,b] (~N/50, cap 1000)",0.352
2025-09-08T18:48:30.516033144+03:00,heap_unique_btree,delete,40000,k%7=0,313.326
2025-09-08T18:48:30.839647818+03:00,heap_unique_btree,delete,40000,k%7=0,323.598
2025-09-08T18:48:31.161412147+03:00,heap_unique_btree,delete,40000,k%7=0,321.741
2025-09-08T18:48:31.48299279+03:00,heap_unique_btree,delete,40000,k%7=0,321.564
2025-09-08T18:48:31.799359601+03:00,heap_unique_btree,delete,40000,k%7=0,316.350
2025-09-08T18:48:32.118228879+03:00,heap_unique_btree,delete,40000,k%7=0,318.855
2025-09-08T18:48:32.430946406+03:00,heap_unique_btree,delete,40000,k%7=0,312.700
2025-09-08T18:48:32.755909673+03:00,heap_unique_btree,delete,40000,k%7=0,324.949
2025-09-08T18:48:33.067012994+03:00,heap_unique_btree,delete,40000,k%7=0,311.089
2025-09-08T18:48:33.378864471+03:00,heap_unique_btree,delete,40000,k%7=0,311.836
2025-09-08T18:48:33.693666944+03:00,heap_unique_btree,delete,40000,k%7=0,314.786
2025-09-08T18:48:34.005453048+03:00,heap_unique_btree,delete,40000,k%7=0,311.772
2025-09-08T18:48:34.312711316+03:00,heap_unique_btree,delete,40000,k%7=0,307.240
2025-09-08T18:48:34.623439023+03:00,heap_unique_btree,delete,40000,k%7=0,310.711
2025-09-08T18:48:34.930643861+03:00,heap_unique_btree,delete,40000,k%7=0,307.191
2025-09-08T18:48:35.241533463+03:00,heap_unique_btree,delete,40000,k%7=0,310.876
2025-09-08T18:48:35.551962732+03:00,heap_unique_btree,delete,40000,k%7=0,310.407
2025-09-08T18:48:35.864546859+03:00,heap_unique_btree,delete,40000,k%7=0,312.565
2025-09-08T18:48:36.177794981+03:00,heap_unique_btree,delete,40000,k%7=0,313.200
2025-09-08T18:48:36.489807794+03:00,heap_unique_btree,delete,40000,k%7=0,311.997
2025-09-08T18:48:36.798262049+03:00,heap_unique_btree,delete,40000,k%7=0,308.440
2025-09-08T18:48:37.109363764+03:00,heap_unique_btree,delete,40000,k%7=0,311.086
2025-09-08T18:48:37.44734188+03:00,heap_unique_btree,delete,40000,k%7=0,337.955
2025-09-08T18:48:37.843436155+03:00,heap_unique_btree,delete,40000,k%7=0,396.070
2025-09-08T18:48:38.297000403+03:00,heap_unique_btree,delete,40000,k%7=0,453.547
2025-09-08T18:48:38.602641811+03:00,heap_unique_btree,delete,40000,k%7=0,305.627
2025-09-08T18:48:38.931212666+03:00,heap_unique_btree,delete,40000,k%7=0,328.552
2025-09-08T18:48:39.241684259+03:00,heap_unique_btree,delete,40000,k%7=0,310.456
2025-09-08T18:48:39.580546374+03:00,heap_unique_btree,delete,40000,k%7=0,338.844
2025-09-08T18:48:39.906474379+03:00,heap_unique_btree,delete,40000,k%7=0,325.912
2025-09-08T18:48:40.226258666+03:00,heap_unique_btree,delete,40000,k%7=0,319.764
2025-09-08T18:48:40.542369922+03:00,heap_unique_btree,delete,40000,k%7=0,316.078
2025-09-08T18:48:40.874350919+03:00,heap_unique_btree,delete,40000,k%7=0,331.936
2025-09-08T18:48:41.199147611+03:00,heap_unique_btree,delete,40000,k%7=0,324.776
2025-09-08T18:48:41.525734582+03:00,heap_unique_btree,delete,40000,k%7=0,326.569
2025-09-08T18:48:41.843683681+03:00,heap_unique_btree,delete,40000,k%7=0,317.930
2025-09-08T18:48:42.163355031+03:00,heap_unique_btree,delete,40000,k%7=0,319.646
2025-09-08T18:48:42.482788358+03:00,heap_unique_btree,delete,40000,k%7=0,319.390
2025-09-08T18:48:42.799446622+03:00,heap_unique_btree,delete,40000,k%7=0,316.644
2025-09-08T18:48:43.111830999+03:00,heap_unique_btree,delete,40000,k%7=0,312.370
2025-09-08T18:48:43.433165026+03:00,heap_unique_btree,delete,40000,k%7=0,321.317
2025-09-08T18:48:43.743638505+03:00,heap_unique_btree,delete,40000,k%7=0,310.459
2025-09-08T18:48:44.063651456+03:00,heap_unique_btree,delete,40000,k%7=0,319.997
2025-09-08T18:48:44.378584814+03:00,heap_unique_btree,delete,40000,k%7=0,314.916
2025-09-08T18:48:44.698926306+03:00,heap_unique_btree,delete,40000,k%7=0,320.321
2025-09-08T18:48:45.009770719+03:00,heap_unique_btree,delete,40000,k%7=0,310.825
2025-09-08T18:48:45.323546852+03:00,heap_unique_btree,delete,40000,k%7=0,313.759
2025-09-08T18:48:45.637168982+03:00,heap_unique_btree,delete,40000,k%7=0,313.603
2025-09-08T18:48:45.95001013+03:00,heap_unique_btree,delete,40000,k%7=0,312.826
2025-09-08T18:48:46.270932434+03:00,heap_unique_btree,delete,40000,k%7=0,320.909
2025-09-08T18:48:46.598836849+03:00,heap_unique_btree,delete,40000,k%7=0,327.890
2025-09-08T18:48:46.940860466+03:00,heap_unique_btree,delete,40000,k%7=0,341.972
2025-09-08T18:48:47.257187745+03:00,heap_unique_btree,delete,40000,k%7=0,316.311
2025-09-08T18:48:47.577442073+03:00,heap_unique_btree,delete,40000,k%7=0,320.240
2025-09-08T18:48:47.891433322+03:00,heap_unique_btree,delete,40000,k%7=0,313.974
2025-09-08T18:48:48.204557403+03:00,heap_unique_btree,delete,40000,k%7=0,313.110
2025-09-08T18:48:48.524580481+03:00,heap_unique_btree,delete,40000,k%7=0,320.003
2025-09-08T18:48:48.838146317+03:00,heap_unique_btree,delete,40000,k%7=0,313.548
2025-09-08T18:48:49.150444368+03:00,heap_unique_btree,delete,40000,k%7=0,312.286
2025-09-08T18:48:49.461837605+03:00,heap_unique_btree,delete,40000,k%7=0,311.376
2025-09-08T18:48:49.775284639+03:00,heap_unique_btree,delete,40000,k%7=0,313.431
2025-09-08T18:48:50.084415879+03:00,heap_unique_btree,delete,40000,k%7=0,309.111
2025-09-08T18:48:50.397706325+03:00,heap_unique_btree,delete,40000,k%7=0,313.269
2025-09-08T18:48:50.712556919+03:00,heap_unique_btree,delete,40000,k%7=0,314.830
2025-09-08T18:48:51.023120773+03:00,heap_unique_btree,delete,40000,k%7=0,310.546
2025-09-08T18:48:51.332723871+03:00,heap_unique_btree,delete,40000,k%7=0,309.588
2025-09-08T18:48:51.643111303+03:00,heap_unique_btree,delete,40000,k%7=0,310.367
2025-09-08T18:48:51.950002476+03:00,heap_unique_btree,delete,40000,k%7=0,306.874
2025-09-08T18:48:52.263477656+03:00,heap_unique_btree,delete,40000,k%7=0,313.435
2025-09-08T18:48:52.579099174+03:00,heap_unique_btree,delete,40000,k%7=0,315.604
2025-09-08T18:48:52.890387158+03:00,heap_unique_btree,delete,40000,k%7=0,311.267
2025-09-08T18:48:53.204919059+03:00,heap_unique_btree,delete,40000,k%7=0,314.514
2025-09-08T18:48:53.513691097+03:00,heap_unique_btree,delete,40000,k%7=0,308.738
2025-09-08T18:48:53.837950558+03:00,heap_unique_btree,delete,40000,k%7=0,324.244
2025-09-08T18:48:54.160070316+03:00,heap_unique_btree,delete,40000,k%7=0,322.105
2025-09-08T18:48:54.475626181+03:00,heap_unique_btree,delete,40000,k%7=0,315.538
2025-09-08T18:48:54.787109725+03:00,heap_unique_btree,delete,40000,k%7=0,311.464
2025-09-08T18:48:55.095293338+03:00,heap_unique_btree,delete,40000,k%7=0,308.167
2025-09-08T18:48:55.404540447+03:00,heap_unique_btree,delete,40000,k%7=0,309.229
2025-09-08T18:48:55.722270029+03:00,heap_unique_btree,delete,40000,k%7=0,317.712
2025-09-08T18:48:56.03060534+03:00,heap_unique_btree,delete,40000,k%7=0,308.318
2025-09-08T18:48:56.352959281+03:00,heap_unique_btree,delete,40000,k%7=0,322.340
2025-09-08T18:48:56.72601627+03:00,heap_unique_btree,delete,40000,k%7=0,373.040
2025-09-08T18:48:57.162003329+03:00,heap_unique_btree,delete,40000,k%7=0,435.966
2025-09-08T18:48:57.485439762+03:00,heap_unique_btree,delete,40000,k%7=0,323.416
2025-09-08T18:48:57.802610602+03:00,heap_unique_btree,delete,40000,k%7=0,317.156
2025-09-08T18:48:58.114980799+03:00,heap_unique_btree,delete,40000,k%7=0,312.353
2025-09-08T18:48:58.461091334+03:00,heap_unique_btree,delete,40000,k%7=0,346.089
2025-09-08T18:48:58.778452914+03:00,heap_unique_btree,delete,40000,k%7=0,317.348
2025-09-08T18:48:59.091342113+03:00,heap_unique_btree,delete,40000,k%7=0,312.872
2025-09-08T18:48:59.430432124+03:00,heap_unique_btree,delete,40000,k%7=0,339.072
2025-09-08T18:48:59.742293866+03:00,heap_unique_btree,delete,40000,k%7=0,311.831
2025-09-08T18:49:00.066066592+03:00,heap_unique_btree,delete,40000,k%7=0,323.756
2025-09-08T18:49:00.385498032+03:00,heap_unique_btree,delete,40000,k%7=0,319.413
2025-09-08T18:49:00.701753652+03:00,heap_unique_btree,delete,40000,k%7=0,316.237
2025-09-08T18:49:01.018014859+03:00,heap_unique_btree,delete,40000,k%7=0,316.245
2025-09-08T18:49:01.331941432+03:00,heap_unique_btree,delete,40000,k%7=0,313.912
2025-09-08T18:49:01.647201094+03:00,heap_unique_btree,delete,40000,k%7=0,315.227
2025-09-08T18:49:01.961488126+03:00,heap_unique_btree,delete,40000,k%7=0,314.270
2025-09-08T18:49:02.278553921+03:00,heap_unique_btree,delete,40000,k%7=0,317.049
2025-09-08T18:49:04.440098501+03:00,heap_unique_btree,insert,70000,bulk=70000,563.328
2025-09-08T18:49:04.970549217+03:00,heap_unique_btree,insert,70000,bulk=70000,530.434
2025-09-08T18:49:05.492493573+03:00,heap_unique_btree,insert,70000,bulk=70000,521.930
2025-09-08T18:49:06.025061781+03:00,heap_unique_btree,insert,70000,bulk=70000,532.555
2025-09-08T18:49:06.544400095+03:00,heap_unique_btree,insert,70000,bulk=70000,519.324
2025-09-08T18:49:07.071944304+03:00,heap_unique_btree,insert,70000,bulk=70000,527.515
2025-09-08T18:49:07.596854463+03:00,heap_unique_btree,insert,70000,bulk=70000,524.894
2025-09-08T18:49:08.125346159+03:00,heap_unique_btree,insert,70000,bulk=70000,528.479
2025-09-08T18:49:08.68155628+03:00,heap_unique_btree,insert,70000,bulk=70000,556.197
2025-09-08T18:49:09.221856012+03:00,heap_unique_btree,insert,70000,bulk=70000,540.284
2025-09-08T18:49:09.744038462+03:00,heap_unique_btree,insert,70000,bulk=70000,522.170
2025-09-08T18:49:10.266583046+03:00,heap_unique_btree,insert,70000,bulk=70000,522.529
2025-09-08T18:49:10.795206256+03:00,heap_unique_btree,insert,70000,bulk=70000,528.598
2025-09-08T18:49:11.320245764+03:00,heap_unique_btree,insert,70000,bulk=70000,525.020
2025-09-08T18:49:11.842924376+03:00,heap_unique_btree,insert,70000,bulk=70000,522.661
2025-09-08T18:49:12.366613055+03:00,heap_unique_btree,insert,70000,bulk=70000,523.674
2025-09-08T18:49:12.887066827+03:00,heap_unique_btree,insert,70000,bulk=70000,520.440
2025-09-08T18:49:13.442256475+03:00,heap_unique_btree,insert,70000,bulk=70000,555.172
2025-09-08T18:49:13.97530115+03:00,heap_unique_btree,insert,70000,bulk=70000,533.027
2025-09-08T18:49:14.497094226+03:00,heap_unique_btree,insert,70000,bulk=70000,521.777
2025-09-08T18:49:15.031432249+03:00,heap_unique_btree,insert,70000,bulk=70000,534.325
2025-09-08T18:49:15.707305432+03:00,heap_unique_btree,insert,70000,bulk=70000,675.861
2025-09-08T18:49:16.255201331+03:00,heap_unique_btree,insert,70000,bulk=70000,547.880
2025-09-08T18:49:16.788422777+03:00,heap_unique_btree,insert,70000,bulk=70000,533.209
2025-09-08T18:49:17.353031908+03:00,heap_unique_btree,insert,70000,bulk=70000,564.597
2025-09-08T18:49:17.871883277+03:00,heap_unique_btree,insert,70000,bulk=70000,518.830
2025-09-08T18:49:18.405949891+03:00,heap_unique_btree,insert,70000,bulk=70000,534.051
2025-09-08T18:49:18.934786469+03:00,heap_unique_btree,insert,70000,bulk=70000,528.822
2025-09-08T18:49:19.461819916+03:00,heap_unique_btree,insert,70000,bulk=70000,527.017
2025-09-08T18:49:19.979120636+03:00,heap_unique_btree,insert,70000,bulk=70000,517.282
2025-09-08T18:49:20.496886788+03:00,heap_unique_btree,insert,70000,bulk=70000,517.746
2025-09-08T18:49:21.01758012+03:00,heap_unique_btree,insert,70000,bulk=70000,520.678
2025-09-08T18:49:21.542098529+03:00,heap_unique_btree,insert,70000,bulk=70000,524.502
2025-09-08T18:49:22.069248195+03:00,heap_unique_btree,insert,70000,bulk=70000,527.135
2025-09-08T18:49:22.596567649+03:00,heap_unique_btree,insert,70000,bulk=70000,527.304
2025-09-08T18:49:23.122476209+03:00,heap_unique_btree,insert,70000,bulk=70000,525.892
2025-09-08T18:49:23.66173598+03:00,heap_unique_btree,insert,70000,bulk=70000,539.248
2025-09-08T18:49:24.191626834+03:00,heap_unique_btree,insert,70000,bulk=70000,529.877
2025-09-08T18:49:24.734056349+03:00,heap_unique_btree,insert,70000,bulk=70000,542.414
2025-09-08T18:49:25.25427426+03:00,heap_unique_btree,insert,70000,bulk=70000,520.205
2025-09-08T18:49:25.772978539+03:00,heap_unique_btree,insert,70000,bulk=70000,518.689
2025-09-08T18:49:26.296579774+03:00,heap_unique_btree,insert,70000,bulk=70000,523.585
2025-09-08T18:49:26.816299706+03:00,heap_unique_btree,insert,70000,bulk=70000,519.697
2025-09-08T18:49:27.33097315+03:00,heap_unique_btree,insert,70000,bulk=70000,514.658
2025-09-08T18:49:27.843713277+03:00,heap_unique_btree,insert,70000,bulk=70000,512.725
2025-09-08T18:49:28.361816698+03:00,heap_unique_btree,insert,70000,bulk=70000,518.091
2025-09-08T18:49:28.881406653+03:00,heap_unique_btree,insert,70000,bulk=70000,519.575
2025-09-08T18:49:29.399710873+03:00,heap_unique_btree,insert,70000,bulk=70000,518.290
2025-09-08T18:49:29.929270113+03:00,heap_unique_btree,insert,70000,bulk=70000,529.501
2025-09-08T18:49:30.45509549+03:00,heap_unique_btree,insert,70000,bulk=70000,525.810
2025-09-08T18:49:30.972197156+03:00,heap_unique_btree,insert,70000,bulk=70000,517.089
2025-09-08T18:49:31.488680435+03:00,heap_unique_btree,insert,70000,bulk=70000,516.470
2025-09-08T18:49:32.010659152+03:00,heap_unique_btree,insert,70000,bulk=70000,521.961
2025-09-08T18:49:32.546669418+03:00,heap_unique_btree,insert,70000,bulk=70000,535.995
2025-09-08T18:49:33.064441994+03:00,heap_unique_btree,insert,70000,bulk=70000,517.760
2025-09-08T18:49:33.633893112+03:00,heap_unique_btree,insert,70000,bulk=70000,569.434
2025-09-08T18:49:34.330834571+03:00,heap_unique_btree,insert,70000,bulk=70000,696.921
2025-09-08T18:49:34.87369257+03:00,heap_unique_btree,insert,70000,bulk=70000,542.835
2025-09-08T18:49:35.41182857+03:00,heap_unique_btree,insert,70000,bulk=70000,538.115
2025-09-08T18:49:35.955652005+03:00,heap_unique_btree,insert,70000,bulk=70000,543.807
2025-09-08T18:49:36.480738864+03:00,heap_unique_btree,insert,70000,bulk=70000,525.071
2025-09-08T18:49:37.012979576+03:00,heap_unique_btree,insert,70000,bulk=70000,532.220
2025-09-08T18:49:37.537910755+03:00,heap_unique_btree,insert,70000,bulk=70000,524.915
2025-09-08T18:49:38.097420734+03:00,heap_unique_btree,insert,70000,bulk=70000,559.492
2025-09-08T18:49:38.617660016+03:00,heap_unique_btree,insert,70000,bulk=70000,520.226
2025-09-08T18:49:39.157938233+03:00,heap_unique_btree,insert,70000,bulk=70000,540.265
2025-09-08T18:49:39.678759305+03:00,heap_unique_btree,insert,70000,bulk=70000,520.808
2025-09-08T18:49:40.223740942+03:00,heap_unique_btree,insert,70000,bulk=70000,544.967
2025-09-08T18:49:40.778924651+03:00,heap_unique_btree,insert,70000,bulk=70000,555.169
2025-09-08T18:49:41.30973177+03:00,heap_unique_btree,insert,70000,bulk=70000,530.784
2025-09-08T18:49:41.831854851+03:00,heap_unique_btree,insert,70000,bulk=70000,522.102
2025-09-08T18:49:42.366592022+03:00,heap_unique_btree,insert,70000,bulk=70000,534.720
2025-09-08T18:49:42.894210122+03:00,heap_unique_btree,insert,70000,bulk=70000,527.597
2025-09-08T18:49:43.441291232+03:00,heap_unique_btree,insert,70000,bulk=70000,547.068
2025-09-08T18:49:43.968761264+03:00,heap_unique_btree,insert,70000,bulk=70000,527.453
2025-09-08T18:49:44.496328657+03:00,heap_unique_btree,insert,70000,bulk=70000,527.554
2025-09-08T18:49:45.026313378+03:00,heap_unique_btree,insert,70000,bulk=70000,529.968
2025-09-08T18:49:45.54647716+03:00,heap_unique_btree,insert,70000,bulk=70000,520.148
2025-09-08T18:49:46.067410608+03:00,heap_unique_btree,insert,70000,bulk=70000,520.919
2025-09-08T18:49:46.580363614+03:00,heap_unique_btree,insert,70000,bulk=70000,512.938
2025-09-08T18:49:47.100082078+03:00,heap_unique_btree,insert,70000,bulk=70000,519.689
2025-09-08T18:49:47.622636996+03:00,heap_unique_btree,insert,70000,bulk=70000,522.543
2025-09-08T18:49:48.142458687+03:00,heap_unique_btree,insert,70000,bulk=70000,519.809
2025-09-08T18:49:48.668621332+03:00,heap_unique_btree,insert,70000,bulk=70000,526.148
2025-09-08T18:49:49.196525367+03:00,heap_unique_btree,insert,70000,bulk=70000,527.887
2025-09-08T18:49:49.717431437+03:00,heap_unique_btree,insert,70000,bulk=70000,520.890
2025-09-08T18:49:50.240260068+03:00,heap_unique_btree,insert,70000,bulk=70000,522.805
2025-09-08T18:49:50.759427752+03:00,heap_unique_btree,insert,70000,bulk=70000,519.148
2025-09-08T18:49:51.281234653+03:00,heap_unique_btree,insert,70000,bulk=70000,521.789
2025-09-08T18:49:51.796257379+03:00,heap_unique_btree,insert,70000,bulk=70000,515.004
2025-09-08T18:49:52.484312182+03:00,heap_unique_btree,insert,70000,bulk=70000,688.042
2025-09-08T18:49:53.117241424+03:00,heap_unique_btree,insert,70000,bulk=70000,632.916
2025-09-08T18:49:53.664014318+03:00,heap_unique_btree,insert,70000,bulk=70000,546.757
2025-09-08T18:49:54.217603235+03:00,heap_unique_btree,insert,70000,bulk=70000,553.574
2025-09-08T18:49:54.740630848+03:00,heap_unique_btree,insert,70000,bulk=70000,523.010
2025-09-08T18:49:55.266991148+03:00,heap_unique_btree,insert,70000,bulk=70000,526.347
2025-09-08T18:49:55.788698384+03:00,heap_unique_btree,insert,70000,bulk=70000,521.624
2025-09-08T18:49:56.306178736+03:00,heap_unique_btree,insert,70000,bulk=70000,517.467
2025-09-08T18:49:56.839178218+03:00,heap_unique_btree,insert,70000,bulk=70000,532.977
2025-09-08T18:49:57.365344005+03:00,heap_unique_btree,insert,70000,bulk=70000,526.151
2025-09-08T18:49:57.91669565+03:00,heap_unique_btree,select,70000,"k in [a,b] (~N/50, cap 1000)",0.984
2025-09-08T18:49:57.917279465+03:00,heap_unique_btree,select,70000,"k in [a,b] (~N/50, cap 1000)",0.561
2025-09-08T18:49:57.917802587+03:00,heap_unique_btree,select,70000,"k in [a,b] (~N/50, cap 1000)",0.514
2025-09-08T18:49:57.918292744+03:00,heap_unique_btree,select,70000,"k in [a,b] (~N/50, cap 1000)",0.482
2025-09-08T18:49:57.918795193+03:00,heap_unique_btree,select,70000,"k in [a,b] (~N/50, cap 1000)",0.494
2025-09-08T18:49:57.919270892+03:00,heap_unique_btree,select,70000,"k in [a,b] (~N/50, cap 1000)",0.469
2025-09-08T18:49:57.919740165+03:00,heap_unique_btree,select,70000,"k in [a,b] (~N/50, cap 1000)",0.463
2025-09-08T18:49:57.92023535+03:00,heap_unique_btree,select,70000,"k in [a,b] (~N/50, cap 1000)",0.488
2025-09-08T18:49:57.920741571+03:00,heap_unique_btree,select,70000,"k in [a,b] (~N/50, cap 1000)",0.498
2025-09-08T18:49:57.921220692+03:00,heap_unique_btree,select,70000,"k in [a,b] (~N/50, cap 1000)",0.472
2025-09-08T18:49:57.921731941+03:00,heap_unique_btree,select,70000,"k in [a,b] (~N/50, cap 1000)",0.504
2025-09-08T18:49:57.922152185+03:00,heap_unique_btree,select,70000,"k in [a,b] (~N/50, cap 1000)",0.413
2025-09-08T18:49:57.922621109+03:00,heap_unique_btree,select,70000,"k in [a,b] (~N/50, cap 1000)",0.462
2025-09-08T18:49:57.923085144+03:00,heap_unique_btree,select,70000,"k in [a,b] (~N/50, cap 1000)",0.458
2025-09-08T18:49:57.923572367+03:00,heap_unique_btree,select,70000,"k in [a,b] (~N/50, cap 1000)",0.481
2025-09-08T18:49:57.924011399+03:00,heap_unique_btree,select,70000,"k in [a,b] (~N/50, cap 1000)",0.432
2025-09-08T18:49:57.924467123+03:00,heap_unique_btree,select,70000,"k in [a,b] (~N/50, cap 1000)",0.449
2025-09-08T18:49:57.924908529+03:00,heap_unique_btree,select,70000,"k in [a,b] (~N/50, cap 1000)",0.434
2025-09-08T18:49:57.925353148+03:00,heap_unique_btree,select,70000,"k in [a,b] (~N/50, cap 1000)",0.437
2025-09-08T18:49:57.925801469+03:00,heap_unique_btree,select,70000,"k in [a,b] (~N/50, cap 1000)",0.442
2025-09-08T18:49:57.926239802+03:00,heap_unique_btree,select,70000,"k in [a,b] (~N/50, cap 1000)",0.432
2025-09-08T18:49:57.926643633+03:00,heap_unique_btree,select,70000,"k in [a,b] (~N/50, cap 1000)",0.397
2025-09-08T18:49:57.927053051+03:00,heap_unique_btree,select,70000,"k in [a,b] (~N/50, cap 1000)",0.403
2025-09-08T18:49:57.927499067+03:00,heap_unique_btree,select,70000,"k in [a,b] (~N/50, cap 1000)",0.439
2025-09-08T18:49:57.927940683+03:00,heap_unique_btree,select,70000,"k in [a,b] (~N/50, cap 1000)",0.435
2025-09-08T18:49:57.928343885+03:00,heap_unique_btree,select,70000,"k in [a,b] (~N/50, cap 1000)",0.396
2025-09-08T18:49:57.928810365+03:00,heap_unique_btree,select,70000,"k in [a,b] (~N/50, cap 1000)",0.459
2025-09-08T18:49:57.929262457+03:00,heap_unique_btree,select,70000,"k in [a,b] (~N/50, cap 1000)",0.444
2025-09-08T18:49:57.929685215+03:00,heap_unique_btree,select,70000,"k in [a,b] (~N/50, cap 1000)",0.416
2025-09-08T18:49:57.930120405+03:00,heap_unique_btree,select,70000,"k in [a,b] (~N/50, cap 1000)",0.429
2025-09-08T18:49:57.930663363+03:00,heap_unique_btree,select,70000,"k in [a,b] (~N/50, cap 1000)",0.534
2025-09-08T18:49:57.931208905+03:00,heap_unique_btree,select,70000,"k in [a,b] (~N/50, cap 1000)",0.539
2025-09-08T18:49:57.931930799+03:00,heap_unique_btree,select,70000,"k in [a,b] (~N/50, cap 1000)",0.714
2025-09-08T18:49:57.932462023+03:00,heap_unique_btree,select,70000,"k in [a,b] (~N/50, cap 1000)",0.524
2025-09-08T18:49:57.932946313+03:00,heap_unique_btree,select,70000,"k in [a,b] (~N/50, cap 1000)",0.478
2025-09-08T18:49:57.933416215+03:00,heap_unique_btree,select,70000,"k in [a,b] (~N/50, cap 1000)",0.461
2025-09-08T18:49:57.933883463+03:00,heap_unique_btree,select,70000,"k in [a,b] (~N/50, cap 1000)",0.459
2025-09-08T18:49:57.934371734+03:00,heap_unique_btree,select,70000,"k in [a,b] (~N/50, cap 1000)",0.481
2025-09-08T18:49:57.934975175+03:00,heap_unique_btree,select,70000,"k in [a,b] (~N/50, cap 1000)",0.582
2025-09-08T18:49:57.935554242+03:00,heap_unique_btree,select,70000,"k in [a,b] (~N/50, cap 1000)",0.571
2025-09-08T18:49:57.936126324+03:00,heap_unique_btree,select,70000,"k in [a,b] (~N/50, cap 1000)",0.517
2025-09-08T18:49:57.936589032+03:00,heap_unique_btree,select,70000,"k in [a,b] (~N/50, cap 1000)",0.455
2025-09-08T18:49:57.937108592+03:00,heap_unique_btree,select,70000,"k in [a,b] (~N/50, cap 1000)",0.513
2025-09-08T18:49:57.937633181+03:00,heap_unique_btree,select,70000,"k in [a,b] (~N/50, cap 1000)",0.518
2025-09-08T18:49:57.938034148+03:00,heap_unique_btree,select,70000,"k in [a,b] (~N/50, cap 1000)",0.393
2025-09-08T18:49:57.938498114+03:00,heap_unique_btree,select,70000,"k in [a,b] (~N/50, cap 1000)",0.458
2025-09-08T18:49:57.938948739+03:00,heap_unique_btree,select,70000,"k in [a,b] (~N/50, cap 1000)",0.443
2025-09-08T18:49:57.939395942+03:00,heap_unique_btree,select,70000,"k in [a,b] (~N/50, cap 1000)",0.440
2025-09-08T18:49:57.939846009+03:00,heap_unique_btree,select,70000,"k in [a,b] (~N/50, cap 1000)",0.442
2025-09-08T18:49:57.940399024+03:00,heap_unique_btree,select,70000,"k in [a,b] (~N/50, cap 1000)",0.546
2025-09-08T18:49:57.940852583+03:00,heap_unique_btree,select,70000,"k in [a,b] (~N/50, cap 1000)",0.447
2025-09-08T18:49:57.941309425+03:00,heap_unique_btree,select,70000,"k in [a,b] (~N/50, cap 1000)",0.449
2025-09-08T18:49:57.941775346+03:00,heap_unique_btree,select,70000,"k in [a,b] (~N/50, cap 1000)",0.459
2025-09-08T18:49:57.942268645+03:00,heap_unique_btree,select,70000,"k in [a,b] (~N/50, cap 1000)",0.486
2025-09-08T18:49:57.942758382+03:00,heap_unique_btree,select,70000,"k in [a,b] (~N/50, cap 1000)",0.482
2025-09-08T18:49:57.943205027+03:00,heap_unique_btree,select,70000,"k in [a,b] (~N/50, cap 1000)",0.439
2025-09-08T18:49:57.943669691+03:00,heap_unique_btree,select,70000,"k in [a,b] (~N/50, cap 1000)",0.458
2025-09-08T18:49:57.944107814+03:00,heap_unique_btree,select,70000,"k in [a,b] (~N/50, cap 1000)",0.431
2025-09-08T18:49:57.944570662+03:00,heap_unique_btree,select,70000,"k in [a,b] (~N/50, cap 1000)",0.456
2025-09-08T18:49:57.945014583+03:00,heap_unique_btree,select,70000,"k in [a,b] (~N/50, cap 1000)",0.436
2025-09-08T18:49:57.945478199+03:00,heap_unique_btree,select,70000,"k in [a,b] (~N/50, cap 1000)",0.456
2025-09-08T18:49:57.945936507+03:00,heap_unique_btree,select,70000,"k in [a,b] (~N/50, cap 1000)",0.451
2025-09-08T18:49:57.946358986+03:00,heap_unique_btree,select,70000,"k in [a,b] (~N/50, cap 1000)",0.414
2025-09-08T18:49:57.946892305+03:00,heap_unique_btree,select,70000,"k in [a,b] (~N/50, cap 1000)",0.526
2025-09-08T18:49:57.94745866+03:00,heap_unique_btree,select,70000,"k in [a,b] (~N/50, cap 1000)",0.557
2025-09-08T18:49:57.94797836+03:00,heap_unique_btree,select,70000,"k in [a,b] (~N/50, cap 1000)",0.510
2025-09-08T18:49:57.948452453+03:00,heap_unique_btree,select,70000,"k in [a,b] (~N/50, cap 1000)",0.465
2025-09-08T18:49:57.948886875+03:00,heap_unique_btree,select,70000,"k in [a,b] (~N/50, cap 1000)",0.426
2025-09-08T18:49:57.949316408+03:00,heap_unique_btree,select,70000,"k in [a,b] (~N/50, cap 1000)",0.421
2025-09-08T18:49:57.949784214+03:00,heap_unique_btree,select,70000,"k in [a,b] (~N/50, cap 1000)",0.460
2025-09-08T18:49:57.950223525+03:00,heap_unique_btree,select,70000,"k in [a,b] (~N/50, cap 1000)",0.432
2025-09-08T18:49:57.950663395+03:00,heap_unique_btree,select,70000,"k in [a,b] (~N/50, cap 1000)",0.433
2025-09-08T18:49:57.951105011+03:00,heap_unique_btree,select,70000,"k in [a,b] (~N/50, cap 1000)",0.434
2025-09-08T18:49:57.951537757+03:00,heap_unique_btree,select,70000,"k in [a,b] (~N/50, cap 1000)",0.426
2025-09-08T18:49:57.951958559+03:00,heap_unique_btree,select,70000,"k in [a,b] (~N/50, cap 1000)",0.414
2025-09-08T18:49:57.952413724+03:00,heap_unique_btree,select,70000,"k in [a,b] (~N/50, cap 1000)",0.448
2025-09-08T18:49:57.952856597+03:00,heap_unique_btree,select,70000,"k in [a,b] (~N/50, cap 1000)",0.435
2025-09-08T18:49:57.953302962+03:00,heap_unique_btree,select,70000,"k in [a,b] (~N/50, cap 1000)",0.439
2025-09-08T18:49:57.95373494+03:00,heap_unique_btree,select,70000,"k in [a,b] (~N/50, cap 1000)",0.424
2025-09-08T18:49:57.954201699+03:00,heap_unique_btree,select,70000,"k in [a,b] (~N/50, cap 1000)",0.430
2025-09-08T18:49:57.954668947+03:00,heap_unique_btree,select,70000,"k in [a,b] (~N/50, cap 1000)",0.459
2025-09-08T18:49:57.955103718+03:00,heap_unique_btree,select,70000,"k in [a,b] (~N/50, cap 1000)",0.427
2025-09-08T18:49:57.955560839+03:00,heap_unique_btree,select,70000,"k in [a,b] (~N/50, cap 1000)",0.449
2025-09-08T18:49:57.955994144+03:00,heap_unique_btree,select,70000,"k in [a,b] (~N/50, cap 1000)",0.426
2025-09-08T18:49:57.956446236+03:00,heap_unique_btree,select,70000,"k in [a,b] (~N/50, cap 1000)",0.445
2025-09-08T18:49:57.956885616+03:00,heap_unique_btree,select,70000,"k in [a,b] (~N/50, cap 1000)",0.432
2025-09-08T18:49:57.957320597+03:00,heap_unique_btree,select,70000,"k in [a,b] (~N/50, cap 1000)",0.428
2025-09-08T18:49:57.957765007+03:00,heap_unique_btree,select,70000,"k in [a,b] (~N/50, cap 1000)",0.437
2025-09-08T18:49:57.95819447+03:00,heap_unique_btree,select,70000,"k in [a,b] (~N/50, cap 1000)",0.422
2025-09-08T18:49:57.958728418+03:00,heap_unique_btree,select,70000,"k in [a,b] (~N/50, cap 1000)",0.526
2025-09-08T18:49:57.959228911+03:00,heap_unique_btree,select,70000,"k in [a,b] (~N/50, cap 1000)",0.494
2025-09-08T18:49:57.959729194+03:00,heap_unique_btree,select,70000,"k in [a,b] (~N/50, cap 1000)",0.493
2025-09-08T18:49:57.960156702+03:00,heap_unique_btree,select,70000,"k in [a,b] (~N/50, cap 1000)",0.421
2025-09-08T18:49:57.960610191+03:00,heap_unique_btree,select,70000,"k in [a,b] (~N/50, cap 1000)",0.446
2025-09-08T18:49:57.961035114+03:00,heap_unique_btree,select,70000,"k in [a,b] (~N/50, cap 1000)",0.417
2025-09-08T18:49:57.961478895+03:00,heap_unique_btree,select,70000,"k in [a,b] (~N/50, cap 1000)",0.436
2025-09-08T18:49:57.961922187+03:00,heap_unique_btree,select,70000,"k in [a,b] (~N/50, cap 1000)",0.435
2025-09-08T18:49:57.962339288+03:00,heap_unique_btree,select,70000,"k in [a,b] (~N/50, cap 1000)",0.409
2025-09-08T18:49:57.962803812+03:00,heap_unique_btree,select,70000,"k in [a,b] (~N/50, cap 1000)",0.458
2025-09-08T18:49:57.963256324+03:00,heap_unique_btree,select,70000,"k in [a,b] (~N/50, cap 1000)",0.445
2025-09-08T18:50:00.119538439+03:00,heap_unique_btree,delete,70000,k%7=0,550.645
2025-09-08T18:50:00.661988623+03:00,heap_unique_btree,delete,70000,k%7=0,542.436
2025-09-08T18:50:01.214074524+03:00,heap_unique_btree,delete,70000,k%7=0,552.072
2025-09-08T18:50:01.752416907+03:00,heap_unique_btree,delete,70000,k%7=0,538.319
2025-09-08T18:50:02.303405159+03:00,heap_unique_btree,delete,70000,k%7=0,550.971
2025-09-08T18:50:02.834567008+03:00,heap_unique_btree,delete,70000,k%7=0,531.147
2025-09-08T18:50:03.36635828+03:00,heap_unique_btree,delete,70000,k%7=0,531.768
2025-09-08T18:50:03.898777717+03:00,heap_unique_btree,delete,70000,k%7=0,532.377
2025-09-08T18:50:04.423793054+03:00,heap_unique_btree,delete,70000,k%7=0,524.999
2025-09-08T18:50:04.946285252+03:00,heap_unique_btree,delete,70000,k%7=0,522.476
2025-09-08T18:50:05.476467975+03:00,heap_unique_btree,delete,70000,k%7=0,530.165
2025-09-08T18:50:05.99960957+03:00,heap_unique_btree,delete,70000,k%7=0,523.127
2025-09-08T18:50:06.525182811+03:00,heap_unique_btree,delete,70000,k%7=0,525.558
2025-09-08T18:50:07.049649393+03:00,heap_unique_btree,delete,70000,k%7=0,524.450
2025-09-08T18:50:07.588838479+03:00,heap_unique_btree,delete,70000,k%7=0,539.176
2025-09-08T18:50:08.117267171+03:00,heap_unique_btree,delete,70000,k%7=0,528.413
2025-09-08T18:50:08.66110974+03:00,heap_unique_btree,delete,70000,k%7=0,543.812
2025-09-08T18:50:09.218574021+03:00,heap_unique_btree,delete,70000,k%7=0,557.448
2025-09-08T18:50:09.746977919+03:00,heap_unique_btree,delete,70000,k%7=0,528.388
2025-09-08T18:50:10.297562898+03:00,heap_unique_btree,delete,70000,k%7=0,550.569
2025-09-08T18:50:10.950970803+03:00,heap_unique_btree,delete,70000,k%7=0,653.391
2025-09-08T18:50:11.632750931+03:00,heap_unique_btree,delete,70000,k%7=0,681.765
2025-09-08T18:50:12.166094527+03:00,heap_unique_btree,delete,70000,k%7=0,533.324
2025-09-08T18:50:12.746212236+03:00,heap_unique_btree,delete,70000,k%7=0,580.101
2025-09-08T18:50:13.279704318+03:00,heap_unique_btree,delete,70000,k%7=0,533.475
2025-09-08T18:50:13.810496418+03:00,heap_unique_btree,delete,70000,k%7=0,530.775
2025-09-08T18:50:14.347076946+03:00,heap_unique_btree,delete,70000,k%7=0,536.560
2025-09-08T18:50:14.8813498+03:00,heap_unique_btree,delete,70000,k%7=0,534.260
2025-09-08T18:50:15.41351913+03:00,heap_unique_btree,delete,70000,k%7=0,532.154
2025-09-08T18:50:15.940721173+03:00,heap_unique_btree,delete,70000,k%7=0,527.167
2025-09-08T18:50:16.469794373+03:00,heap_unique_btree,delete,70000,k%7=0,529.054
2025-09-08T18:50:17.016518932+03:00,heap_unique_btree,delete,70000,k%7=0,546.709
2025-09-08T18:50:17.545787273+03:00,heap_unique_btree,delete,70000,k%7=0,529.248
2025-09-08T18:50:18.089743825+03:00,heap_unique_btree,delete,70000,k%7=0,543.935
2025-09-08T18:50:18.632018493+03:00,heap_unique_btree,delete,70000,k%7=0,542.259
2025-09-08T18:50:19.162384971+03:00,heap_unique_btree,delete,70000,k%7=0,530.349
2025-09-08T18:50:19.697000473+03:00,heap_unique_btree,delete,70000,k%7=0,534.593
2025-09-08T18:50:20.232281925+03:00,heap_unique_btree,delete,70000,k%7=0,535.264
2025-09-08T18:50:20.769783889+03:00,heap_unique_btree,delete,70000,k%7=0,537.474
2025-09-08T18:50:21.320128468+03:00,heap_unique_btree,delete,70000,k%7=0,550.327
2025-09-08T18:50:21.85296249+03:00,heap_unique_btree,delete,70000,k%7=0,532.820
2025-09-08T18:50:22.383700532+03:00,heap_unique_btree,delete,70000,k%7=0,530.723
2025-09-08T18:50:22.911844473+03:00,heap_unique_btree,delete,70000,k%7=0,528.130
2025-09-08T18:50:23.451541664+03:00,heap_unique_btree,delete,70000,k%7=0,539.679
2025-09-08T18:50:23.981394518+03:00,heap_unique_btree,delete,70000,k%7=0,529.835
2025-09-08T18:50:24.512835527+03:00,heap_unique_btree,delete,70000,k%7=0,531.421
2025-09-08T18:50:25.038337945+03:00,heap_unique_btree,delete,70000,k%7=0,525.478
2025-09-08T18:50:25.567818467+03:00,heap_unique_btree,delete,70000,k%7=0,529.461
2025-09-08T18:50:26.098023119+03:00,heap_unique_btree,delete,70000,k%7=0,530.186
2025-09-08T18:50:26.639392415+03:00,heap_unique_btree,delete,70000,k%7=0,541.350
2025-09-08T18:50:27.160066254+03:00,heap_unique_btree,delete,70000,k%7=0,520.656
2025-09-08T18:50:27.693945892+03:00,heap_unique_btree,delete,70000,k%7=0,533.815
2025-09-08T18:50:28.228891959+03:00,heap_unique_btree,delete,70000,k%7=0,534.931
2025-09-08T18:50:28.814621462+03:00,heap_unique_btree,delete,70000,k%7=0,585.711
2025-09-08T18:50:29.559298902+03:00,heap_unique_btree,delete,70000,k%7=0,744.664
2025-09-08T18:50:30.10790705+03:00,heap_unique_btree,delete,70000,k%7=0,548.592
2025-09-08T18:50:30.660306891+03:00,heap_unique_btree,delete,70000,k%7=0,552.380
2025-09-08T18:50:31.233115065+03:00,heap_unique_btree,delete,70000,k%7=0,572.793
2025-09-08T18:50:31.765183889+03:00,heap_unique_btree,delete,70000,k%7=0,532.054
2025-09-08T18:50:32.294828402+03:00,heap_unique_btree,delete,70000,k%7=0,529.632
2025-09-08T18:50:32.828155164+03:00,heap_unique_btree,delete,70000,k%7=0,533.305
2025-09-08T18:50:33.371583424+03:00,heap_unique_btree,delete,70000,k%7=0,543.412
2025-09-08T18:50:33.904046859+03:00,heap_unique_btree,delete,70000,k%7=0,532.440
2025-09-08T18:50:34.458369541+03:00,heap_unique_btree,delete,70000,k%7=0,554.305
2025-09-08T18:50:34.997662411+03:00,heap_unique_btree,delete,70000,k%7=0,539.261
2025-09-08T18:50:35.541520762+03:00,heap_unique_btree,delete,70000,k%7=0,543.844
2025-09-08T18:50:36.084147367+03:00,heap_unique_btree,delete,70000,k%7=0,542.609
2025-09-08T18:50:36.624166601+03:00,heap_unique_btree,delete,70000,k%7=0,540.001
2025-09-08T18:50:37.158559652+03:00,heap_unique_btree,delete,70000,k%7=0,534.366
2025-09-08T18:50:37.699609347+03:00,heap_unique_btree,delete,70000,k%7=0,541.035
2025-09-08T18:50:38.303604965+03:00,heap_unique_btree,delete,70000,k%7=0,603.978
2025-09-08T18:50:38.838794782+03:00,heap_unique_btree,delete,70000,k%7=0,535.174
2025-09-08T18:50:39.383981961+03:00,heap_unique_btree,delete,70000,k%7=0,545.170
2025-09-08T18:50:39.932856768+03:00,heap_unique_btree,delete,70000,k%7=0,548.859
2025-09-08T18:50:40.466544407+03:00,heap_unique_btree,delete,70000,k%7=0,533.671
2025-09-08T18:50:41.003085891+03:00,heap_unique_btree,delete,70000,k%7=0,536.519
2025-09-08T18:50:41.536560858+03:00,heap_unique_btree,delete,70000,k%7=0,533.445
2025-09-08T18:50:42.068873782+03:00,heap_unique_btree,delete,70000,k%7=0,532.295
2025-09-08T18:50:42.595157111+03:00,heap_unique_btree,delete,70000,k%7=0,526.267
2025-09-08T18:50:43.122076568+03:00,heap_unique_btree,delete,70000,k%7=0,526.893
2025-09-08T18:50:43.667748316+03:00,heap_unique_btree,delete,70000,k%7=0,545.654
2025-09-08T18:50:44.197522874+03:00,heap_unique_btree,delete,70000,k%7=0,529.758
2025-09-08T18:50:44.733142294+03:00,heap_unique_btree,delete,70000,k%7=0,535.602
2025-09-08T18:50:45.274565576+03:00,heap_unique_btree,delete,70000,k%7=0,541.408
2025-09-08T18:50:45.80624328+03:00,heap_unique_btree,delete,70000,k%7=0,531.654
2025-09-08T18:50:46.346555574+03:00,heap_unique_btree,delete,70000,k%7=0,540.287
2025-09-08T18:50:46.890284226+03:00,heap_unique_btree,delete,70000,k%7=0,543.713
2025-09-08T18:50:47.637232949+03:00,heap_unique_btree,delete,70000,k%7=0,746.922
2025-09-08T18:50:48.179116286+03:00,heap_unique_btree,delete,70000,k%7=0,541.868
2025-09-08T18:50:48.717190399+03:00,heap_unique_btree,delete,70000,k%7=0,538.055
2025-09-08T18:50:49.274259087+03:00,heap_unique_btree,delete,70000,k%7=0,557.047
2025-09-08T18:50:49.801129932+03:00,heap_unique_btree,delete,70000,k%7=0,526.855
2025-09-08T18:50:50.340413652+03:00,heap_unique_btree,delete,70000,k%7=0,539.271
2025-09-08T18:50:50.867963578+03:00,heap_unique_btree,delete,70000,k%7=0,527.535
2025-09-08T18:50:51.399757779+03:00,heap_unique_btree,delete,70000,k%7=0,531.769
2025-09-08T18:50:51.92989964+03:00,heap_unique_btree,delete,70000,k%7=0,530.123
2025-09-08T18:50:52.46215159+03:00,heap_unique_btree,delete,70000,k%7=0,532.236
2025-09-08T18:50:52.998322837+03:00,heap_unique_btree,delete,70000,k%7=0,536.139
2025-09-08T18:50:53.535048006+03:00,heap_unique_btree,delete,70000,k%7=0,536.708
2025-09-08T18:50:54.068979465+03:00,heap_unique_btree,delete,70000,k%7=0,533.914
2025-09-08T18:50:57.083596418+03:00,heap_unique_btree,insert,100000,bulk=100000,741.931
2025-09-08T18:50:57.813148567+03:00,heap_unique_btree,insert,100000,bulk=100000,729.540
2025-09-08T18:50:58.539031666+03:00,heap_unique_btree,insert,100000,bulk=100000,725.868
2025-09-08T18:50:59.271775349+03:00,heap_unique_btree,insert,100000,bulk=100000,732.726
2025-09-08T18:51:00.015231933+03:00,heap_unique_btree,insert,100000,bulk=100000,743.430
2025-09-08T18:51:00.730696309+03:00,heap_unique_btree,insert,100000,bulk=100000,715.448
2025-09-08T18:51:01.471171096+03:00,heap_unique_btree,insert,100000,bulk=100000,740.460
2025-09-08T18:51:02.232486892+03:00,heap_unique_btree,insert,100000,bulk=100000,761.300
2025-09-08T18:51:02.962791526+03:00,heap_unique_btree,insert,100000,bulk=100000,730.288
2025-09-08T18:51:03.704031091+03:00,heap_unique_btree,insert,100000,bulk=100000,741.229
2025-09-08T18:51:04.450270141+03:00,heap_unique_btree,insert,100000,bulk=100000,746.224
2025-09-08T18:51:05.214612991+03:00,heap_unique_btree,insert,100000,bulk=100000,764.326
2025-09-08T18:51:06.188532581+03:00,heap_unique_btree,insert,100000,bulk=100000,973.904
2025-09-08T18:51:06.941079408+03:00,heap_unique_btree,insert,100000,bulk=100000,752.530
2025-09-08T18:51:07.728547474+03:00,heap_unique_btree,insert,100000,bulk=100000,787.447
2025-09-08T18:51:08.478795847+03:00,heap_unique_btree,insert,100000,bulk=100000,750.230
2025-09-08T18:51:09.232854071+03:00,heap_unique_btree,insert,100000,bulk=100000,754.044
2025-09-08T18:51:09.973580082+03:00,heap_unique_btree,insert,100000,bulk=100000,740.710
2025-09-08T18:51:10.715228715+03:00,heap_unique_btree,insert,100000,bulk=100000,741.632
2025-09-08T18:51:11.45277269+03:00,heap_unique_btree,insert,100000,bulk=100000,737.527
2025-09-08T18:51:12.203449896+03:00,heap_unique_btree,insert,100000,bulk=100000,750.663
2025-09-08T18:51:12.955232224+03:00,heap_unique_btree,insert,100000,bulk=100000,751.767
2025-09-08T18:51:13.699950866+03:00,heap_unique_btree,insert,100000,bulk=100000,744.707
2025-09-08T18:51:14.440411404+03:00,heap_unique_btree,insert,100000,bulk=100000,740.444
2025-09-08T18:51:15.201814222+03:00,heap_unique_btree,insert,100000,bulk=100000,761.385
2025-09-08T18:51:15.936790357+03:00,heap_unique_btree,insert,100000,bulk=100000,734.963
2025-09-08T18:51:16.671797503+03:00,heap_unique_btree,insert,100000,bulk=100000,734.994
2025-09-08T18:51:17.423156304+03:00,heap_unique_btree,insert,100000,bulk=100000,751.346
2025-09-08T18:51:18.160296936+03:00,heap_unique_btree,insert,100000,bulk=100000,737.126
2025-09-08T18:51:18.890563154+03:00,heap_unique_btree,insert,100000,bulk=100000,730.252
2025-09-08T18:51:19.61400825+03:00,heap_unique_btree,insert,100000,bulk=100000,723.428
2025-09-08T18:51:20.348427459+03:00,heap_unique_btree,insert,100000,bulk=100000,734.406
2025-09-08T18:51:21.086198389+03:00,heap_unique_btree,insert,100000,bulk=100000,737.757
2025-09-08T18:51:21.815769229+03:00,heap_unique_btree,insert,100000,bulk=100000,729.556
2025-09-08T18:51:22.563396022+03:00,heap_unique_btree,insert,100000,bulk=100000,747.611
2025-09-08T18:51:23.31354874+03:00,heap_unique_btree,insert,100000,bulk=100000,750.134
2025-09-08T18:51:24.174771349+03:00,heap_unique_btree,insert,100000,bulk=100000,861.209
2025-09-08T18:51:25.058538965+03:00,heap_unique_btree,insert,100000,bulk=100000,883.751
2025-09-08T18:51:25.781182364+03:00,heap_unique_btree,insert,100000,bulk=100000,722.628
2025-09-08T18:51:26.539809505+03:00,heap_unique_btree,insert,100000,bulk=100000,758.609
2025-09-08T18:51:27.269557355+03:00,heap_unique_btree,insert,100000,bulk=100000,729.733
2025-09-08T18:51:28.018824498+03:00,heap_unique_btree,insert,100000,bulk=100000,749.252
2025-09-08T18:51:28.7469173+03:00,heap_unique_btree,insert,100000,bulk=100000,728.077
2025-09-08T18:51:29.485498906+03:00,heap_unique_btree,insert,100000,bulk=100000,738.568
2025-09-08T18:51:30.235096486+03:00,heap_unique_btree,insert,100000,bulk=100000,749.581
2025-09-08T18:51:30.967115912+03:00,heap_unique_btree,insert,100000,bulk=100000,732.007
2025-09-08T18:51:31.6988617+03:00,heap_unique_btree,insert,100000,bulk=100000,731.730
2025-09-08T18:51:32.440820484+03:00,heap_unique_btree,insert,100000,bulk=100000,741.898
2025-09-08T18:51:33.181354905+03:00,heap_unique_btree,insert,100000,bulk=100000,740.517
2025-09-08T18:51:33.914805698+03:00,heap_unique_btree,insert,100000,bulk=100000,733.438
2025-09-08T18:51:34.651218096+03:00,heap_unique_btree,insert,100000,bulk=100000,736.398
2025-09-08T18:51:35.3896861+03:00,heap_unique_btree,insert,100000,bulk=100000,738.451
2025-09-08T18:51:36.136730273+03:00,heap_unique_btree,insert,100000,bulk=100000,747.024
2025-09-08T18:51:36.934994112+03:00,heap_unique_btree,insert,100000,bulk=100000,798.245
2025-09-08T18:51:37.69474522+03:00,heap_unique_btree,insert,100000,bulk=100000,759.730
2025-09-08T18:51:38.452969646+03:00,heap_unique_btree,insert,100000,bulk=100000,758.211
2025-09-08T18:51:39.187652419+03:00,heap_unique_btree,insert,100000,bulk=100000,734.669
2025-09-08T18:51:39.930535399+03:00,heap_unique_btree,insert,100000,bulk=100000,742.865
2025-09-08T18:51:40.662651051+03:00,heap_unique_btree,insert,100000,bulk=100000,732.100
2025-09-08T18:51:41.417141646+03:00,heap_unique_btree,insert,100000,bulk=100000,754.452
2025-09-08T18:51:42.241255955+03:00,heap_unique_btree,insert,100000,bulk=100000,824.100
2025-09-08T18:51:43.226601931+03:00,heap_unique_btree,insert,100000,bulk=100000,985.333
2025-09-08T18:51:44.027061379+03:00,heap_unique_btree,insert,100000,bulk=100000,800.443
2025-09-08T18:51:44.814056254+03:00,heap_unique_btree,insert,100000,bulk=100000,786.981
2025-09-08T18:51:45.610525961+03:00,heap_unique_btree,insert,100000,bulk=100000,796.454
2025-09-08T18:51:46.368030913+03:00,heap_unique_btree,insert,100000,bulk=100000,757.494
2025-09-08T18:51:47.110459536+03:00,heap_unique_btree,insert,100000,bulk=100000,742.415
2025-09-08T18:51:47.856944335+03:00,heap_unique_btree,insert,100000,bulk=100000,746.472
2025-09-08T18:51:48.599947351+03:00,heap_unique_btree,insert,100000,bulk=100000,742.986
2025-09-08T18:51:49.343574274+03:00,heap_unique_btree,insert,100000,bulk=100000,743.614
2025-09-08T18:51:50.079175952+03:00,heap_unique_btree,insert,100000,bulk=100000,735.585
2025-09-08T18:51:50.822359034+03:00,heap_unique_btree,insert,100000,bulk=100000,743.167
2025-09-08T18:51:51.559440613+03:00,heap_unique_btree,insert,100000,bulk=100000,737.067
2025-09-08T18:51:52.282408012+03:00,heap_unique_btree,insert,100000,bulk=100000,722.954
2025-09-08T18:51:53.009336878+03:00,heap_unique_btree,insert,100000,bulk=100000,726.911
2025-09-08T18:51:53.745753009+03:00,heap_unique_btree,insert,100000,bulk=100000,736.344
2025-09-08T18:51:54.487909427+03:00,heap_unique_btree,insert,100000,bulk=100000,742.142
2025-09-08T18:51:55.225064917+03:00,heap_unique_btree,insert,100000,bulk=100000,737.140
2025-09-08T18:51:55.960265312+03:00,heap_unique_btree,insert,100000,bulk=100000,735.186
2025-09-08T18:51:56.704686942+03:00,heap_unique_btree,insert,100000,bulk=100000,744.404
2025-09-08T18:51:57.441987996+03:00,heap_unique_btree,insert,100000,bulk=100000,737.281
2025-09-08T18:51:58.168906413+03:00,heap_unique_btree,insert,100000,bulk=100000,726.883
2025-09-08T18:51:58.899011885+03:00,heap_unique_btree,insert,100000,bulk=100000,730.091
2025-09-08T18:51:59.643221139+03:00,heap_unique_btree,insert,100000,bulk=100000,744.192
2025-09-08T18:52:00.418896104+03:00,heap_unique_btree,insert,100000,bulk=100000,775.659
2025-09-08T18:52:01.206791479+03:00,heap_unique_btree,insert,100000,bulk=100000,787.882
2025-09-08T18:52:02.128522625+03:00,heap_unique_btree,insert,100000,bulk=100000,921.718
2025-09-08T18:52:02.866823084+03:00,heap_unique_btree,insert,100000,bulk=100000,738.286
2025-09-08T18:52:03.621137935+03:00,heap_unique_btree,insert,100000,bulk=100000,754.302
2025-09-08T18:52:04.358168874+03:00,heap_unique_btree,insert,100000,bulk=100000,737.015
2025-09-08T18:52:05.099653462+03:00,heap_unique_btree,insert,100000,bulk=100000,741.472
2025-09-08T18:52:05.851781557+03:00,heap_unique_btree,insert,100000,bulk=100000,752.115
2025-09-08T18:52:06.595117328+03:00,heap_unique_btree,insert,100000,bulk=100000,743.318
2025-09-08T18:52:07.345411786+03:00,heap_unique_btree,insert,100000,bulk=100000,750.281
2025-09-08T18:52:08.090803796+03:00,heap_unique_btree,insert,100000,bulk=100000,745.343
2025-09-08T18:52:08.837846467+03:00,heap_unique_btree,insert,100000,bulk=100000,747.027
2025-09-08T18:52:09.582387455+03:00,heap_unique_btree,insert,100000,bulk=100000,744.511
2025-09-08T18:52:10.31372787+03:00,heap_unique_btree,insert,100000,bulk=100000,731.325
2025-09-08T18:52:11.061594972+03:00,heap_unique_btree,insert,100000,bulk=100000,747.854
2025-09-08T18:52:11.795006224+03:00,heap_unique_btree,insert,100000,bulk=100000,733.395
2025-09-08T18:52:12.555019988+03:00,heap_unique_btree,select,100000,"k in [a,b] (~N/50, cap 1000)",0.590
2025-09-08T18:52:12.555563852+03:00,heap_unique_btree,select,100000,"k in [a,b] (~N/50, cap 1000)",0.531
2025-09-08T18:52:12.556072584+03:00,heap_unique_btree,select,100000,"k in [a,b] (~N/50, cap 1000)",0.501
2025-09-08T18:52:12.556642638+03:00,heap_unique_btree,select,100000,"k in [a,b] (~N/50, cap 1000)",0.562
2025-09-08T18:52:12.557146203+03:00,heap_unique_btree,select,100000,"k in [a,b] (~N/50, cap 1000)",0.496
2025-09-08T18:52:12.557665202+03:00,heap_unique_btree,select,100000,"k in [a,b] (~N/50, cap 1000)",0.512
2025-09-08T18:52:12.55815843+03:00,heap_unique_btree,select,100000,"k in [a,b] (~N/50, cap 1000)",0.486
2025-09-08T18:52:12.558669397+03:00,heap_unique_btree,select,100000,"k in [a,b] (~N/50, cap 1000)",0.504
2025-09-08T18:52:12.55916025+03:00,heap_unique_btree,select,100000,"k in [a,b] (~N/50, cap 1000)",0.484
2025-09-08T18:52:12.559686443+03:00,heap_unique_btree,select,100000,"k in [a,b] (~N/50, cap 1000)",0.517
2025-09-08T18:52:12.560183931+03:00,heap_unique_btree,select,100000,"k in [a,b] (~N/50, cap 1000)",0.489
2025-09-08T18:52:12.560692524+03:00,heap_unique_btree,select,100000,"k in [a,b] (~N/50, cap 1000)",0.500
2025-09-08T18:52:12.561176043+03:00,heap_unique_btree,select,100000,"k in [a,b] (~N/50, cap 1000)",0.475
2025-09-08T18:52:12.561667036+03:00,heap_unique_btree,select,100000,"k in [a,b] (~N/50, cap 1000)",0.483
2025-09-08T18:52:12.562156352+03:00,heap_unique_btree,select,100000,"k in [a,b] (~N/50, cap 1000)",0.482
2025-09-08T18:52:12.562813151+03:00,heap_unique_btree,select,100000,"k in [a,b] (~N/50, cap 1000)",0.650
2025-09-08T18:52:12.563631216+03:00,heap_unique_btree,select,100000,"k in [a,b] (~N/50, cap 1000)",0.810
2025-09-08T18:52:12.564201549+03:00,heap_unique_btree,select,100000,"k in [a,b] (~N/50, cap 1000)",0.562
2025-09-08T18:52:12.564752188+03:00,heap_unique_btree,select,100000,"k in [a,b] (~N/50, cap 1000)",0.542
2025-09-08T18:52:12.565299124+03:00,heap_unique_btree,select,100000,"k in [a,b] (~N/50, cap 1000)",0.540
2025-09-08T18:52:12.565888175+03:00,heap_unique_btree,select,100000,"k in [a,b] (~N/50, cap 1000)",0.580
2025-09-08T18:52:12.566439093+03:00,heap_unique_btree,select,100000,"k in [a,b] (~N/50, cap 1000)",0.544
2025-09-08T18:52:12.566970454+03:00,heap_unique_btree,select,100000,"k in [a,b] (~N/50, cap 1000)",0.523
2025-09-08T18:52:12.567545607+03:00,heap_unique_btree,select,100000,"k in [a,b] (~N/50, cap 1000)",0.567
2025-09-08T18:52:12.568072359+03:00,heap_unique_btree,select,100000,"k in [a,b] (~N/50, cap 1000)",0.520
2025-09-08T18:52:12.568619365+03:00,heap_unique_btree,select,100000,"k in [a,b] (~N/50, cap 1000)",0.540
2025-09-08T18:52:12.56912258+03:00,heap_unique_btree,select,100000,"k in [a,b] (~N/50, cap 1000)",0.497
2025-09-08T18:52:12.569682368+03:00,heap_unique_btree,select,100000,"k in [a,b] (~N/50, cap 1000)",0.553
2025-09-08T18:52:12.570190611+03:00,heap_unique_btree,select,100000,"k in [a,b] (~N/50, cap 1000)",0.500
2025-09-08T18:52:12.570694595+03:00,heap_unique_btree,select,100000,"k in [a,b] (~N/50, cap 1000)",0.498
2025-09-08T18:52:12.571193619+03:00,heap_unique_btree,select,100000,"k in [a,b] (~N/50, cap 1000)",0.492
2025-09-08T18:52:12.57171192+03:00,heap_unique_btree,select,100000,"k in [a,b] (~N/50, cap 1000)",0.511
2025-09-08T18:52:12.572224773+03:00,heap_unique_btree,select,100000,"k in [a,b] (~N/50, cap 1000)",0.504
2025-09-08T18:52:12.572771291+03:00,heap_unique_btree,select,100000,"k in [a,b] (~N/50, cap 1000)",0.537
2025-09-08T18:52:12.573278417+03:00,heap_unique_btree,select,100000,"k in [a,b] (~N/50, cap 1000)",0.499
2025-09-08T18:52:12.573791061+03:00,heap_unique_btree,select,100000,"k in [a,b] (~N/50, cap 1000)",0.504
2025-09-08T18:52:12.574283031+03:00,heap_unique_btree,select,100000,"k in [a,b] (~N/50, cap 1000)",0.485
2025-09-08T18:52:12.574792252+03:00,heap_unique_btree,select,100000,"k in [a,b] (~N/50, cap 1000)",0.501
2025-09-08T18:52:12.575282826+03:00,heap_unique_btree,select,100000,"k in [a,b] (~N/50, cap 1000)",0.483
2025-09-08T18:52:12.575800149+03:00,heap_unique_btree,select,100000,"k in [a,b] (~N/50, cap 1000)",0.509
2025-09-08T18:52:12.576358749+03:00,heap_unique_btree,select,100000,"k in [a,b] (~N/50, cap 1000)",0.513
2025-09-08T18:52:12.576864688+03:00,heap_unique_btree,select,100000,"k in [a,b] (~N/50, cap 1000)",0.499
2025-09-08T18:52:12.577364551+03:00,heap_unique_btree,select,100000,"k in [a,b] (~N/50, cap 1000)",0.492
2025-09-08T18:52:12.577891303+03:00,heap_unique_btree,select,100000,"k in [a,b] (~N/50, cap 1000)",0.520
2025-09-08T18:52:12.578398149+03:00,heap_unique_btree,select,100000,"k in [a,b] (~N/50, cap 1000)",0.499
2025-09-08T18:52:12.578913936+03:00,heap_unique_btree,select,100000,"k in [a,b] (~N/50, cap 1000)",0.509
2025-09-08T18:52:12.579726204+03:00,heap_unique_btree,select,100000,"k in [a,b] (~N/50, cap 1000)",0.802
2025-09-08T18:52:12.58042826+03:00,heap_unique_btree,select,100000,"k in [a,b] (~N/50, cap 1000)",0.691
2025-09-08T18:52:12.580976384+03:00,heap_unique_btree,select,100000,"k in [a,b] (~N/50, cap 1000)",0.539
2025-09-08T18:52:12.581526603+03:00,heap_unique_btree,select,100000,"k in [a,b] (~N/50, cap 1000)",0.542
2025-09-08T18:52:12.582047139+03:00,heap_unique_btree,select,100000,"k in [a,b] (~N/50, cap 1000)",0.512
2025-09-08T18:52:12.582631441+03:00,heap_unique_btree,select,100000,"k in [a,b] (~N/50, cap 1000)",0.577
2025-09-08T18:52:12.583188016+03:00,heap_unique_btree,select,100000,"k in [a,b] (~N/50, cap 1000)",0.549
2025-09-08T18:52:12.583734254+03:00,heap_unique_btree,select,100000,"k in [a,b] (~N/50, cap 1000)",0.539
2025-09-08T18:52:12.584249691+03:00,heap_unique_btree,select,100000,"k in [a,b] (~N/50, cap 1000)",0.508
2025-09-08T18:52:12.584721477+03:00,heap_unique_btree,select,100000,"k in [a,b] (~N/50, cap 1000)",0.464
2025-09-08T18:52:12.585229651+03:00,heap_unique_btree,select,100000,"k in [a,b] (~N/50, cap 1000)",0.500
2025-09-08T18:52:12.585755984+03:00,heap_unique_btree,select,100000,"k in [a,b] (~N/50, cap 1000)",0.520
2025-09-08T18:52:12.586289371+03:00,heap_unique_btree,select,100000,"k in [a,b] (~N/50, cap 1000)",0.524
2025-09-08T18:52:12.586819196+03:00,heap_unique_btree,select,100000,"k in [a,b] (~N/50, cap 1000)",0.522
2025-09-08T18:52:12.58732723+03:00,heap_unique_btree,select,100000,"k in [a,b] (~N/50, cap 1000)",0.499
2025-09-08T18:52:12.587828908+03:00,heap_unique_btree,select,100000,"k in [a,b] (~N/50, cap 1000)",0.494
2025-09-08T18:52:12.588336593+03:00,heap_unique_btree,select,100000,"k in [a,b] (~N/50, cap 1000)",0.491
2025-09-08T18:52:12.588831008+03:00,heap_unique_btree,select,100000,"k in [a,b] (~N/50, cap 1000)",0.488
2025-09-08T18:52:12.58932682+03:00,heap_unique_btree,select,100000,"k in [a,b] (~N/50, cap 1000)",0.490
2025-09-08T18:52:12.589835203+03:00,heap_unique_btree,select,100000,"k in [a,b] (~N/50, cap 1000)",0.501
2025-09-08T18:52:12.590343168+03:00,heap_unique_btree,select,100000,"k in [a,b] (~N/50, cap 1000)",0.500
2025-09-08T18:52:12.590855113+03:00,heap_unique_btree,select,100000,"k in [a,b] (~N/50, cap 1000)",0.504
2025-09-08T18:52:12.591353718+03:00,heap_unique_btree,select,100000,"k in [a,b] (~N/50, cap 1000)",0.492
2025-09-08T18:52:12.591860635+03:00,heap_unique_btree,select,100000,"k in [a,b] (~N/50, cap 1000)",0.499
2025-09-08T18:52:12.592353513+03:00,heap_unique_btree,select,100000,"k in [a,b] (~N/50, cap 1000)",0.486
2025-09-08T18:52:12.592889554+03:00,heap_unique_btree,select,100000,"k in [a,b] (~N/50, cap 1000)",0.529
2025-09-08T18:52:12.593426713+03:00,heap_unique_btree,select,100000,"k in [a,b] (~N/50, cap 1000)",0.530
2025-09-08T18:52:12.593935585+03:00,heap_unique_btree,select,100000,"k in [a,b] (~N/50, cap 1000)",0.502
2025-09-08T18:52:12.59443454+03:00,heap_unique_btree,select,100000,"k in [a,b] (~N/50, cap 1000)",0.492
2025-09-08T18:52:12.594932866+03:00,heap_unique_btree,select,100000,"k in [a,b] (~N/50, cap 1000)",0.492
2025-09-08T18:52:12.595401509+03:00,heap_unique_btree,select,100000,"k in [a,b] (~N/50, cap 1000)",0.461
2025-09-08T18:52:12.59604385+03:00,heap_unique_btree,select,100000,"k in [a,b] (~N/50, cap 1000)",0.634
2025-09-08T18:52:12.596677391+03:00,heap_unique_btree,select,100000,"k in [a,b] (~N/50, cap 1000)",0.625
2025-09-08T18:52:12.597247655+03:00,heap_unique_btree,select,100000,"k in [a,b] (~N/50, cap 1000)",0.531
2025-09-08T18:52:12.597777829+03:00,heap_unique_btree,select,100000,"k in [a,b] (~N/50, cap 1000)",0.523
2025-09-08T18:52:12.598276504+03:00,heap_unique_btree,select,100000,"k in [a,b] (~N/50, cap 1000)",0.491
2025-09-08T18:52:12.598793269+03:00,heap_unique_btree,select,100000,"k in [a,b] (~N/50, cap 1000)",0.509
2025-09-08T18:52:12.599289918+03:00,heap_unique_btree,select,100000,"k in [a,b] (~N/50, cap 1000)",0.489
2025-09-08T18:52:12.599819464+03:00,heap_unique_btree,select,100000,"k in [a,b] (~N/50, cap 1000)",0.522
2025-09-08T18:52:12.600388052+03:00,heap_unique_btree,select,100000,"k in [a,b] (~N/50, cap 1000)",0.562
2025-09-08T18:52:12.600927655+03:00,heap_unique_btree,select,100000,"k in [a,b] (~N/50, cap 1000)",0.532
2025-09-08T18:52:12.601458457+03:00,heap_unique_btree,select,100000,"k in [a,b] (~N/50, cap 1000)",0.522
2025-09-08T18:52:12.601977527+03:00,heap_unique_btree,select,100000,"k in [a,b] (~N/50, cap 1000)",0.511
2025-09-08T18:52:12.602505955+03:00,heap_unique_btree,select,100000,"k in [a,b] (~N/50, cap 1000)",0.520
2025-09-08T18:52:12.603015875+03:00,heap_unique_btree,select,100000,"k in [a,b] (~N/50, cap 1000)",0.503
2025-09-08T18:52:12.603570983+03:00,heap_unique_btree,select,100000,"k in [a,b] (~N/50, cap 1000)",0.547
2025-09-08T18:52:12.604122459+03:00,heap_unique_btree,select,100000,"k in [a,b] (~N/50, cap 1000)",0.545
2025-09-08T18:52:12.604644112+03:00,heap_unique_btree,select,100000,"k in [a,b] (~N/50, cap 1000)",0.513
2025-09-08T18:52:12.6051328+03:00,heap_unique_btree,select,100000,"k in [a,b] (~N/50, cap 1000)",0.482
2025-09-08T18:52:12.605649355+03:00,heap_unique_btree,select,100000,"k in [a,b] (~N/50, cap 1000)",0.509
2025-09-08T18:52:12.606144538+03:00,heap_unique_btree,select,100000,"k in [a,b] (~N/50, cap 1000)",0.487
2025-09-08T18:52:12.606620584+03:00,heap_unique_btree,select,100000,"k in [a,b] (~N/50, cap 1000)",0.470
2025-09-08T18:52:12.607140212+03:00,heap_unique_btree,select,100000,"k in [a,b] (~N/50, cap 1000)",0.513
2025-09-08T18:52:12.607661516+03:00,heap_unique_btree,select,100000,"k in [a,b] (~N/50, cap 1000)",0.514
2025-09-08T18:52:15.582609879+03:00,heap_unique_btree,delete,100000,k%7=0,736.812
2025-09-08T18:52:16.369207873+03:00,heap_unique_btree,delete,100000,k%7=0,786.583
2025-09-08T18:52:17.107372071+03:00,heap_unique_btree,delete,100000,k%7=0,738.146
2025-09-08T18:52:17.880745401+03:00,heap_unique_btree,delete,100000,k%7=0,773.331
2025-09-08T18:52:18.652583807+03:00,heap_unique_btree,delete,100000,k%7=0,771.818
2025-09-08T18:52:19.409230571+03:00,heap_unique_btree,delete,100000,k%7=0,756.627
2025-09-08T18:52:20.358672882+03:00,heap_unique_btree,delete,100000,k%7=0,949.429
2025-09-08T18:52:21.110611433+03:00,heap_unique_btree,delete,100000,k%7=0,751.920
2025-09-08T18:52:21.87460445+03:00,heap_unique_btree,delete,100000,k%7=0,763.976
2025-09-08T18:52:22.633978789+03:00,heap_unique_btree,delete,100000,k%7=0,759.350
2025-09-08T18:52:23.429123096+03:00,heap_unique_btree,delete,100000,k%7=0,795.120
2025-09-08T18:52:24.208723404+03:00,heap_unique_btree,delete,100000,k%7=0,779.579
2025-09-08T18:52:24.969728995+03:00,heap_unique_btree,delete,100000,k%7=0,760.987
2025-09-08T18:52:25.729470651+03:00,heap_unique_btree,delete,100000,k%7=0,759.723
2025-09-08T18:52:26.491560974+03:00,heap_unique_btree,delete,100000,k%7=0,762.072
2025-09-08T18:52:27.245607681+03:00,heap_unique_btree,delete,100000,k%7=0,754.030
2025-09-08T18:52:27.997845262+03:00,heap_unique_btree,delete,100000,k%7=0,752.223
2025-09-08T18:52:28.735668478+03:00,heap_unique_btree,delete,100000,k%7=0,737.806
2025-09-08T18:52:29.47463425+03:00,heap_unique_btree,delete,100000,k%7=0,738.951
2025-09-08T18:52:30.204235965+03:00,heap_unique_btree,delete,100000,k%7=0,729.587
2025-09-08T18:52:30.941735191+03:00,heap_unique_btree,delete,100000,k%7=0,737.485
2025-09-08T18:52:31.658465294+03:00,heap_unique_btree,delete,100000,k%7=0,716.709
2025-09-08T18:52:32.390512973+03:00,heap_unique_btree,delete,100000,k%7=0,732.028
2025-09-08T18:52:33.103522432+03:00,heap_unique_btree,delete,100000,k%7=0,712.995
2025-09-08T18:52:33.861452136+03:00,heap_unique_btree,delete,100000,k%7=0,757.910
2025-09-08T18:52:34.592164857+03:00,heap_unique_btree,delete,100000,k%7=0,730.696
2025-09-08T18:52:35.356590337+03:00,heap_unique_btree,delete,100000,k%7=0,764.407
2025-09-08T18:52:36.111449776+03:00,heap_unique_btree,delete,100000,k%7=0,754.842
2025-09-08T18:52:36.871711395+03:00,heap_unique_btree,delete,100000,k%7=0,760.244
2025-09-08T18:52:37.634096579+03:00,heap_unique_btree,delete,100000,k%7=0,762.370
2025-09-08T18:52:38.627286103+03:00,heap_unique_btree,delete,100000,k%7=0,993.172
2025-09-08T18:52:39.333973241+03:00,heap_unique_btree,delete,100000,k%7=0,706.666
2025-09-08T18:52:40.093489516+03:00,heap_unique_btree,delete,100000,k%7=0,759.503
2025-09-08T18:52:40.812200604+03:00,heap_unique_btree,delete,100000,k%7=0,718.691
2025-09-08T18:52:41.556129092+03:00,heap_unique_btree,delete,100000,k%7=0,743.901
2025-09-08T18:52:42.302992854+03:00,heap_unique_btree,delete,100000,k%7=0,746.846
2025-09-08T18:52:43.051640257+03:00,heap_unique_btree,delete,100000,k%7=0,748.634
2025-09-08T18:52:43.798305325+03:00,heap_unique_btree,delete,100000,k%7=0,746.647
2025-09-08T18:52:44.531037029+03:00,heap_unique_btree,delete,100000,k%7=0,732.708
2025-09-08T18:52:45.256856775+03:00,heap_unique_btree,delete,100000,k%7=0,725.793
2025-09-08T18:52:45.975368975+03:00,heap_unique_btree,delete,100000,k%7=0,718.470
2025-09-08T18:52:46.689313899+03:00,heap_unique_btree,delete,100000,k%7=0,713.916
2025-09-08T18:52:47.41762815+03:00,heap_unique_btree,delete,100000,k%7=0,728.300
2025-09-08T18:52:48.135144335+03:00,heap_unique_btree,delete,100000,k%7=0,717.500
2025-09-08T18:52:48.852799232+03:00,heap_unique_btree,delete,100000,k%7=0,717.630
2025-09-08T18:52:49.574901562+03:00,heap_unique_btree,delete,100000,k%7=0,722.083
2025-09-08T18:52:50.29850963+03:00,heap_unique_btree,delete,100000,k%7=0,723.584
2025-09-08T18:52:51.018096449+03:00,heap_unique_btree,delete,100000,k%7=0,719.559
2025-09-08T18:52:51.777480012+03:00,heap_unique_btree,delete,100000,k%7=0,759.353
2025-09-08T18:52:52.551658802+03:00,heap_unique_btree,delete,100000,k%7=0,774.163
2025-09-08T18:52:53.367896953+03:00,heap_unique_btree,delete,100000,k%7=0,816.224
2025-09-08T18:52:54.181925641+03:00,heap_unique_btree,delete,100000,k%7=0,813.972
2025-09-08T18:52:54.920812193+03:00,heap_unique_btree,delete,100000,k%7=0,738.853
2025-09-08T18:52:55.870690542+03:00,heap_unique_btree,delete,100000,k%7=0,949.842
2025-09-08T18:52:56.784073471+03:00,heap_unique_btree,delete,100000,k%7=0,913.366
2025-09-08T18:52:57.592785277+03:00,heap_unique_btree,delete,100000,k%7=0,808.697
2025-09-08T18:52:58.361190915+03:00,heap_unique_btree,delete,100000,k%7=0,768.386
2025-09-08T18:52:59.123794671+03:00,heap_unique_btree,delete,100000,k%7=0,762.577
2025-09-08T18:52:59.85991702+03:00,heap_unique_btree,delete,100000,k%7=0,736.108
2025-09-08T18:53:00.597879444+03:00,heap_unique_btree,delete,100000,k%7=0,737.943
2025-09-08T18:53:01.366846141+03:00,heap_unique_btree,delete,100000,k%7=0,768.947
2025-09-08T18:53:02.11436882+03:00,heap_unique_btree,delete,100000,k%7=0,747.508
2025-09-08T18:53:02.874452258+03:00,heap_unique_btree,delete,100000,k%7=0,760.054
2025-09-08T18:53:03.597310906+03:00,heap_unique_btree,delete,100000,k%7=0,722.842
2025-09-08T18:53:04.384446584+03:00,heap_unique_btree,delete,100000,k%7=0,787.120
2025-09-08T18:53:05.147504903+03:00,heap_unique_btree,delete,100000,k%7=0,763.042
2025-09-08T18:53:05.946939014+03:00,heap_unique_btree,delete,100000,k%7=0,799.414
2025-09-08T18:53:06.707831735+03:00,heap_unique_btree,delete,100000,k%7=0,760.878
2025-09-08T18:53:07.439094897+03:00,heap_unique_btree,delete,100000,k%7=0,731.247
2025-09-08T18:53:08.241737863+03:00,heap_unique_btree,delete,100000,k%7=0,802.613
2025-09-08T18:53:08.968542566+03:00,heap_unique_btree,delete,100000,k%7=0,726.785
2025-09-08T18:53:09.717065496+03:00,heap_unique_btree,delete,100000,k%7=0,748.505
2025-09-08T18:53:10.428761458+03:00,heap_unique_btree,delete,100000,k%7=0,711.673
2025-09-08T18:53:11.190242901+03:00,heap_unique_btree,delete,100000,k%7=0,761.467
2025-09-08T18:53:11.978645838+03:00,heap_unique_btree,delete,100000,k%7=0,788.387
2025-09-08T18:53:12.772558095+03:00,heap_unique_btree,delete,100000,k%7=0,793.883
2025-09-08T18:53:13.526770971+03:00,heap_unique_btree,delete,100000,k%7=0,754.197
2025-09-08T18:53:14.510842572+03:00,heap_unique_btree,delete,100000,k%7=0,984.050
2025-09-08T18:53:15.303555016+03:00,heap_unique_btree,delete,100000,k%7=0,792.678
2025-09-08T18:53:16.11198957+03:00,heap_unique_btree,delete,100000,k%7=0,808.410
2025-09-08T18:53:16.872347554+03:00,heap_unique_btree,delete,100000,k%7=0,760.337
2025-09-08T18:53:17.661274197+03:00,heap_unique_btree,delete,100000,k%7=0,788.911
2025-09-08T18:53:18.421938727+03:00,heap_unique_btree,delete,100000,k%7=0,760.620
2025-09-08T18:53:19.156136024+03:00,heap_unique_btree,delete,100000,k%7=0,734.184
2025-09-08T18:53:19.877406666+03:00,heap_unique_btree,delete,100000,k%7=0,721.256
2025-09-08T18:53:20.68025021+03:00,heap_unique_btree,delete,100000,k%7=0,802.827
2025-09-08T18:53:21.384585797+03:00,heap_unique_btree,delete,100000,k%7=0,704.318
2025-09-08T18:53:22.102045422+03:00,heap_unique_btree,delete,100000,k%7=0,717.441
2025-09-08T18:53:22.829372539+03:00,heap_unique_btree,delete,100000,k%7=0,727.307
2025-09-08T18:53:23.613579254+03:00,heap_unique_btree,delete,100000,k%7=0,784.151
2025-09-08T18:53:24.38437279+03:00,heap_unique_btree,delete,100000,k%7=0,770.777
2025-09-08T18:53:25.114323969+03:00,heap_unique_btree,delete,100000,k%7=0,729.901
2025-09-08T18:53:25.860596087+03:00,heap_unique_btree,delete,100000,k%7=0,746.251
2025-09-08T18:53:26.631598532+03:00,heap_unique_btree,delete,100000,k%7=0,770.983
2025-09-08T18:53:27.429361765+03:00,heap_unique_btree,delete,100000,k%7=0,797.749
2025-09-08T18:53:28.236386816+03:00,heap_unique_btree,delete,100000,k%7=0,806.993
2025-09-08T18:53:29.007852048+03:00,heap_unique_btree,delete,100000,k%7=0,771.408
2025-09-08T18:53:29.818518835+03:00,heap_unique_btree,delete,100000,k%7=0,810.650
2025-09-08T18:53:30.655394795+03:00,heap_unique_btree,delete,100000,k%7=0,836.854
2025-09-08T18:53:31.416200815+03:00,heap_unique_btree,delete,100000,k%7=0,760.788
2025-09-08T18:53:35.494871192+03:00,heap_unique_btree,insert,130000,bulk=130000,947.407
2025-09-08T18:53:36.469557066+03:00,heap_unique_btree,insert,130000,bulk=130000,974.671
2025-09-08T18:53:37.420135685+03:00,heap_unique_btree,insert,130000,bulk=130000,950.564
2025-09-08T18:53:38.448997636+03:00,heap_unique_btree,insert,130000,bulk=130000,1028.845
2025-09-08T18:53:39.41688785+03:00,heap_unique_btree,insert,130000,bulk=130000,967.879
2025-09-08T18:53:40.377794168+03:00,heap_unique_btree,insert,130000,bulk=130000,960.894
2025-09-08T18:53:41.360001898+03:00,heap_unique_btree,insert,130000,bulk=130000,982.195
2025-09-08T18:53:42.344911072+03:00,heap_unique_btree,insert,130000,bulk=130000,984.895
2025-09-08T18:53:43.325397335+03:00,heap_unique_btree,insert,130000,bulk=130000,980.470
2025-09-08T18:53:44.279015678+03:00,heap_unique_btree,insert,130000,bulk=130000,953.596
2025-09-08T18:53:45.233154422+03:00,heap_unique_btree,insert,130000,bulk=130000,954.125
2025-09-08T18:53:46.176632131+03:00,heap_unique_btree,insert,130000,bulk=130000,943.464
2025-09-08T18:53:47.147728299+03:00,heap_unique_btree,insert,130000,bulk=130000,971.085
2025-09-08T18:53:48.114218289+03:00,heap_unique_btree,insert,130000,bulk=130000,966.478
2025-09-08T18:53:49.097297977+03:00,heap_unique_btree,insert,130000,bulk=130000,983.065
2025-09-08T18:53:50.052652426+03:00,heap_unique_btree,insert,130000,bulk=130000,955.341
2025-09-08T18:53:51.214094542+03:00,heap_unique_btree,insert,130000,bulk=130000,1161.425
2025-09-08T18:53:52.179222695+03:00,heap_unique_btree,insert,130000,bulk=130000,965.115
2025-09-08T18:53:53.184482642+03:00,heap_unique_btree,insert,130000,bulk=130000,1005.248
2025-09-08T18:53:54.145062032+03:00,heap_unique_btree,insert,130000,bulk=130000,960.556
2025-09-08T18:53:55.102644974+03:00,heap_unique_btree,insert,130000,bulk=130000,957.567
2025-09-08T18:53:56.047001215+03:00,heap_unique_btree,insert,130000,bulk=130000,944.339
2025-09-08T18:53:56.986440339+03:00,heap_unique_btree,insert,130000,bulk=130000,939.423
2025-09-08T18:53:57.936521511+03:00,heap_unique_btree,insert,130000,bulk=130000,950.065
2025-09-08T18:53:58.876263552+03:00,heap_unique_btree,insert,130000,bulk=130000,939.727
2025-09-08T18:53:59.824789202+03:00,heap_unique_btree,insert,130000,bulk=130000,948.511
2025-09-08T18:54:00.776995558+03:00,heap_unique_btree,insert,130000,bulk=130000,952.187
2025-09-08T18:54:01.719296573+03:00,heap_unique_btree,insert,130000,bulk=130000,942.286
2025-09-08T18:54:02.678046764+03:00,heap_unique_btree,insert,130000,bulk=130000,958.735
2025-09-08T18:54:03.648072546+03:00,heap_unique_btree,insert,130000,bulk=130000,970.008
2025-09-08T18:54:04.604616212+03:00,heap_unique_btree,insert,130000,bulk=130000,956.531
2025-09-08T18:54:05.578660114+03:00,heap_unique_btree,insert,130000,bulk=130000,974.027
2025-09-08T18:54:06.532208454+03:00,heap_unique_btree,insert,130000,bulk=130000,953.535
2025-09-08T18:54:07.479237489+03:00,heap_unique_btree,insert,130000,bulk=130000,947.017
2025-09-08T18:54:08.448041122+03:00,heap_unique_btree,insert,130000,bulk=130000,968.790
2025-09-08T18:54:09.631897218+03:00,heap_unique_btree,insert,130000,bulk=130000,1183.842
2025-09-08T18:54:10.632329538+03:00,heap_unique_btree,insert,130000,bulk=130000,1000.416
2025-09-08T18:54:11.599326711+03:00,heap_unique_btree,insert,130000,bulk=130000,966.982
2025-09-08T18:54:12.554462533+03:00,heap_unique_btree,insert,130000,bulk=130000,955.122
2025-09-08T18:54:13.525350783+03:00,heap_unique_btree,insert,130000,bulk=130000,970.873
2025-09-08T18:54:14.501586251+03:00,heap_unique_btree,insert,130000,bulk=130000,976.220
2025-09-08T18:54:15.440926223+03:00,heap_unique_btree,insert,130000,bulk=130000,939.324
2025-09-08T18:54:16.369985102+03:00,heap_unique_btree,insert,130000,bulk=130000,929.043
2025-09-08T18:54:17.305552609+03:00,heap_unique_btree,insert,130000,bulk=130000,935.555
2025-09-08T18:54:18.254591977+03:00,heap_unique_btree,insert,130000,bulk=130000,949.027
2025-09-08T18:54:19.205126328+03:00,heap_unique_btree,insert,130000,bulk=130000,950.515
2025-09-08T18:54:20.173671396+03:00,heap_unique_btree,insert,130000,bulk=130000,968.532
2025-09-08T18:54:21.125460199+03:00,heap_unique_btree,insert,130000,bulk=130000,951.730
2025-09-08T18:54:22.109835574+03:00,heap_unique_btree,insert,130000,bulk=130000,984.345
2025-09-08T18:54:23.101786354+03:00,heap_unique_btree,insert,130000,bulk=130000,991.935
2025-09-08T18:54:24.068971747+03:00,heap_unique_btree,insert,130000,bulk=130000,967.165
2025-09-08T18:54:25.026732036+03:00,heap_unique_btree,insert,130000,bulk=130000,957.744
2025-09-08T18:54:25.979109286+03:00,heap_unique_btree,insert,130000,bulk=130000,952.358
2025-09-08T18:54:27.031156929+03:00,heap_unique_btree,insert,130000,bulk=130000,1052.021
2025-09-08T18:54:28.119068366+03:00,heap_unique_btree,insert,130000,bulk=130000,1087.894
2025-09-08T18:54:29.10872499+03:00,heap_unique_btree,insert,130000,bulk=130000,989.641
2025-09-08T18:54:30.094746107+03:00,heap_unique_btree,insert,130000,bulk=130000,986.007
2025-09-08T18:54:31.053086398+03:00,heap_unique_btree,insert,130000,bulk=130000,958.324
2025-09-08T18:54:32.01181006+03:00,heap_unique_btree,insert,130000,bulk=130000,958.710
2025-09-08T18:54:32.956451867+03:00,heap_unique_btree,insert,130000,bulk=130000,944.625
2025-09-08T18:54:33.902462661+03:00,heap_unique_btree,insert,130000,bulk=130000,945.998
2025-09-08T18:54:34.839840854+03:00,heap_unique_btree,insert,130000,bulk=130000,937.365
2025-09-08T18:54:35.7909158+03:00,heap_unique_btree,insert,130000,bulk=130000,951.059
2025-09-08T18:54:36.722057343+03:00,heap_unique_btree,insert,130000,bulk=130000,931.125
2025-09-08T18:54:37.659246695+03:00,heap_unique_btree,insert,130000,bulk=130000,937.158
2025-09-08T18:54:38.654907381+03:00,heap_unique_btree,insert,130000,bulk=130000,995.644
2025-09-08T18:54:39.616220423+03:00,heap_unique_btree,insert,130000,bulk=130000,961.290
2025-09-08T18:54:40.593785828+03:00,heap_unique_btree,insert,130000,bulk=130000,977.552
2025-09-08T18:54:41.577539774+03:00,heap_unique_btree,insert,130000,bulk=130000,983.729
2025-09-08T18:54:42.530415084+03:00,heap_unique_btree,insert,130000,bulk=130000,952.861
2025-09-08T18:54:43.483339428+03:00,heap_unique_btree,insert,130000,bulk=130000,952.877
2025-09-08T18:54:44.426533455+03:00,heap_unique_btree,insert,130000,bulk=130000,943.179
2025-09-08T18:54:45.572196316+03:00,heap_unique_btree,insert,130000,bulk=130000,1145.648
2025-09-08T18:54:46.565737182+03:00,heap_unique_btree,insert,130000,bulk=130000,993.305
2025-09-08T18:54:47.561471668+03:00,heap_unique_btree,insert,130000,bulk=130000,995.720
2025-09-08T18:54:48.529911277+03:00,heap_unique_btree,insert,130000,bulk=130000,968.426
2025-09-08T18:54:49.491952755+03:00,heap_unique_btree,insert,130000,bulk=130000,962.029
2025-09-08T18:54:50.445892364+03:00,heap_unique_btree,insert,130000,bulk=130000,953.926
2025-09-08T18:54:51.402063586+03:00,heap_unique_btree,insert,130000,bulk=130000,956.158
2025-09-08T18:54:52.36200638+03:00,heap_unique_btree,insert,130000,bulk=130000,959.927
2025-09-08T18:54:53.31031404+03:00,heap_unique_btree,insert,130000,bulk=130000,948.289
2025-09-08T18:54:54.264565793+03:00,heap_unique_btree,insert,130000,bulk=130000,954.214
2025-09-08T18:54:55.197326094+03:00,heap_unique_btree,insert,130000,bulk=130000,932.744
2025-09-08T18:54:56.141808631+03:00,heap_unique_btree,insert,130000,bulk=130000,944.467
2025-09-08T18:54:57.079715358+03:00,heap_unique_btree,insert,130000,bulk=130000,937.892
2025-09-08T18:54:58.046220445+03:00,heap_unique_btree,insert,130000,bulk=130000,966.493
2025-09-08T18:54:59.018565629+03:00,heap_unique_btree,insert,130000,bulk=130000,972.331
2025-09-08T18:54:59.980612116+03:00,heap_unique_btree,insert,130000,bulk=130000,962.031
2025-09-08T18:55:00.954644496+03:00,heap_unique_btree,insert,130000,bulk=130000,974.020
2025-09-08T18:55:01.899532148+03:00,heap_unique_btree,insert,130000,bulk=130000,944.875
2025-09-08T18:55:02.88956665+03:00,heap_unique_btree,insert,130000,bulk=130000,990.019
2025-09-08T18:55:04.05862617+03:00,heap_unique_btree,insert,130000,bulk=130000,1169.047
2025-09-08T18:55:05.017739294+03:00,heap_unique_btree,insert,130000,bulk=130000,959.097
2025-09-08T18:55:06.001398934+03:00,heap_unique_btree,insert,130000,bulk=130000,983.640
2025-09-08T18:55:06.958283881+03:00,heap_unique_btree,insert,130000,bulk=130000,956.839
2025-09-08T18:55:07.914046184+03:00,heap_unique_btree,insert,130000,bulk=130000,955.741
2025-09-08T18:55:08.881495663+03:00,heap_unique_btree,insert,130000,bulk=130000,967.434
2025-09-08T18:55:09.823674368+03:00,heap_unique_btree,insert,130000,bulk=130000,942.162
2025-09-08T18:55:10.776118744+03:00,heap_unique_btree,insert,130000,bulk=130000,952.423
2025-09-08T18:55:11.725803296+03:00,heap_unique_btree,insert,130000,bulk=130000,949.669
2025-09-08T18:55:12.713348099+03:00,heap_unique_btree,select,130000,"k in [a,b] (~N/50, cap 1000)",0.598
2025-09-08T18:55:12.714204648+03:00,heap_unique_btree,select,130000,"k in [a,b] (~N/50, cap 1000)",0.707
2025-09-08T18:55:12.714962579+03:00,heap_unique_btree,select,130000,"k in [a,b] (~N/50, cap 1000)",0.748
2025-09-08T18:55:12.715670853+03:00,heap_unique_btree,select,130000,"k in [a,b] (~N/50, cap 1000)",0.701
2025-09-08T18:55:12.716294337+03:00,heap_unique_btree,select,130000,"k in [a,b] (~N/50, cap 1000)",0.616
2025-09-08T18:55:12.716941987+03:00,heap_unique_btree,select,130000,"k in [a,b] (~N/50, cap 1000)",0.640
2025-09-08T18:55:12.717536137+03:00,heap_unique_btree,select,130000,"k in [a,b] (~N/50, cap 1000)",0.584
2025-09-08T18:55:12.718333181+03:00,heap_unique_btree,select,130000,"k in [a,b] (~N/50, cap 1000)",0.786
2025-09-08T18:55:12.719109341+03:00,heap_unique_btree,select,130000,"k in [a,b] (~N/50, cap 1000)",0.766
2025-09-08T18:55:12.719897304+03:00,heap_unique_btree,select,130000,"k in [a,b] (~N/50, cap 1000)",0.778
2025-09-08T18:55:12.720640918+03:00,heap_unique_btree,select,130000,"k in [a,b] (~N/50, cap 1000)",0.733
2025-09-08T18:55:12.721415123+03:00,heap_unique_btree,select,130000,"k in [a,b] (~N/50, cap 1000)",0.765
2025-09-08T18:55:12.722150006+03:00,heap_unique_btree,select,130000,"k in [a,b] (~N/50, cap 1000)",0.727
2025-09-08T18:55:12.722927214+03:00,heap_unique_btree,select,130000,"k in [a,b] (~N/50, cap 1000)",0.769
2025-09-08T18:55:12.723602381+03:00,heap_unique_btree,select,130000,"k in [a,b] (~N/50, cap 1000)",0.668
2025-09-08T18:55:12.724189059+03:00,heap_unique_btree,select,130000,"k in [a,b] (~N/50, cap 1000)",0.578
2025-09-08T18:55:12.724783978+03:00,heap_unique_btree,select,130000,"k in [a,b] (~N/50, cap 1000)",0.589
2025-09-08T18:55:12.725358642+03:00,heap_unique_btree,select,130000,"k in [a,b] (~N/50, cap 1000)",0.567
2025-09-08T18:55:12.725987644+03:00,heap_unique_btree,select,130000,"k in [a,b] (~N/50, cap 1000)",0.619
2025-09-08T18:55:12.726612665+03:00,heap_unique_btree,select,130000,"k in [a,b] (~N/50, cap 1000)",0.616
2025-09-08T18:55:12.727196968+03:00,heap_unique_btree,select,130000,"k in [a,b] (~N/50, cap 1000)",0.578
2025-09-08T18:55:12.727784623+03:00,heap_unique_btree,select,130000,"k in [a,b] (~N/50, cap 1000)",0.581
2025-09-08T18:55:12.728365224+03:00,heap_unique_btree,select,130000,"k in [a,b] (~N/50, cap 1000)",0.573
2025-09-08T18:55:12.728982353+03:00,heap_unique_btree,select,130000,"k in [a,b] (~N/50, cap 1000)",0.609
2025-09-08T18:55:12.72959117+03:00,heap_unique_btree,select,130000,"k in [a,b] (~N/50, cap 1000)",0.601
2025-09-08T18:55:12.730144602+03:00,heap_unique_btree,select,130000,"k in [a,b] (~N/50, cap 1000)",0.545
2025-09-08T18:55:12.730737845+03:00,heap_unique_btree,select,130000,"k in [a,b] (~N/50, cap 1000)",0.587
2025-09-08T18:55:12.73128995+03:00,heap_unique_btree,select,130000,"k in [a,b] (~N/50, cap 1000)",0.545
2025-09-08T18:55:12.731865034+03:00,heap_unique_btree,select,130000,"k in [a,b] (~N/50, cap 1000)",0.568
2025-09-08T18:55:12.732422308+03:00,heap_unique_btree,select,130000,"k in [a,b] (~N/50, cap 1000)",0.551
2025-09-08T18:55:12.73308225+03:00,heap_unique_btree,select,130000,"k in [a,b] (~N/50, cap 1000)",0.652
2025-09-08T18:55:12.733654609+03:00,heap_unique_btree,select,130000,"k in [a,b] (~N/50, cap 1000)",0.564
2025-09-08T18:55:12.734198054+03:00,heap_unique_btree,select,130000,"k in [a,b] (~N/50, cap 1000)",0.536
2025-09-08T18:55:12.734754001+03:00,heap_unique_btree,select,130000,"k in [a,b] (~N/50, cap 1000)",0.548
2025-09-08T18:55:12.735293535+03:00,heap_unique_btree,select,130000,"k in [a,b] (~N/50, cap 1000)",0.532
2025-09-08T18:55:12.735847735+03:00,heap_unique_btree,select,130000,"k in [a,b] (~N/50, cap 1000)",0.547
2025-09-08T18:55:12.736397815+03:00,heap_unique_btree,select,130000,"k in [a,b] (~N/50, cap 1000)",0.543
2025-09-08T18:55:12.736971083+03:00,heap_unique_btree,select,130000,"k in [a,b] (~N/50, cap 1000)",0.566
2025-09-08T18:55:12.737535341+03:00,heap_unique_btree,select,130000,"k in [a,b] (~N/50, cap 1000)",0.556
2025-09-08T18:55:12.738093871+03:00,heap_unique_btree,select,130000,"k in [a,b] (~N/50, cap 1000)",0.552
2025-09-08T18:55:12.738810386+03:00,heap_unique_btree,select,130000,"k in [a,b] (~N/50, cap 1000)",0.668
2025-09-08T18:55:12.73947857+03:00,heap_unique_btree,select,130000,"k in [a,b] (~N/50, cap 1000)",0.660
2025-09-08T18:55:12.74007712+03:00,heap_unique_btree,select,130000,"k in [a,b] (~N/50, cap 1000)",0.590
2025-09-08T18:55:12.740644242+03:00,heap_unique_btree,select,130000,"k in [a,b] (~N/50, cap 1000)",0.560
2025-09-08T18:55:12.74119935+03:00,heap_unique_btree,select,130000,"k in [a,b] (~N/50, cap 1000)",0.548
2025-09-08T18:55:12.741790358+03:00,heap_unique_btree,select,130000,"k in [a,b] (~N/50, cap 1000)",0.583
2025-09-08T18:55:12.742355943+03:00,heap_unique_btree,select,130000,"k in [a,b] (~N/50, cap 1000)",0.557
2025-09-08T18:55:12.743024965+03:00,heap_unique_btree,select,130000,"k in [a,b] (~N/50, cap 1000)",0.660
2025-09-08T18:55:12.743590549+03:00,heap_unique_btree,select,130000,"k in [a,b] (~N/50, cap 1000)",0.558
2025-09-08T18:55:12.74412715+03:00,heap_unique_btree,select,130000,"k in [a,b] (~N/50, cap 1000)",0.529
2025-09-08T18:55:12.744684703+03:00,heap_unique_btree,select,130000,"k in [a,b] (~N/50, cap 1000)",0.550
2025-09-08T18:55:12.74522284+03:00,heap_unique_btree,select,130000,"k in [a,b] (~N/50, cap 1000)",0.530
2025-09-08T18:55:12.74579485+03:00,heap_unique_btree,select,130000,"k in [a,b] (~N/50, cap 1000)",0.565
2025-09-08T18:55:12.74635834+03:00,heap_unique_btree,select,130000,"k in [a,b] (~N/50, cap 1000)",0.556
2025-09-08T18:55:12.746943131+03:00,heap_unique_btree,select,130000,"k in [a,b] (~N/50, cap 1000)",0.576
2025-09-08T18:55:12.747495446+03:00,heap_unique_btree,select,130000,"k in [a,b] (~N/50, cap 1000)",0.545
2025-09-08T18:55:12.748034491+03:00,heap_unique_btree,select,130000,"k in [a,b] (~N/50, cap 1000)",0.531
2025-09-08T18:55:12.748578075+03:00,heap_unique_btree,select,130000,"k in [a,b] (~N/50, cap 1000)",0.537
2025-09-08T18:55:12.749110066+03:00,heap_unique_btree,select,130000,"k in [a,b] (~N/50, cap 1000)",0.525
2025-09-08T18:55:12.749660844+03:00,heap_unique_btree,select,130000,"k in [a,b] (~N/50, cap 1000)",0.543
2025-09-08T18:55:12.75020848+03:00,heap_unique_btree,select,130000,"k in [a,b] (~N/50, cap 1000)",0.541
2025-09-08T18:55:12.750812129+03:00,heap_unique_btree,select,130000,"k in [a,b] (~N/50, cap 1000)",0.594
2025-09-08T18:55:12.751370101+03:00,heap_unique_btree,select,130000,"k in [a,b] (~N/50, cap 1000)",0.550
2025-09-08T18:55:12.751939876+03:00,heap_unique_btree,select,130000,"k in [a,b] (~N/50, cap 1000)",0.551
2025-09-08T18:55:12.752535773+03:00,heap_unique_btree,select,130000,"k in [a,b] (~N/50, cap 1000)",0.588
2025-09-08T18:55:12.753262694+03:00,heap_unique_btree,select,130000,"k in [a,b] (~N/50, cap 1000)",0.718
2025-09-08T18:55:12.754246846+03:00,heap_unique_btree,select,130000,"k in [a,b] (~N/50, cap 1000)",0.976
2025-09-08T18:55:12.755087051+03:00,heap_unique_btree,select,130000,"k in [a,b] (~N/50, cap 1000)",0.829
2025-09-08T18:55:12.755733863+03:00,heap_unique_btree,select,130000,"k in [a,b] (~N/50, cap 1000)",0.640
2025-09-08T18:55:12.756349874+03:00,heap_unique_btree,select,130000,"k in [a,b] (~N/50, cap 1000)",0.607
2025-09-08T18:55:12.757045366+03:00,heap_unique_btree,select,130000,"k in [a,b] (~N/50, cap 1000)",0.687
2025-09-08T18:55:12.757741068+03:00,heap_unique_btree,select,130000,"k in [a,b] (~N/50, cap 1000)",0.688
2025-09-08T18:55:12.758411556+03:00,heap_unique_btree,select,130000,"k in [a,b] (~N/50, cap 1000)",0.663
2025-09-08T18:55:12.759045797+03:00,heap_unique_btree,select,130000,"k in [a,b] (~N/50, cap 1000)",0.626
2025-09-08T18:55:12.759649725+03:00,heap_unique_btree,select,130000,"k in [a,b] (~N/50, cap 1000)",0.597
2025-09-08T18:55:12.760240174+03:00,heap_unique_btree,select,130000,"k in [a,b] (~N/50, cap 1000)",0.583
2025-09-08T18:55:12.760835302+03:00,heap_unique_btree,select,130000,"k in [a,b] (~N/50, cap 1000)",0.586
2025-09-08T18:55:12.761416951+03:00,heap_unique_btree,select,130000,"k in [a,b] (~N/50, cap 1000)",0.574
2025-09-08T18:55:12.761965145+03:00,heap_unique_btree,select,130000,"k in [a,b] (~N/50, cap 1000)",0.541
2025-09-08T18:55:12.762594007+03:00,heap_unique_btree,select,130000,"k in [a,b] (~N/50, cap 1000)",0.572
2025-09-08T18:55:12.763151351+03:00,heap_unique_btree,select,130000,"k in [a,b] (~N/50, cap 1000)",0.550
2025-09-08T18:55:12.763721266+03:00,heap_unique_btree,select,130000,"k in [a,b] (~N/50, cap 1000)",0.562
2025-09-08T18:55:12.764273581+03:00,heap_unique_btree,select,130000,"k in [a,b] (~N/50, cap 1000)",0.546
2025-09-08T18:55:12.764858303+03:00,heap_unique_btree,select,130000,"k in [a,b] (~N/50, cap 1000)",0.577
2025-09-08T18:55:12.765416764+03:00,heap_unique_btree,select,130000,"k in [a,b] (~N/50, cap 1000)",0.550
2025-09-08T18:55:12.765969707+03:00,heap_unique_btree,select,130000,"k in [a,b] (~N/50, cap 1000)",0.545
2025-09-08T18:55:12.766525165+03:00,heap_unique_btree,select,130000,"k in [a,b] (~N/50, cap 1000)",0.549
2025-09-08T18:55:12.767084464+03:00,heap_unique_btree,select,130000,"k in [a,b] (~N/50, cap 1000)",0.551
2025-09-08T18:55:12.767638874+03:00,heap_unique_btree,select,130000,"k in [a,b] (~N/50, cap 1000)",0.548
2025-09-08T18:55:12.768145652+03:00,heap_unique_btree,select,130000,"k in [a,b] (~N/50, cap 1000)",0.500
2025-09-08T18:55:12.768679738+03:00,heap_unique_btree,select,130000,"k in [a,b] (~N/50, cap 1000)",0.527
2025-09-08T18:55:12.769223182+03:00,heap_unique_btree,select,130000,"k in [a,b] (~N/50, cap 1000)",0.536
2025-09-08T18:55:12.769772075+03:00,heap_unique_btree,select,130000,"k in [a,b] (~N/50, cap 1000)",0.540
2025-09-08T18:55:12.770331933+03:00,heap_unique_btree,select,130000,"k in [a,b] (~N/50, cap 1000)",0.553
2025-09-08T18:55:12.770886483+03:00,heap_unique_btree,select,130000,"k in [a,b] (~N/50, cap 1000)",0.547
2025-09-08T18:55:12.77144641+03:00,heap_unique_btree,select,130000,"k in [a,b] (~N/50, cap 1000)",0.551
2025-09-08T18:55:12.772011506+03:00,heap_unique_btree,select,130000,"k in [a,b] (~N/50, cap 1000)",0.558
2025-09-08T18:55:12.772570526+03:00,heap_unique_btree,select,130000,"k in [a,b] (~N/50, cap 1000)",0.550
2025-09-08T18:55:12.773099932+03:00,heap_unique_btree,select,130000,"k in [a,b] (~N/50, cap 1000)",0.522
2025-09-08T18:55:12.773648546+03:00,heap_unique_btree,select,130000,"k in [a,b] (~N/50, cap 1000)",0.540
2025-09-08T18:55:16.652886148+03:00,heap_unique_btree,delete,130000,k%7=0,988.545
2025-09-08T18:55:17.622049953+03:00,heap_unique_btree,delete,130000,k%7=0,969.139
2025-09-08T18:55:18.60809268+03:00,heap_unique_btree,delete,130000,k%7=0,986.006
2025-09-08T18:55:19.565804342+03:00,heap_unique_btree,delete,130000,k%7=0,957.693
2025-09-08T18:55:20.541224795+03:00,heap_unique_btree,delete,130000,k%7=0,975.407
2025-09-08T18:55:21.672739296+03:00,heap_unique_btree,delete,130000,k%7=0,1131.497
2025-09-08T18:55:22.713826561+03:00,heap_unique_btree,delete,130000,k%7=0,1041.064
2025-09-08T18:55:23.738107059+03:00,heap_unique_btree,delete,130000,k%7=0,1024.262
2025-09-08T18:55:24.70363203+03:00,heap_unique_btree,delete,130000,k%7=0,965.510
2025-09-08T18:55:25.662680995+03:00,heap_unique_btree,delete,130000,k%7=0,959.028
2025-09-08T18:55:26.609623037+03:00,heap_unique_btree,delete,130000,k%7=0,946.921
2025-09-08T18:55:27.566487545+03:00,heap_unique_btree,delete,130000,k%7=0,956.846
2025-09-08T18:55:28.535717401+03:00,heap_unique_btree,delete,130000,k%7=0,969.211
2025-09-08T18:55:29.522453576+03:00,heap_unique_btree,delete,130000,k%7=0,986.721
2025-09-08T18:55:30.488771914+03:00,heap_unique_btree,delete,130000,k%7=0,966.298
2025-09-08T18:55:31.459003954+03:00,heap_unique_btree,delete,130000,k%7=0,970.209
2025-09-08T18:55:32.419767654+03:00,heap_unique_btree,delete,130000,k%7=0,960.745
2025-09-08T18:55:33.411582867+03:00,heap_unique_btree,delete,130000,k%7=0,991.795
2025-09-08T18:55:34.415024983+03:00,heap_unique_btree,delete,130000,k%7=0,1003.422
2025-09-08T18:55:35.378366026+03:00,heap_unique_btree,delete,130000,k%7=0,963.325
2025-09-08T18:55:36.347234621+03:00,heap_unique_btree,delete,130000,k%7=0,968.828
2025-09-08T18:55:37.293990021+03:00,heap_unique_btree,delete,130000,k%7=0,946.733
2025-09-08T18:55:38.302896428+03:00,heap_unique_btree,delete,130000,k%7=0,1008.892
2025-09-08T18:55:39.437191943+03:00,heap_unique_btree,delete,130000,k%7=0,1134.279
2025-09-08T18:55:40.494812284+03:00,heap_unique_btree,delete,130000,k%7=0,1057.595
2025-09-08T18:55:41.509562362+03:00,heap_unique_btree,delete,130000,k%7=0,1014.735
2025-09-08T18:55:42.494492956+03:00,heap_unique_btree,delete,130000,k%7=0,984.912
2025-09-08T18:55:43.489256688+03:00,heap_unique_btree,delete,130000,k%7=0,994.744
2025-09-08T18:55:44.44180961+03:00,heap_unique_btree,delete,130000,k%7=0,952.523
2025-09-08T18:55:45.410841049+03:00,heap_unique_btree,delete,130000,k%7=0,969.018
2025-09-08T18:55:46.381241825+03:00,heap_unique_btree,delete,130000,k%7=0,970.386
2025-09-08T18:55:47.352387127+03:00,heap_unique_btree,delete,130000,k%7=0,971.114
2025-09-08T18:55:48.315323419+03:00,heap_unique_btree,delete,130000,k%7=0,962.915
2025-09-08T18:55:49.297526063+03:00,heap_unique_btree,delete,130000,k%7=0,982.189
2025-09-08T18:55:50.266556895+03:00,heap_unique_btree,delete,130000,k%7=0,969.016
2025-09-08T18:55:51.271686485+03:00,heap_unique_btree,delete,130000,k%7=0,1005.114
2025-09-08T18:55:52.270057135+03:00,heap_unique_btree,delete,130000,k%7=0,998.356
2025-09-08T18:55:53.270079218+03:00,heap_unique_btree,delete,130000,k%7=0,1000.007
2025-09-08T18:55:54.245218357+03:00,heap_unique_btree,delete,130000,k%7=0,975.111
2025-09-08T18:55:55.216048982+03:00,heap_unique_btree,delete,130000,k%7=0,970.815
2025-09-08T18:55:56.207567327+03:00,heap_unique_btree,delete,130000,k%7=0,991.502
2025-09-08T18:55:57.319452832+03:00,heap_unique_btree,delete,130000,k%7=0,1111.867
2025-09-08T18:55:58.336195315+03:00,heap_unique_btree,delete,130000,k%7=0,1016.728
2025-09-08T18:55:59.341058701+03:00,heap_unique_btree,delete,130000,k%7=0,1004.846
2025-09-08T18:56:00.310113113+03:00,heap_unique_btree,delete,130000,k%7=0,969.034
2025-09-08T18:56:01.32807094+03:00,heap_unique_btree,delete,130000,k%7=0,1017.942
2025-09-08T18:56:02.309900612+03:00,heap_unique_btree,delete,130000,k%7=0,981.813
2025-09-08T18:56:03.278405305+03:00,heap_unique_btree,delete,130000,k%7=0,968.490
2025-09-08T18:56:04.261007165+03:00,heap_unique_btree,delete,130000,k%7=0,982.578
2025-09-08T18:56:05.212453589+03:00,heap_unique_btree,delete,130000,k%7=0,951.428
2025-09-08T18:56:06.171875479+03:00,heap_unique_btree,delete,130000,k%7=0,959.372
2025-09-08T18:56:07.125925712+03:00,heap_unique_btree,delete,130000,k%7=0,954.028
2025-09-08T18:56:08.160575383+03:00,heap_unique_btree,delete,130000,k%7=0,1034.632
2025-09-08T18:56:09.173971059+03:00,heap_unique_btree,delete,130000,k%7=0,1013.382
2025-09-08T18:56:10.13783167+03:00,heap_unique_btree,delete,130000,k%7=0,963.844
2025-09-08T18:56:11.102788184+03:00,heap_unique_btree,delete,130000,k%7=0,964.938
2025-09-08T18:56:12.093255886+03:00,heap_unique_btree,delete,130000,k%7=0,990.452
2025-09-08T18:56:13.077884056+03:00,heap_unique_btree,delete,130000,k%7=0,984.610
2025-09-08T18:56:14.061348303+03:00,heap_unique_btree,delete,130000,k%7=0,983.449
2025-09-08T18:56:15.143751811+03:00,heap_unique_btree,delete,130000,k%7=0,1082.223
2025-09-08T18:56:16.224622629+03:00,heap_unique_btree,delete,130000,k%7=0,1080.853
2025-09-08T18:56:17.220586823+03:00,heap_unique_btree,delete,130000,k%7=0,995.947
2025-09-08T18:56:18.183664252+03:00,heap_unique_btree,delete,130000,k%7=0,963.061
2025-09-08T18:56:19.153093099+03:00,heap_unique_btree,delete,130000,k%7=0,969.413
2025-09-08T18:56:20.123322485+03:00,heap_unique_btree,delete,130000,k%7=0,970.214
2025-09-08T18:56:21.104120801+03:00,heap_unique_btree,delete,130000,k%7=0,980.781
2025-09-08T18:56:22.076525093+03:00,heap_unique_btree,delete,130000,k%7=0,972.384
2025-09-08T18:56:23.071712871+03:00,heap_unique_btree,delete,130000,k%7=0,995.167
2025-09-08T18:56:24.046962348+03:00,heap_unique_btree,delete,130000,k%7=0,975.229
2025-09-08T18:56:24.997290603+03:00,heap_unique_btree,delete,130000,k%7=0,950.300
2025-09-08T18:56:25.965065047+03:00,heap_unique_btree,delete,130000,k%7=0,967.759
2025-09-08T18:56:26.955310013+03:00,heap_unique_btree,delete,130000,k%7=0,990.222
2025-09-08T18:56:27.94092079+03:00,heap_unique_btree,delete,130000,k%7=0,985.587
2025-09-08T18:56:28.907470137+03:00,heap_unique_btree,delete,130000,k%7=0,966.527
2025-09-08T18:56:29.884560478+03:00,heap_unique_btree,delete,130000,k%7=0,977.066
2025-09-08T18:56:30.872942899+03:00,heap_unique_btree,delete,130000,k%7=0,988.363
2025-09-08T18:56:31.863677832+03:00,heap_unique_btree,delete,130000,k%7=0,990.716
2025-09-08T18:56:32.960359965+03:00,heap_unique_btree,delete,130000,k%7=0,1096.663
2025-09-08T18:56:34.041472239+03:00,heap_unique_btree,delete,130000,k%7=0,1081.080
2025-09-08T18:56:35.0415348+03:00,heap_unique_btree,delete,130000,k%7=0,1000.044
2025-09-08T18:56:36.005244655+03:00,heap_unique_btree,delete,130000,k%7=0,963.691
2025-09-08T18:56:36.961733212+03:00,heap_unique_btree,delete,130000,k%7=0,956.471
2025-09-08T18:56:37.930773601+03:00,heap_unique_btree,delete,130000,k%7=0,969.022
2025-09-08T18:56:38.911939501+03:00,heap_unique_btree,delete,130000,k%7=0,981.147
2025-09-08T18:56:39.873026574+03:00,heap_unique_btree,delete,130000,k%7=0,961.068
2025-09-08T18:56:40.846739232+03:00,heap_unique_btree,delete,130000,k%7=0,973.693
2025-09-08T18:56:41.816210215+03:00,heap_unique_btree,delete,130000,k%7=0,969.431
2025-09-08T18:56:42.803021855+03:00,heap_unique_btree,delete,130000,k%7=0,986.794
2025-09-08T18:56:43.798832575+03:00,heap_unique_btree,delete,130000,k%7=0,995.795
2025-09-08T18:56:44.805359944+03:00,heap_unique_btree,delete,130000,k%7=0,1006.511
2025-09-08T18:56:45.762700824+03:00,heap_unique_btree,delete,130000,k%7=0,957.306
2025-09-08T18:56:46.713684217+03:00,heap_unique_btree,delete,130000,k%7=0,950.962
2025-09-08T18:56:47.682888913+03:00,heap_unique_btree,delete,130000,k%7=0,969.182
2025-09-08T18:56:48.648299555+03:00,heap_unique_btree,delete,130000,k%7=0,965.388
2025-09-08T18:56:49.653091774+03:00,heap_unique_btree,delete,130000,k%7=0,1004.768
2025-09-08T18:56:50.779317116+03:00,heap_unique_btree,delete,130000,k%7=0,1126.209
2025-09-08T18:56:51.805238329+03:00,heap_unique_btree,delete,130000,k%7=0,1025.906
2025-09-08T18:56:52.801538193+03:00,heap_unique_btree,delete,130000,k%7=0,996.283
2025-09-08T18:56:53.769045947+03:00,heap_unique_btree,delete,130000,k%7=0,967.490
2025-09-08T18:56:54.74437314+03:00,heap_unique_btree,delete,130000,k%7=0,975.297
2025-09-08T18:56:59.372652451+03:00,heap_unique_btree,insert,160000,bulk=160000,1160.545
2025-09-08T18:57:00.579799962+03:00,heap_unique_btree,insert,160000,bulk=160000,1207.131
2025-09-08T18:57:01.802547865+03:00,heap_unique_btree,insert,160000,bulk=160000,1222.734
2025-09-08T18:57:02.992215325+03:00,heap_unique_btree,insert,160000,bulk=160000,1189.651
2025-09-08T18:57:04.189712005+03:00,heap_unique_btree,insert,160000,bulk=160000,1197.473
2025-09-08T18:57:05.377528858+03:00,heap_unique_btree,insert,160000,bulk=160000,1187.802
2025-09-08T18:57:06.551675918+03:00,heap_unique_btree,insert,160000,bulk=160000,1174.131
2025-09-08T18:57:07.722564966+03:00,heap_unique_btree,insert,160000,bulk=160000,1170.875
2025-09-08T18:57:09.14780889+03:00,heap_unique_btree,insert,160000,bulk=160000,1425.231
2025-09-08T18:57:10.390851831+03:00,heap_unique_btree,insert,160000,bulk=160000,1243.029
2025-09-08T18:57:11.585799011+03:00,heap_unique_btree,insert,160000,bulk=160000,1194.933
2025-09-08T18:57:12.769441337+03:00,heap_unique_btree,insert,160000,bulk=160000,1183.617
2025-09-08T18:57:13.947906517+03:00,heap_unique_btree,insert,160000,bulk=160000,1178.451
2025-09-08T18:57:15.134340461+03:00,heap_unique_btree,insert,160000,bulk=160000,1186.419
2025-09-08T18:57:16.314203761+03:00,heap_unique_btree,insert,160000,bulk=160000,1179.849
2025-09-08T18:57:17.472479352+03:00,heap_unique_btree,insert,160000,bulk=160000,1158.262
2025-09-08T18:57:18.651549041+03:00,heap_unique_btree,insert,160000,bulk=160000,1179.057
2025-09-08T18:57:19.853471298+03:00,heap_unique_btree,insert,160000,bulk=160000,1201.902
2025-09-08T18:57:21.035642915+03:00,heap_unique_btree,insert,160000,bulk=160000,1182.159
2025-09-08T18:57:22.224088707+03:00,heap_unique_btree,insert,160000,bulk=160000,1188.434
2025-09-08T18:57:23.401623487+03:00,heap_unique_btree,insert,160000,bulk=160000,1177.520
2025-09-08T18:57:24.59285063+03:00,heap_unique_btree,insert,160000,bulk=160000,1191.209
2025-09-08T18:57:25.778302216+03:00,heap_unique_btree,insert,160000,bulk=160000,1185.439
2025-09-08T18:57:27.060223039+03:00,heap_unique_btree,insert,160000,bulk=160000,1281.908
2025-09-08T18:57:28.322001686+03:00,heap_unique_btree,insert,160000,bulk=160000,1261.764
2025-09-08T18:57:29.506368354+03:00,heap_unique_btree,insert,160000,bulk=160000,1184.346
2025-09-08T18:57:30.68447776+03:00,heap_unique_btree,insert,160000,bulk=160000,1178.079
2025-09-08T18:57:31.856750007+03:00,heap_unique_btree,insert,160000,bulk=160000,1172.258
2025-09-08T18:57:33.034420812+03:00,heap_unique_btree,insert,160000,bulk=160000,1177.653
2025-09-08T18:57:34.21052184+03:00,heap_unique_btree,insert,160000,bulk=160000,1176.087
2025-09-08T18:57:35.378481742+03:00,heap_unique_btree,insert,160000,bulk=160000,1167.945
2025-09-08T18:57:36.539433015+03:00,heap_unique_btree,insert,160000,bulk=160000,1160.935
2025-09-08T18:57:37.740517729+03:00,heap_unique_btree,insert,160000,bulk=160000,1201.071
2025-09-08T18:57:38.960266622+03:00,heap_unique_btree,insert,160000,bulk=160000,1219.734
2025-09-08T18:57:40.110586751+03:00,heap_unique_btree,insert,160000,bulk=160000,1150.305
2025-09-08T18:57:41.269275493+03:00,heap_unique_btree,insert,160000,bulk=160000,1158.674
2025-09-08T18:57:42.469987059+03:00,heap_unique_btree,insert,160000,bulk=160000,1200.693
2025-09-08T18:57:43.676711867+03:00,heap_unique_btree,insert,160000,bulk=160000,1206.712
2025-09-08T18:57:44.894567773+03:00,heap_unique_btree,insert,160000,bulk=160000,1217.841
2025-09-08T18:57:46.267919131+03:00,heap_unique_btree,insert,160000,bulk=160000,1373.332
2025-09-08T18:57:47.451783777+03:00,heap_unique_btree,insert,160000,bulk=160000,1183.846
2025-09-08T18:57:48.634634175+03:00,heap_unique_btree,insert,160000,bulk=160000,1182.817
2025-09-08T18:57:49.798255585+03:00,heap_unique_btree,insert,160000,bulk=160000,1163.606
2025-09-08T18:57:50.982366092+03:00,heap_unique_btree,insert,160000,bulk=160000,1184.097
2025-09-08T18:57:52.163251204+03:00,heap_unique_btree,insert,160000,bulk=160000,1180.856
2025-09-08T18:57:53.349561554+03:00,heap_unique_btree,insert,160000,bulk=160000,1186.296
2025-09-08T18:57:54.558608536+03:00,heap_unique_btree,insert,160000,bulk=160000,1209.028
2025-09-08T18:57:55.770438889+03:00,heap_unique_btree,insert,160000,bulk=160000,1211.785
2025-09-08T18:57:56.947551822+03:00,heap_unique_btree,insert,160000,bulk=160000,1177.097
2025-09-08T18:57:58.11484112+03:00,heap_unique_btree,insert,160000,bulk=160000,1167.275
2025-09-08T18:57:59.286783476+03:00,heap_unique_btree,insert,160000,bulk=160000,1171.927
2025-09-08T18:58:00.451874838+03:00,heap_unique_btree,insert,160000,bulk=160000,1165.080
2025-09-08T18:58:01.639568454+03:00,heap_unique_btree,insert,160000,bulk=160000,1187.677
2025-09-08T18:58:02.824682718+03:00,heap_unique_btree,insert,160000,bulk=160000,1185.098
2025-09-08T18:58:04.218236621+03:00,heap_unique_btree,insert,160000,bulk=160000,1393.537
2025-09-08T18:58:05.454202381+03:00,heap_unique_btree,insert,160000,bulk=160000,1235.952
2025-09-08T18:58:06.607238446+03:00,heap_unique_btree,insert,160000,bulk=160000,1153.020
2025-09-08T18:58:07.765008657+03:00,heap_unique_btree,insert,160000,bulk=160000,1157.753
2025-09-08T18:58:08.938640335+03:00,heap_unique_btree,insert,160000,bulk=160000,1173.611
2025-09-08T18:58:10.1160556+03:00,heap_unique_btree,insert,160000,bulk=160000,1177.401
2025-09-08T18:58:11.281247579+03:00,heap_unique_btree,insert,160000,bulk=160000,1165.177
2025-09-08T18:58:12.454337991+03:00,heap_unique_btree,insert,160000,bulk=160000,1173.076
2025-09-08T18:58:13.679645665+03:00,heap_unique_btree,insert,160000,bulk=160000,1225.296
2025-09-08T18:58:14.876422085+03:00,heap_unique_btree,insert,160000,bulk=160000,1196.759
2025-09-08T18:58:16.074523076+03:00,heap_unique_btree,insert,160000,bulk=160000,1198.084
2025-09-08T18:58:17.265678993+03:00,heap_unique_btree,insert,160000,bulk=160000,1191.139
2025-09-08T18:58:18.432046729+03:00,heap_unique_btree,insert,160000,bulk=160000,1166.351
2025-09-08T18:58:19.616862275+03:00,heap_unique_btree,insert,160000,bulk=160000,1184.800
2025-09-08T18:58:20.809698689+03:00,heap_unique_btree,insert,160000,bulk=160000,1192.821
2025-09-08T18:58:22.200624709+03:00,heap_unique_btree,insert,160000,bulk=160000,1390.911
2025-09-08T18:58:23.414528524+03:00,heap_unique_btree,insert,160000,bulk=160000,1213.886
2025-09-08T18:58:24.583669734+03:00,heap_unique_btree,insert,160000,bulk=160000,1169.126
2025-09-08T18:58:25.761297104+03:00,heap_unique_btree,insert,160000,bulk=160000,1177.615
2025-09-08T18:58:26.924416843+03:00,heap_unique_btree,insert,160000,bulk=160000,1163.103
2025-09-08T18:58:28.090309059+03:00,heap_unique_btree,insert,160000,bulk=160000,1165.877
2025-09-08T18:58:29.295766344+03:00,heap_unique_btree,insert,160000,bulk=160000,1205.441
2025-09-08T18:58:30.460517899+03:00,heap_unique_btree,insert,160000,bulk=160000,1164.736
2025-09-08T18:58:31.708804212+03:00,heap_unique_btree,insert,160000,bulk=160000,1248.271
2025-09-08T18:58:32.890589339+03:00,heap_unique_btree,insert,160000,bulk=160000,1181.768
2025-09-08T18:58:34.064957047+03:00,heap_unique_btree,insert,160000,bulk=160000,1174.353
2025-09-08T18:58:35.231263806+03:00,heap_unique_btree,insert,160000,bulk=160000,1166.286
2025-09-08T18:58:36.414035473+03:00,heap_unique_btree,insert,160000,bulk=160000,1182.758
2025-09-08T18:58:37.594365168+03:00,heap_unique_btree,insert,160000,bulk=160000,1180.308
2025-09-08T18:58:38.786495195+03:00,heap_unique_btree,insert,160000,bulk=160000,1192.106
2025-09-08T18:58:40.108461924+03:00,heap_unique_btree,insert,160000,bulk=160000,1321.952
2025-09-08T18:58:41.334000401+03:00,heap_unique_btree,insert,160000,bulk=160000,1225.521
2025-09-08T18:58:42.576182235+03:00,heap_unique_btree,insert,160000,bulk=160000,1242.167
2025-09-08T18:58:43.76505559+03:00,heap_unique_btree,insert,160000,bulk=160000,1188.856
2025-09-08T18:58:44.935525004+03:00,heap_unique_btree,insert,160000,bulk=160000,1170.456
2025-09-08T18:58:46.117761434+03:00,heap_unique_btree,insert,160000,bulk=160000,1182.223
2025-09-08T18:58:47.302077852+03:00,heap_unique_btree,insert,160000,bulk=160000,1184.299
2025-09-08T18:58:48.472894328+03:00,heap_unique_btree,insert,160000,bulk=160000,1170.803
2025-09-08T18:58:49.670522335+03:00,heap_unique_btree,insert,160000,bulk=160000,1197.615
2025-09-08T18:58:50.847618438+03:00,heap_unique_btree,insert,160000,bulk=160000,1177.036
2025-09-08T18:58:52.011218998+03:00,heap_unique_btree,insert,160000,bulk=160000,1163.587
2025-09-08T18:58:53.222993918+03:00,heap_unique_btree,insert,160000,bulk=160000,1211.760
2025-09-08T18:58:54.425297208+03:00,heap_unique_btree,insert,160000,bulk=160000,1202.290
2025-09-08T18:58:55.621608216+03:00,heap_unique_btree,insert,160000,bulk=160000,1196.293
2025-09-08T18:58:56.812066278+03:00,heap_unique_btree,insert,160000,bulk=160000,1190.442
2025-09-08T18:58:58.025100688+03:00,heap_unique_btree,insert,160000,bulk=160000,1213.021
2025-09-08T18:58:59.431027181+03:00,heap_unique_btree,select,160000,"k in [a,b] (~N/50, cap 1000)",0.588
2025-09-08T18:58:59.431636558+03:00,heap_unique_btree,select,160000,"k in [a,b] (~N/50, cap 1000)",0.595
2025-09-08T18:58:59.432195369+03:00,heap_unique_btree,select,160000,"k in [a,b] (~N/50, cap 1000)",0.551
2025-09-08T18:58:59.432787494+03:00,heap_unique_btree,select,160000,"k in [a,b] (~N/50, cap 1000)",0.585
2025-09-08T18:58:59.433354267+03:00,heap_unique_btree,select,160000,"k in [a,b] (~N/50, cap 1000)",0.558
2025-09-08T18:58:59.433927745+03:00,heap_unique_btree,select,160000,"k in [a,b] (~N/50, cap 1000)",0.565
2025-09-08T18:58:59.43448432+03:00,heap_unique_btree,select,160000,"k in [a,b] (~N/50, cap 1000)",0.550
2025-09-08T18:58:59.435037544+03:00,heap_unique_btree,select,160000,"k in [a,b] (~N/50, cap 1000)",0.545
2025-09-08T18:58:59.435608088+03:00,heap_unique_btree,select,160000,"k in [a,b] (~N/50, cap 1000)",0.563
2025-09-08T18:58:59.436164664+03:00,heap_unique_btree,select,160000,"k in [a,b] (~N/50, cap 1000)",0.549
2025-09-08T18:58:59.436721798+03:00,heap_unique_btree,select,160000,"k in [a,b] (~N/50, cap 1000)",0.551
2025-09-08T18:58:59.437275999+03:00,heap_unique_btree,select,160000,"k in [a,b] (~N/50, cap 1000)",0.547
2025-09-08T18:58:59.437846543+03:00,heap_unique_btree,select,160000,"k in [a,b] (~N/50, cap 1000)",0.563
2025-09-08T18:58:59.438438529+03:00,heap_unique_btree,select,160000,"k in [a,b] (~N/50, cap 1000)",0.585
2025-09-08T18:58:59.438965282+03:00,heap_unique_btree,select,160000,"k in [a,b] (~N/50, cap 1000)",0.517
2025-09-08T18:58:59.439521718+03:00,heap_unique_btree,select,160000,"k in [a,b] (~N/50, cap 1000)",0.549
2025-09-08T18:58:59.440065303+03:00,heap_unique_btree,select,160000,"k in [a,b] (~N/50, cap 1000)",0.537
2025-09-08T18:58:59.44063487+03:00,heap_unique_btree,select,160000,"k in [a,b] (~N/50, cap 1000)",0.561
2025-09-08T18:58:59.441186207+03:00,heap_unique_btree,select,160000,"k in [a,b] (~N/50, cap 1000)",0.544
2025-09-08T18:58:59.441731469+03:00,heap_unique_btree,select,160000,"k in [a,b] (~N/50, cap 1000)",0.537
2025-09-08T18:58:59.442277009+03:00,heap_unique_btree,select,160000,"k in [a,b] (~N/50, cap 1000)",0.538
2025-09-08T18:58:59.442839871+03:00,heap_unique_btree,select,160000,"k in [a,b] (~N/50, cap 1000)",0.555
2025-09-08T18:58:59.443343506+03:00,heap_unique_btree,select,160000,"k in [a,b] (~N/50, cap 1000)",0.494
2025-09-08T18:58:59.443894494+03:00,heap_unique_btree,select,160000,"k in [a,b] (~N/50, cap 1000)",0.544
2025-09-08T18:58:59.444457146+03:00,heap_unique_btree,select,160000,"k in [a,b] (~N/50, cap 1000)",0.555
2025-09-08T18:58:59.444992839+03:00,heap_unique_btree,select,160000,"k in [a,b] (~N/50, cap 1000)",0.528
2025-09-08T18:58:59.445557167+03:00,heap_unique_btree,select,160000,"k in [a,b] (~N/50, cap 1000)",0.558
2025-09-08T18:58:59.446094396+03:00,heap_unique_btree,select,160000,"k in [a,b] (~N/50, cap 1000)",0.530
2025-09-08T18:58:59.44666096+03:00,heap_unique_btree,select,160000,"k in [a,b] (~N/50, cap 1000)",0.559
2025-09-08T18:58:59.447222843+03:00,heap_unique_btree,select,160000,"k in [a,b] (~N/50, cap 1000)",0.555
2025-09-08T18:58:59.447811407+03:00,heap_unique_btree,select,160000,"k in [a,b] (~N/50, cap 1000)",0.580
2025-09-08T18:58:59.448341792+03:00,heap_unique_btree,select,160000,"k in [a,b] (~N/50, cap 1000)",0.523
2025-09-08T18:58:59.448841586+03:00,heap_unique_btree,select,160000,"k in [a,b] (~N/50, cap 1000)",0.493
2025-09-08T18:58:59.449383564+03:00,heap_unique_btree,select,160000,"k in [a,b] (~N/50, cap 1000)",0.535
2025-09-08T18:58:59.44992254+03:00,heap_unique_btree,select,160000,"k in [a,b] (~N/50, cap 1000)",0.532
2025-09-08T18:58:59.450475274+03:00,heap_unique_btree,select,160000,"k in [a,b] (~N/50, cap 1000)",0.546
2025-09-08T18:58:59.451003843+03:00,heap_unique_btree,select,160000,"k in [a,b] (~N/50, cap 1000)",0.522
2025-09-08T18:58:59.45156419+03:00,heap_unique_btree,select,160000,"k in [a,b] (~N/50, cap 1000)",0.552
2025-09-08T18:58:59.452102677+03:00,heap_unique_btree,select,160000,"k in [a,b] (~N/50, cap 1000)",0.531
2025-09-08T18:58:59.452617836+03:00,heap_unique_btree,select,160000,"k in [a,b] (~N/50, cap 1000)",0.507
2025-09-08T18:58:59.453368155+03:00,heap_unique_btree,select,160000,"k in [a,b] (~N/50, cap 1000)",0.706
2025-09-08T18:58:59.454159402+03:00,heap_unique_btree,select,160000,"k in [a,b] (~N/50, cap 1000)",0.767
2025-09-08T18:58:59.454906298+03:00,heap_unique_btree,select,160000,"k in [a,b] (~N/50, cap 1000)",0.739
2025-09-08T18:58:59.455540609+03:00,heap_unique_btree,select,160000,"k in [a,b] (~N/50, cap 1000)",0.626
2025-09-08T18:58:59.456135528+03:00,heap_unique_btree,select,160000,"k in [a,b] (~N/50, cap 1000)",0.586
2025-09-08T18:58:59.456739527+03:00,heap_unique_btree,select,160000,"k in [a,b] (~N/50, cap 1000)",0.596
2025-09-08T18:58:59.457410784+03:00,heap_unique_btree,select,160000,"k in [a,b] (~N/50, cap 1000)",0.664
2025-09-08T18:58:59.457988103+03:00,heap_unique_btree,select,160000,"k in [a,b] (~N/50, cap 1000)",0.571
2025-09-08T18:58:59.458589169+03:00,heap_unique_btree,select,160000,"k in [a,b] (~N/50, cap 1000)",0.591
2025-09-08T18:58:59.459171447+03:00,heap_unique_btree,select,160000,"k in [a,b] (~N/50, cap 1000)",0.574
2025-09-08T18:58:59.459760918+03:00,heap_unique_btree,select,160000,"k in [a,b] (~N/50, cap 1000)",0.582
2025-09-08T18:58:59.460331463+03:00,heap_unique_btree,select,160000,"k in [a,b] (~N/50, cap 1000)",0.563
2025-09-08T18:58:59.460949639+03:00,heap_unique_btree,select,160000,"k in [a,b] (~N/50, cap 1000)",0.611
2025-09-08T18:58:59.461535898+03:00,heap_unique_btree,select,160000,"k in [a,b] (~N/50, cap 1000)",0.579
2025-09-08T18:58:59.462103509+03:00,heap_unique_btree,select,160000,"k in [a,b] (~N/50, cap 1000)",0.559
2025-09-08T18:58:59.462743547+03:00,heap_unique_btree,select,160000,"k in [a,b] (~N/50, cap 1000)",0.634
2025-09-08T18:58:59.463281894+03:00,heap_unique_btree,select,160000,"k in [a,b] (~N/50, cap 1000)",0.532
2025-09-08T18:58:59.463843009+03:00,heap_unique_btree,select,160000,"k in [a,b] (~N/50, cap 1000)",0.553
2025-09-08T18:58:59.464466704+03:00,heap_unique_btree,select,160000,"k in [a,b] (~N/50, cap 1000)",0.616
2025-09-08T18:58:59.465026911+03:00,heap_unique_btree,select,160000,"k in [a,b] (~N/50, cap 1000)",0.553
2025-09-08T18:58:59.465572452+03:00,heap_unique_btree,select,160000,"k in [a,b] (~N/50, cap 1000)",0.538
2025-09-08T18:58:59.466119808+03:00,heap_unique_btree,select,160000,"k in [a,b] (~N/50, cap 1000)",0.539
2025-09-08T18:58:59.466687698+03:00,heap_unique_btree,select,160000,"k in [a,b] (~N/50, cap 1000)",0.560
2025-09-08T18:58:59.467227163+03:00,heap_unique_btree,select,160000,"k in [a,b] (~N/50, cap 1000)",0.533
2025-09-08T18:58:59.467785624+03:00,heap_unique_btree,select,160000,"k in [a,b] (~N/50, cap 1000)",0.551
2025-09-08T18:58:59.468356657+03:00,heap_unique_btree,select,160000,"k in [a,b] (~N/50, cap 1000)",0.563
2025-09-08T18:58:59.468956605+03:00,heap_unique_btree,select,160000,"k in [a,b] (~N/50, cap 1000)",0.592
2025-09-08T18:58:59.469517022+03:00,heap_unique_btree,select,160000,"k in [a,b] (~N/50, cap 1000)",0.554
2025-09-08T18:58:59.47005502+03:00,heap_unique_btree,select,160000,"k in [a,b] (~N/50, cap 1000)",0.531
2025-09-08T18:58:59.470622142+03:00,heap_unique_btree,select,160000,"k in [a,b] (~N/50, cap 1000)",0.560
2025-09-08T18:58:59.471170826+03:00,heap_unique_btree,select,160000,"k in [a,b] (~N/50, cap 1000)",0.542
2025-09-08T18:58:59.471715388+03:00,heap_unique_btree,select,160000,"k in [a,b] (~N/50, cap 1000)",0.537
2025-09-08T18:58:59.47238902+03:00,heap_unique_btree,select,160000,"k in [a,b] (~N/50, cap 1000)",0.667
2025-09-08T18:58:59.472972485+03:00,heap_unique_btree,select,160000,"k in [a,b] (~N/50, cap 1000)",0.576
2025-09-08T18:58:59.473579627+03:00,heap_unique_btree,select,160000,"k in [a,b] (~N/50, cap 1000)",0.599
2025-09-08T18:58:59.47422616+03:00,heap_unique_btree,select,160000,"k in [a,b] (~N/50, cap 1000)",0.639
2025-09-08T18:58:59.474836654+03:00,heap_unique_btree,select,160000,"k in [a,b] (~N/50, cap 1000)",0.604
2025-09-08T18:58:59.475412926+03:00,heap_unique_btree,select,160000,"k in [a,b] (~N/50, cap 1000)",0.568
2025-09-08T18:58:59.475929831+03:00,heap_unique_btree,select,160000,"k in [a,b] (~N/50, cap 1000)",0.509
2025-09-08T18:58:59.476534738+03:00,heap_unique_btree,select,160000,"k in [a,b] (~N/50, cap 1000)",0.566
2025-09-08T18:58:59.477088031+03:00,heap_unique_btree,select,160000,"k in [a,b] (~N/50, cap 1000)",0.546
2025-09-08T18:58:59.477661928+03:00,heap_unique_btree,select,160000,"k in [a,b] (~N/50, cap 1000)",0.566
2025-09-08T18:58:59.47820216+03:00,heap_unique_btree,select,160000,"k in [a,b] (~N/50, cap 1000)",0.533
2025-09-08T18:58:59.478761739+03:00,heap_unique_btree,select,160000,"k in [a,b] (~N/50, cap 1000)",0.552
2025-09-08T18:58:59.479363293+03:00,heap_unique_btree,select,160000,"k in [a,b] (~N/50, cap 1000)",0.594
2025-09-08T18:58:59.479927971+03:00,heap_unique_btree,select,160000,"k in [a,b] (~N/50, cap 1000)",0.557
2025-09-08T18:58:59.480476934+03:00,heap_unique_btree,select,160000,"k in [a,b] (~N/50, cap 1000)",0.543
2025-09-08T18:58:59.481054742+03:00,heap_unique_btree,select,160000,"k in [a,b] (~N/50, cap 1000)",0.570
2025-09-08T18:58:59.481628848+03:00,heap_unique_btree,select,160000,"k in [a,b] (~N/50, cap 1000)",0.566
2025-09-08T18:58:59.482187868+03:00,heap_unique_btree,select,160000,"k in [a,b] (~N/50, cap 1000)",0.551
2025-09-08T18:58:59.482739066+03:00,heap_unique_btree,select,160000,"k in [a,b] (~N/50, cap 1000)",0.544
2025-09-08T18:58:59.483265051+03:00,heap_unique_btree,select,160000,"k in [a,b] (~N/50, cap 1000)",0.519
2025-09-08T18:58:59.483819671+03:00,heap_unique_btree,select,160000,"k in [a,b] (~N/50, cap 1000)",0.547
2025-09-08T18:58:59.484368983+03:00,heap_unique_btree,select,160000,"k in [a,b] (~N/50, cap 1000)",0.541
2025-09-08T18:58:59.48491613+03:00,heap_unique_btree,select,160000,"k in [a,b] (~N/50, cap 1000)",0.529
2025-09-08T18:58:59.485446515+03:00,heap_unique_btree,select,160000,"k in [a,b] (~N/50, cap 1000)",0.523
2025-09-08T18:58:59.485979833+03:00,heap_unique_btree,select,160000,"k in [a,b] (~N/50, cap 1000)",0.526
2025-09-08T18:58:59.486731968+03:00,heap_unique_btree,select,160000,"k in [a,b] (~N/50, cap 1000)",0.745
2025-09-08T18:58:59.487588587+03:00,heap_unique_btree,select,160000,"k in [a,b] (~N/50, cap 1000)",0.849
2025-09-08T18:58:59.488478871+03:00,heap_unique_btree,select,160000,"k in [a,b] (~N/50, cap 1000)",0.883
2025-09-08T18:59:04.265436459+03:00,heap_unique_btree,delete,160000,k%7=0,1204.503
2025-09-08T18:59:05.451277748+03:00,heap_unique_btree,delete,160000,k%7=0,1185.822
2025-09-08T18:59:06.657455881+03:00,heap_unique_btree,delete,160000,k%7=0,1206.163
2025-09-08T18:59:07.86241282+03:00,heap_unique_btree,delete,160000,k%7=0,1204.941
2025-09-08T18:59:09.082984686+03:00,heap_unique_btree,delete,160000,k%7=0,1220.554
2025-09-08T18:59:10.254472288+03:00,heap_unique_btree,delete,160000,k%7=0,1171.465
2025-09-08T18:59:11.436220961+03:00,heap_unique_btree,delete,160000,k%7=0,1181.444
2025-09-08T18:59:12.643979235+03:00,heap_unique_btree,delete,160000,k%7=0,1207.741
2025-09-08T18:59:13.846837915+03:00,heap_unique_btree,delete,160000,k%7=0,1202.842
2025-09-08T18:59:15.046290235+03:00,heap_unique_btree,delete,160000,k%7=0,1199.434
2025-09-08T18:59:16.389174487+03:00,heap_unique_btree,delete,160000,k%7=0,1342.869
2025-09-08T18:59:17.715039846+03:00,heap_unique_btree,delete,160000,k%7=0,1325.848
2025-09-08T18:59:19.020663983+03:00,heap_unique_btree,delete,160000,k%7=0,1305.609
2025-09-08T18:59:20.315629864+03:00,heap_unique_btree,delete,160000,k%7=0,1294.949
2025-09-08T18:59:21.479433002+03:00,heap_unique_btree,delete,160000,k%7=0,1163.783
2025-09-08T18:59:22.651334954+03:00,heap_unique_btree,delete,160000,k%7=0,1171.886
2025-09-08T18:59:23.839337658+03:00,heap_unique_btree,delete,160000,k%7=0,1187.977
2025-09-08T18:59:25.135213397+03:00,heap_unique_btree,delete,160000,k%7=0,1295.852
2025-09-08T18:59:26.43466606+03:00,heap_unique_btree,delete,160000,k%7=0,1299.438
2025-09-08T18:59:27.724402085+03:00,heap_unique_btree,delete,160000,k%7=0,1289.720
2025-09-08T18:59:28.900492659+03:00,heap_unique_btree,delete,160000,k%7=0,1176.071
2025-09-08T18:59:30.163027091+03:00,heap_unique_btree,delete,160000,k%7=0,1262.520
2025-09-08T18:59:31.422632397+03:00,heap_unique_btree,delete,160000,k%7=0,1259.590
2025-09-08T18:59:32.614906426+03:00,heap_unique_btree,delete,160000,k%7=0,1192.246
2025-09-08T18:59:33.928128379+03:00,heap_unique_btree,delete,160000,k%7=0,1313.194
2025-09-08T18:59:35.363815939+03:00,heap_unique_btree,delete,160000,k%7=0,1435.671
2025-09-08T18:59:36.713391402+03:00,heap_unique_btree,delete,160000,k%7=0,1349.561
2025-09-08T18:59:38.050416083+03:00,heap_unique_btree,delete,160000,k%7=0,1337.004
2025-09-08T18:59:39.312799199+03:00,heap_unique_btree,delete,160000,k%7=0,1262.364
2025-09-08T18:59:40.588928604+03:00,heap_unique_btree,delete,160000,k%7=0,1276.111
2025-09-08T18:59:41.855827542+03:00,heap_unique_btree,delete,160000,k%7=0,1266.869
2025-09-08T18:59:43.090790321+03:00,heap_unique_btree,delete,160000,k%7=0,1234.947
2025-09-08T18:59:44.332454713+03:00,heap_unique_btree,delete,160000,k%7=0,1241.650
2025-09-08T18:59:45.508687823+03:00,heap_unique_btree,delete,160000,k%7=0,1176.213
2025-09-08T18:59:46.723044389+03:00,heap_unique_btree,delete,160000,k%7=0,1214.342
2025-09-08T18:59:47.920401616+03:00,heap_unique_btree,delete,160000,k%7=0,1197.339
2025-09-08T18:59:49.107444419+03:00,heap_unique_btree,delete,160000,k%7=0,1187.007
2025-09-08T18:59:50.316414107+03:00,heap_unique_btree,delete,160000,k%7=0,1208.950
2025-09-08T18:59:51.522215737+03:00,heap_unique_btree,delete,160000,k%7=0,1205.784
2025-09-08T18:59:52.749477563+03:00,heap_unique_btree,delete,160000,k%7=0,1227.245
2025-09-08T18:59:54.122258442+03:00,heap_unique_btree,delete,160000,k%7=0,1372.761
2025-09-08T18:59:55.32147211+03:00,heap_unique_btree,delete,160000,k%7=0,1199.196
2025-09-08T18:59:56.525045568+03:00,heap_unique_btree,delete,160000,k%7=0,1203.548
2025-09-08T18:59:57.729517765+03:00,heap_unique_btree,delete,160000,k%7=0,1204.457
2025-09-08T18:59:58.928417153+03:00,heap_unique_btree,delete,160000,k%7=0,1198.880
2025-09-08T19:00:00.121054736+03:00,heap_unique_btree,delete,160000,k%7=0,1192.620
2025-09-08T19:00:01.342232112+03:00,heap_unique_btree,delete,160000,k%7=0,1221.156
2025-09-08T19:00:02.611945712+03:00,heap_unique_btree,delete,160000,k%7=0,1269.681
2025-09-08T19:00:03.797548549+03:00,heap_unique_btree,delete,160000,k%7=0,1185.586
2025-09-08T19:00:04.972074698+03:00,heap_unique_btree,delete,160000,k%7=0,1174.509
2025-09-08T19:00:06.168372334+03:00,heap_unique_btree,delete,160000,k%7=0,1196.234
2025-09-08T19:00:07.370200949+03:00,heap_unique_btree,delete,160000,k%7=0,1201.798
2025-09-08T19:00:08.678806573+03:00,heap_unique_btree,delete,160000,k%7=0,1308.587
2025-09-08T19:00:09.894294458+03:00,heap_unique_btree,delete,160000,k%7=0,1215.467
2025-09-08T19:00:11.304760175+03:00,heap_unique_btree,delete,160000,k%7=0,1410.450
2025-09-08T19:00:12.535292728+03:00,heap_unique_btree,delete,160000,k%7=0,1230.513
2025-09-08T19:00:13.74868374+03:00,heap_unique_btree,delete,160000,k%7=0,1213.376
2025-09-08T19:00:14.930335475+03:00,heap_unique_btree,delete,160000,k%7=0,1181.631
2025-09-08T19:00:16.099735841+03:00,heap_unique_btree,delete,160000,k%7=0,1169.377
2025-09-08T19:00:17.486691018+03:00,heap_unique_btree,delete,160000,k%7=0,1386.938
2025-09-08T19:00:18.699043836+03:00,heap_unique_btree,delete,160000,k%7=0,1212.317
2025-09-08T19:00:19.904644762+03:00,heap_unique_btree,delete,160000,k%7=0,1205.580
2025-09-08T19:00:21.167039128+03:00,heap_unique_btree,delete,160000,k%7=0,1262.374
2025-09-08T19:00:22.383929982+03:00,heap_unique_btree,delete,160000,k%7=0,1216.868
2025-09-08T19:00:23.570106639+03:00,heap_unique_btree,delete,160000,k%7=0,1186.159
2025-09-08T19:00:24.77010683+03:00,heap_unique_btree,delete,160000,k%7=0,1199.981
2025-09-08T19:00:25.965162656+03:00,heap_unique_btree,delete,160000,k%7=0,1195.012
2025-09-08T19:00:27.161371588+03:00,heap_unique_btree,delete,160000,k%7=0,1196.187
2025-09-08T19:00:28.369638504+03:00,heap_unique_btree,delete,160000,k%7=0,1208.230
2025-09-08T19:00:29.577034486+03:00,heap_unique_btree,delete,160000,k%7=0,1207.377
2025-09-08T19:00:30.815337229+03:00,heap_unique_btree,delete,160000,k%7=0,1238.285
2025-09-08T19:00:32.00410186+03:00,heap_unique_btree,delete,160000,k%7=0,1188.742
2025-09-08T19:00:33.179439041+03:00,heap_unique_btree,delete,160000,k%7=0,1175.320
2025-09-08T19:00:34.360969031+03:00,heap_unique_btree,delete,160000,k%7=0,1181.508
2025-09-08T19:00:35.548278502+03:00,heap_unique_btree,delete,160000,k%7=0,1187.292
2025-09-08T19:00:36.709213236+03:00,heap_unique_btree,delete,160000,k%7=0,1160.913
2025-09-08T19:00:37.98522222+03:00,heap_unique_btree,delete,160000,k%7=0,1275.991
2025-09-08T19:00:39.185946375+03:00,heap_unique_btree,delete,160000,k%7=0,1200.706
2025-09-08T19:00:40.416871882+03:00,heap_unique_btree,delete,160000,k%7=0,1230.907
2025-09-08T19:00:41.609894289+03:00,heap_unique_btree,delete,160000,k%7=0,1192.997
2025-09-08T19:00:42.806134558+03:00,heap_unique_btree,delete,160000,k%7=0,1196.223
2025-09-08T19:00:44.024856544+03:00,heap_unique_btree,delete,160000,k%7=0,1218.695
2025-09-08T19:00:45.215491252+03:00,heap_unique_btree,delete,160000,k%7=0,1190.613
2025-09-08T19:00:46.444522576+03:00,heap_unique_btree,delete,160000,k%7=0,1229.012
2025-09-08T19:00:47.814152909+03:00,heap_unique_btree,delete,160000,k%7=0,1369.591
2025-09-08T19:00:49.061704481+03:00,heap_unique_btree,delete,160000,k%7=0,1247.531
2025-09-08T19:00:50.291628196+03:00,heap_unique_btree,delete,160000,k%7=0,1229.908
2025-09-08T19:00:51.50325168+03:00,heap_unique_btree,delete,160000,k%7=0,1211.607
2025-09-08T19:00:52.698956286+03:00,heap_unique_btree,delete,160000,k%7=0,1195.679
2025-09-08T19:00:53.889126566+03:00,heap_unique_btree,delete,160000,k%7=0,1190.157
2025-09-08T19:00:55.074536096+03:00,heap_unique_btree,delete,160000,k%7=0,1185.381
2025-09-08T19:00:56.305162167+03:00,heap_unique_btree,delete,160000,k%7=0,1230.597
2025-09-08T19:00:57.49103979+03:00,heap_unique_btree,delete,160000,k%7=0,1185.854
2025-09-08T19:00:58.677129877+03:00,heap_unique_btree,delete,160000,k%7=0,1186.072
2025-09-08T19:00:59.878467103+03:00,heap_unique_btree,delete,160000,k%7=0,1201.312
2025-09-08T19:01:01.119716811+03:00,heap_unique_btree,delete,160000,k%7=0,1241.229
2025-09-08T19:01:02.349421327+03:00,heap_unique_btree,delete,160000,k%7=0,1229.684
2025-09-08T19:01:03.572728122+03:00,heap_unique_btree,delete,160000,k%7=0,1223.286
2025-09-08T19:01:04.969017305+03:00,heap_unique_btree,delete,160000,k%7=0,1396.274
2025-09-08T19:01:06.136970052+03:00,heap_unique_btree,delete,160000,k%7=0,1167.902
2025-09-08T19:01:11.955567813+03:00,heap_unique_btree,insert,190000,bulk=190000,1572.039
2025-09-08T19:01:13.38494162+03:00,heap_unique_btree,insert,190000,bulk=190000,1429.361
2025-09-08T19:01:14.806416439+03:00,heap_unique_btree,insert,190000,bulk=190000,1421.462
2025-09-08T19:01:16.213126041+03:00,heap_unique_btree,insert,190000,bulk=190000,1406.694
2025-09-08T19:01:17.60907227+03:00,heap_unique_btree,insert,190000,bulk=190000,1395.930
2025-09-08T19:01:19.007839308+03:00,heap_unique_btree,insert,190000,bulk=190000,1398.754
2025-09-08T19:01:20.411605407+03:00,heap_unique_btree,insert,190000,bulk=190000,1403.754
2025-09-08T19:01:21.818808256+03:00,heap_unique_btree,insert,190000,bulk=190000,1407.188
2025-09-08T19:01:23.236495817+03:00,heap_unique_btree,insert,190000,bulk=190000,1417.673
2025-09-08T19:01:24.634267406+03:00,heap_unique_btree,insert,190000,bulk=190000,1397.759
2025-09-08T19:01:26.053242525+03:00,heap_unique_btree,insert,190000,bulk=190000,1418.957
2025-09-08T19:01:27.49845152+03:00,heap_unique_btree,insert,190000,bulk=190000,1445.195
2025-09-08T19:01:28.904509811+03:00,heap_unique_btree,insert,190000,bulk=190000,1406.036
2025-09-08T19:01:30.282657175+03:00,heap_unique_btree,insert,190000,bulk=190000,1378.134
2025-09-08T19:01:31.699150594+03:00,heap_unique_btree,insert,190000,bulk=190000,1416.480
2025-09-08T19:01:33.106035487+03:00,heap_unique_btree,insert,190000,bulk=190000,1406.870
2025-09-08T19:01:34.496002404+03:00,heap_unique_btree,insert,190000,bulk=190000,1389.952
2025-09-08T19:01:35.869906426+03:00,heap_unique_btree,insert,190000,bulk=190000,1373.892
2025-09-08T19:01:37.237756283+03:00,heap_unique_btree,insert,190000,bulk=190000,1367.837
2025-09-08T19:01:38.65604049+03:00,heap_unique_btree,insert,190000,bulk=190000,1418.268
2025-09-08T19:01:40.08167976+03:00,heap_unique_btree,insert,190000,bulk=190000,1425.625
2025-09-08T19:01:41.694513084+03:00,heap_unique_btree,insert,190000,bulk=190000,1612.817
2025-09-08T19:01:43.100965683+03:00,heap_unique_btree,insert,190000,bulk=190000,1406.439
2025-09-08T19:01:44.511256628+03:00,heap_unique_btree,insert,190000,bulk=190000,1410.278
2025-09-08T19:01:45.896646443+03:00,heap_unique_btree,insert,190000,bulk=190000,1385.374
2025-09-08T19:01:47.271523827+03:00,heap_unique_btree,insert,190000,bulk=190000,1374.863
2025-09-08T19:01:48.643952184+03:00,heap_unique_btree,insert,190000,bulk=190000,1372.389
2025-09-08T19:01:50.085857556+03:00,heap_unique_btree,insert,190000,bulk=190000,1441.891
2025-09-08T19:01:51.53802156+03:00,heap_unique_btree,insert,190000,bulk=190000,1452.142
2025-09-08T19:01:52.940275041+03:00,heap_unique_btree,insert,190000,bulk=190000,1402.241
2025-09-08T19:01:54.325790738+03:00,heap_unique_btree,insert,190000,bulk=190000,1385.504
2025-09-08T19:01:55.730012463+03:00,heap_unique_btree,insert,190000,bulk=190000,1404.205
2025-09-08T19:01:57.113930448+03:00,heap_unique_btree,insert,190000,bulk=190000,1383.901
2025-09-08T19:01:58.497721115+03:00,heap_unique_btree,insert,190000,bulk=190000,1383.778
2025-09-08T19:02:00.091630362+03:00,heap_unique_btree,insert,190000,bulk=190000,1593.892
2025-09-08T19:02:01.525943946+03:00,heap_unique_btree,insert,190000,bulk=190000,1434.297
2025-09-08T19:02:02.905904036+03:00,heap_unique_btree,insert,190000,bulk=190000,1379.942
2025-09-08T19:02:04.295794636+03:00,heap_unique_btree,insert,190000,bulk=190000,1389.878
2025-09-08T19:02:05.677757123+03:00,heap_unique_btree,insert,190000,bulk=190000,1381.948
2025-09-08T19:02:07.042053268+03:00,heap_unique_btree,insert,190000,bulk=190000,1364.279
2025-09-08T19:02:08.465916249+03:00,heap_unique_btree,insert,190000,bulk=190000,1423.850
2025-09-08T19:02:09.84816224+03:00,heap_unique_btree,insert,190000,bulk=190000,1382.234
2025-09-08T19:02:11.249812825+03:00,heap_unique_btree,insert,190000,bulk=190000,1401.639
2025-09-08T19:02:12.647873642+03:00,heap_unique_btree,insert,190000,bulk=190000,1398.046
2025-09-08T19:02:14.058987634+03:00,heap_unique_btree,insert,190000,bulk=190000,1411.098
2025-09-08T19:02:15.437401376+03:00,heap_unique_btree,insert,190000,bulk=190000,1378.399
2025-09-08T19:02:16.854760286+03:00,heap_unique_btree,insert,190000,bulk=190000,1417.335
2025-09-08T19:02:18.417950776+03:00,heap_unique_btree,insert,190000,bulk=190000,1563.108
2025-09-08T19:02:19.801794307+03:00,heap_unique_btree,insert,190000,bulk=190000,1383.831
2025-09-08T19:02:21.182392114+03:00,heap_unique_btree,insert,190000,bulk=190000,1380.583
2025-09-08T19:02:22.575832521+03:00,heap_unique_btree,insert,190000,bulk=190000,1393.425
2025-09-08T19:02:23.990110553+03:00,heap_unique_btree,insert,190000,bulk=190000,1414.264
2025-09-08T19:02:25.371013795+03:00,heap_unique_btree,insert,190000,bulk=190000,1380.888
2025-09-08T19:02:26.793393093+03:00,heap_unique_btree,insert,190000,bulk=190000,1422.364
2025-09-08T19:02:28.183743957+03:00,heap_unique_btree,insert,190000,bulk=190000,1390.335
2025-09-08T19:02:29.552782132+03:00,heap_unique_btree,insert,190000,bulk=190000,1369.026
2025-09-08T19:02:30.945556334+03:00,heap_unique_btree,insert,190000,bulk=190000,1392.759
2025-09-08T19:02:32.371332586+03:00,heap_unique_btree,insert,190000,bulk=190000,1425.761
2025-09-08T19:02:33.781064031+03:00,heap_unique_btree,insert,190000,bulk=190000,1409.719
2025-09-08T19:02:35.202103912+03:00,heap_unique_btree,insert,190000,bulk=190000,1421.023
2025-09-08T19:02:36.773637445+03:00,heap_unique_btree,insert,190000,bulk=190000,1571.518
2025-09-08T19:02:38.188203131+03:00,heap_unique_btree,insert,190000,bulk=190000,1414.550
2025-09-08T19:02:39.577654733+03:00,heap_unique_btree,insert,190000,bulk=190000,1389.437
2025-09-08T19:02:40.967705169+03:00,heap_unique_btree,insert,190000,bulk=190000,1390.036
2025-09-08T19:02:42.36130201+03:00,heap_unique_btree,insert,190000,bulk=190000,1393.584
2025-09-08T19:02:43.770168622+03:00,heap_unique_btree,insert,190000,bulk=190000,1408.853
2025-09-08T19:02:45.196592491+03:00,heap_unique_btree,insert,190000,bulk=190000,1426.409
2025-09-08T19:02:46.577117245+03:00,heap_unique_btree,insert,190000,bulk=190000,1380.510
2025-09-08T19:02:47.957864521+03:00,heap_unique_btree,insert,190000,bulk=190000,1380.730
2025-09-08T19:02:49.351848169+03:00,heap_unique_btree,insert,190000,bulk=190000,1393.970
2025-09-08T19:02:50.748657865+03:00,heap_unique_btree,insert,190000,bulk=190000,1396.793
2025-09-08T19:02:52.146660127+03:00,heap_unique_btree,insert,190000,bulk=190000,1397.985
2025-09-08T19:02:53.557559536+03:00,heap_unique_btree,insert,190000,bulk=190000,1410.884
2025-09-08T19:02:55.180825296+03:00,heap_unique_btree,insert,190000,bulk=190000,1623.249
2025-09-08T19:02:56.554079178+03:00,heap_unique_btree,insert,190000,bulk=190000,1373.242
2025-09-08T19:02:57.920856834+03:00,heap_unique_btree,insert,190000,bulk=190000,1366.760
2025-09-08T19:02:59.279358768+03:00,heap_unique_btree,insert,190000,bulk=190000,1358.487
2025-09-08T19:03:00.685235323+03:00,heap_unique_btree,insert,190000,bulk=190000,1405.862
2025-09-08T19:03:02.122548198+03:00,heap_unique_btree,insert,190000,bulk=190000,1437.294
2025-09-08T19:03:03.530584505+03:00,heap_unique_btree,insert,190000,bulk=190000,1408.012
2025-09-08T19:03:04.957950398+03:00,heap_unique_btree,insert,190000,bulk=190000,1427.350
2025-09-08T19:03:06.342639782+03:00,heap_unique_btree,insert,190000,bulk=190000,1384.674
2025-09-08T19:03:07.729177625+03:00,heap_unique_btree,insert,190000,bulk=190000,1386.524
2025-09-08T19:03:09.13440334+03:00,heap_unique_btree,insert,190000,bulk=190000,1405.209
2025-09-08T19:03:10.54249121+03:00,heap_unique_btree,insert,190000,bulk=190000,1408.074
2025-09-08T19:03:11.939143188+03:00,heap_unique_btree,insert,190000,bulk=190000,1396.637
2025-09-08T19:03:13.555895479+03:00,heap_unique_btree,insert,190000,bulk=190000,1616.736
2025-09-08T19:03:14.964431262+03:00,heap_unique_btree,insert,190000,bulk=190000,1408.521
2025-09-08T19:03:16.359087707+03:00,heap_unique_btree,insert,190000,bulk=190000,1394.640
2025-09-08T19:03:17.721755385+03:00,heap_unique_btree,insert,190000,bulk=190000,1362.651
2025-09-08T19:03:19.088932945+03:00,heap_unique_btree,insert,190000,bulk=190000,1367.163
2025-09-08T19:03:20.494146327+03:00,heap_unique_btree,insert,190000,bulk=190000,1405.201
2025-09-08T19:03:21.914730265+03:00,heap_unique_btree,insert,190000,bulk=190000,1420.568
2025-09-08T19:03:23.327564745+03:00,heap_unique_btree,insert,190000,bulk=190000,1412.789
2025-09-08T19:03:24.725904923+03:00,heap_unique_btree,insert,190000,bulk=190000,1398.324
2025-09-08T19:03:26.139635352+03:00,heap_unique_btree,insert,190000,bulk=190000,1413.717
2025-09-08T19:03:27.589109647+03:00,heap_unique_btree,insert,190000,bulk=190000,1449.462
2025-09-08T19:03:29.01110205+03:00,heap_unique_btree,insert,190000,bulk=190000,1421.973
2025-09-08T19:03:30.388110341+03:00,heap_unique_btree,insert,190000,bulk=190000,1376.992
2025-09-08T19:03:31.980259566+03:00,heap_unique_btree,insert,190000,bulk=190000,1592.137
2025-09-08T19:03:33.420445223+03:00,heap_unique_btree,select,190000,"k in [a,b] (~N/50, cap 1000)",0.711
2025-09-08T19:03:33.42113883+03:00,heap_unique_btree,select,190000,"k in [a,b] (~N/50, cap 1000)",0.680
2025-09-08T19:03:33.421764551+03:00,heap_unique_btree,select,190000,"k in [a,b] (~N/50, cap 1000)",0.616
2025-09-08T19:03:33.422298498+03:00,heap_unique_btree,select,190000,"k in [a,b] (~N/50, cap 1000)",0.527
2025-09-08T19:03:33.423059084+03:00,heap_unique_btree,select,190000,"k in [a,b] (~N/50, cap 1000)",0.753
2025-09-08T19:03:33.423871424+03:00,heap_unique_btree,select,190000,"k in [a,b] (~N/50, cap 1000)",0.803
2025-09-08T19:03:33.424601559+03:00,heap_unique_btree,select,190000,"k in [a,b] (~N/50, cap 1000)",0.721
2025-09-08T19:03:33.425288392+03:00,heap_unique_btree,select,190000,"k in [a,b] (~N/50, cap 1000)",0.678
2025-09-08T19:03:33.426006793+03:00,heap_unique_btree,select,190000,"k in [a,b] (~N/50, cap 1000)",0.710
2025-09-08T19:03:33.426698794+03:00,heap_unique_btree,select,190000,"k in [a,b] (~N/50, cap 1000)",0.683
2025-09-08T19:03:33.427333734+03:00,heap_unique_btree,select,190000,"k in [a,b] (~N/50, cap 1000)",0.627
2025-09-08T19:03:33.427968324+03:00,heap_unique_btree,select,190000,"k in [a,b] (~N/50, cap 1000)",0.626
2025-09-08T19:03:33.428670383+03:00,heap_unique_btree,select,190000,"k in [a,b] (~N/50, cap 1000)",0.694
2025-09-08T19:03:33.429299316+03:00,heap_unique_btree,select,190000,"k in [a,b] (~N/50, cap 1000)",0.622
2025-09-08T19:03:33.430017158+03:00,heap_unique_btree,select,190000,"k in [a,b] (~N/50, cap 1000)",0.709
2025-09-08T19:03:33.430664111+03:00,heap_unique_btree,select,190000,"k in [a,b] (~N/50, cap 1000)",0.638
2025-09-08T19:03:33.431348359+03:00,heap_unique_btree,select,190000,"k in [a,b] (~N/50, cap 1000)",0.677
2025-09-08T19:03:33.432296194+03:00,heap_unique_btree,select,190000,"k in [a,b] (~N/50, cap 1000)",0.939
2025-09-08T19:03:33.433372749+03:00,heap_unique_btree,select,190000,"k in [a,b] (~N/50, cap 1000)",1.068
2025-09-08T19:03:33.434121951+03:00,heap_unique_btree,select,190000,"k in [a,b] (~N/50, cap 1000)",0.725
2025-09-08T19:03:33.434745995+03:00,heap_unique_btree,select,190000,"k in [a,b] (~N/50, cap 1000)",0.615
2025-09-08T19:03:33.435351391+03:00,heap_unique_btree,select,190000,"k in [a,b] (~N/50, cap 1000)",0.596
2025-09-08T19:03:33.436162055+03:00,heap_unique_btree,select,190000,"k in [a,b] (~N/50, cap 1000)",0.802
2025-09-08T19:03:33.436866138+03:00,heap_unique_btree,select,190000,"k in [a,b] (~N/50, cap 1000)",0.697
2025-09-08T19:03:33.437589569+03:00,heap_unique_btree,select,190000,"k in [a,b] (~N/50, cap 1000)",0.715
2025-09-08T19:03:33.43829931+03:00,heap_unique_btree,select,190000,"k in [a,b] (~N/50, cap 1000)",0.702
2025-09-08T19:03:33.438918465+03:00,heap_unique_btree,select,190000,"k in [a,b] (~N/50, cap 1000)",0.610
2025-09-08T19:03:33.439508845+03:00,heap_unique_btree,select,190000,"k in [a,b] (~N/50, cap 1000)",0.582
2025-09-08T19:03:33.440076945+03:00,heap_unique_btree,select,190000,"k in [a,b] (~N/50, cap 1000)",0.560
2025-09-08T19:03:33.440658455+03:00,heap_unique_btree,select,190000,"k in [a,b] (~N/50, cap 1000)",0.573
2025-09-08T19:03:33.441236612+03:00,heap_unique_btree,select,190000,"k in [a,b] (~N/50, cap 1000)",0.570
2025-09-08T19:03:33.441811767+03:00,heap_unique_btree,select,190000,"k in [a,b] (~N/50, cap 1000)",0.568
2025-09-08T19:03:33.442418559+03:00,heap_unique_btree,select,190000,"k in [a,b] (~N/50, cap 1000)",0.600
2025-09-08T19:03:33.443117265+03:00,heap_unique_btree,select,190000,"k in [a,b] (~N/50, cap 1000)",0.690
2025-09-08T19:03:33.443804377+03:00,heap_unique_btree,select,190000,"k in [a,b] (~N/50, cap 1000)",0.680
2025-09-08T19:03:33.44439336+03:00,heap_unique_btree,select,190000,"k in [a,b] (~N/50, cap 1000)",0.581
2025-09-08T19:03:33.44497501+03:00,heap_unique_btree,select,190000,"k in [a,b] (~N/50, cap 1000)",0.575
2025-09-08T19:03:33.445563853+03:00,heap_unique_btree,select,190000,"k in [a,b] (~N/50, cap 1000)",0.581
2025-09-08T19:03:33.446124061+03:00,heap_unique_btree,select,190000,"k in [a,b] (~N/50, cap 1000)",0.553
2025-09-08T19:03:33.446707387+03:00,heap_unique_btree,select,190000,"k in [a,b] (~N/50, cap 1000)",0.576
2025-09-08T19:03:33.447321374+03:00,heap_unique_btree,select,190000,"k in [a,b] (~N/50, cap 1000)",0.574
2025-09-08T19:03:33.447896528+03:00,heap_unique_btree,select,190000,"k in [a,b] (~N/50, cap 1000)",0.568
2025-09-08T19:03:33.448492286+03:00,heap_unique_btree,select,190000,"k in [a,b] (~N/50, cap 1000)",0.589
2025-09-08T19:03:33.449056056+03:00,heap_unique_btree,select,190000,"k in [a,b] (~N/50, cap 1000)",0.558
2025-09-08T19:03:33.449639172+03:00,heap_unique_btree,select,190000,"k in [a,b] (~N/50, cap 1000)",0.577
2025-09-08T19:03:33.45020371+03:00,heap_unique_btree,select,190000,"k in [a,b] (~N/50, cap 1000)",0.557
2025-09-08T19:03:33.450771811+03:00,heap_unique_btree,select,190000,"k in [a,b] (~N/50, cap 1000)",0.561
2025-09-08T19:03:33.451349339+03:00,heap_unique_btree,select,190000,"k in [a,b] (~N/50, cap 1000)",0.571
2025-09-08T19:03:33.451927148+03:00,heap_unique_btree,select,190000,"k in [a,b] (~N/50, cap 1000)",0.570
2025-09-08T19:03:33.452526118+03:00,heap_unique_btree,select,190000,"k in [a,b] (~N/50, cap 1000)",0.591
2025-09-08T19:03:33.453087514+03:00,heap_unique_btree,select,190000,"k in [a,b] (~N/50, cap 1000)",0.554
2025-09-08T19:03:33.453739006+03:00,heap_unique_btree,select,190000,"k in [a,b] (~N/50, cap 1000)",0.643
2025-09-08T19:03:33.454444417+03:00,heap_unique_btree,select,190000,"k in [a,b] (~N/50, cap 1000)",0.698
2025-09-08T19:03:33.455021666+03:00,heap_unique_btree,select,190000,"k in [a,b] (~N/50, cap 1000)",0.570
2025-09-08T19:03:33.455592909+03:00,heap_unique_btree,select,190000,"k in [a,b] (~N/50, cap 1000)",0.563
2025-09-08T19:03:33.456170159+03:00,heap_unique_btree,select,190000,"k in [a,b] (~N/50, cap 1000)",0.571
2025-09-08T19:03:33.457070291+03:00,heap_unique_btree,select,190000,"k in [a,b] (~N/50, cap 1000)",0.892
2025-09-08T19:03:33.457938784+03:00,heap_unique_btree,select,190000,"k in [a,b] (~N/50, cap 1000)",0.858
2025-09-08T19:03:33.458599007+03:00,heap_unique_btree,select,190000,"k in [a,b] (~N/50, cap 1000)",0.652
2025-09-08T19:03:33.459233388+03:00,heap_unique_btree,select,190000,"k in [a,b] (~N/50, cap 1000)",0.626
2025-09-08T19:03:33.459870143+03:00,heap_unique_btree,select,190000,"k in [a,b] (~N/50, cap 1000)",0.628
2025-09-08T19:03:33.46055495+03:00,heap_unique_btree,select,190000,"k in [a,b] (~N/50, cap 1000)",0.676
2025-09-08T19:03:33.461182347+03:00,heap_unique_btree,select,190000,"k in [a,b] (~N/50, cap 1000)",0.619
2025-09-08T19:03:33.461813166+03:00,heap_unique_btree,select,190000,"k in [a,b] (~N/50, cap 1000)",0.623
2025-09-08T19:03:33.462425336+03:00,heap_unique_btree,select,190000,"k in [a,b] (~N/50, cap 1000)",0.604
2025-09-08T19:03:33.462936026+03:00,heap_unique_btree,select,190000,"k in [a,b] (~N/50, cap 1000)",0.503
2025-09-08T19:03:33.463630402+03:00,heap_unique_btree,select,190000,"k in [a,b] (~N/50, cap 1000)",0.686
2025-09-08T19:03:33.464269182+03:00,heap_unique_btree,select,190000,"k in [a,b] (~N/50, cap 1000)",0.631
2025-09-08T19:03:33.464909081+03:00,heap_unique_btree,select,190000,"k in [a,b] (~N/50, cap 1000)",0.632
2025-09-08T19:03:33.465550865+03:00,heap_unique_btree,select,190000,"k in [a,b] (~N/50, cap 1000)",0.634
2025-09-08T19:03:33.466141385+03:00,heap_unique_btree,select,190000,"k in [a,b] (~N/50, cap 1000)",0.583
2025-09-08T19:03:33.466747758+03:00,heap_unique_btree,select,190000,"k in [a,b] (~N/50, cap 1000)",0.598
2025-09-08T19:03:33.467340443+03:00,heap_unique_btree,select,190000,"k in [a,b] (~N/50, cap 1000)",0.585
2025-09-08T19:03:33.467926982+03:00,heap_unique_btree,select,190000,"k in [a,b] (~N/50, cap 1000)",0.578
2025-09-08T19:03:33.468526162+03:00,heap_unique_btree,select,190000,"k in [a,b] (~N/50, cap 1000)",0.592
2025-09-08T19:03:33.469098383+03:00,heap_unique_btree,select,190000,"k in [a,b] (~N/50, cap 1000)",0.565
2025-09-08T19:03:33.469690579+03:00,heap_unique_btree,select,190000,"k in [a,b] (~N/50, cap 1000)",0.585
2025-09-08T19:03:33.470285219+03:00,heap_unique_btree,select,190000,"k in [a,b] (~N/50, cap 1000)",0.588
2025-09-08T19:03:33.47088398+03:00,heap_unique_btree,select,190000,"k in [a,b] (~N/50, cap 1000)",0.590
2025-09-08T19:03:33.471502786+03:00,heap_unique_btree,select,190000,"k in [a,b] (~N/50, cap 1000)",0.581
2025-09-08T19:03:33.472041412+03:00,heap_unique_btree,select,190000,"k in [a,b] (~N/50, cap 1000)",0.531
2025-09-08T19:03:33.472613494+03:00,heap_unique_btree,select,190000,"k in [a,b] (~N/50, cap 1000)",0.564
2025-09-08T19:03:33.47311217+03:00,heap_unique_btree,select,190000,"k in [a,b] (~N/50, cap 1000)",0.491
2025-09-08T19:03:33.473670981+03:00,heap_unique_btree,select,190000,"k in [a,b] (~N/50, cap 1000)",0.552
2025-09-08T19:03:33.474219735+03:00,heap_unique_btree,select,190000,"k in [a,b] (~N/50, cap 1000)",0.540
2025-09-08T19:03:33.474790768+03:00,heap_unique_btree,select,190000,"k in [a,b] (~N/50, cap 1000)",0.564
2025-09-08T19:03:33.475355027+03:00,heap_unique_btree,select,190000,"k in [a,b] (~N/50, cap 1000)",0.558
2025-09-08T19:03:33.475878777+03:00,heap_unique_btree,select,190000,"k in [a,b] (~N/50, cap 1000)",0.516
2025-09-08T19:03:33.476589845+03:00,heap_unique_btree,select,190000,"k in [a,b] (~N/50, cap 1000)",0.703
2025-09-08T19:03:33.477190003+03:00,heap_unique_btree,select,190000,"k in [a,b] (~N/50, cap 1000)",0.593
2025-09-08T19:03:33.477785691+03:00,heap_unique_btree,select,190000,"k in [a,b] (~N/50, cap 1000)",0.588
2025-09-08T19:03:33.478363988+03:00,heap_unique_btree,select,190000,"k in [a,b] (~N/50, cap 1000)",0.570
2025-09-08T19:03:33.478893535+03:00,heap_unique_btree,select,190000,"k in [a,b] (~N/50, cap 1000)",0.522
2025-09-08T19:03:33.479474067+03:00,heap_unique_btree,select,190000,"k in [a,b] (~N/50, cap 1000)",0.572
2025-09-08T19:03:33.480053692+03:00,heap_unique_btree,select,190000,"k in [a,b] (~N/50, cap 1000)",0.572
2025-09-08T19:03:33.480668517+03:00,heap_unique_btree,select,190000,"k in [a,b] (~N/50, cap 1000)",0.607
2025-09-08T19:03:33.48123948+03:00,heap_unique_btree,select,190000,"k in [a,b] (~N/50, cap 1000)",0.562
2025-09-08T19:03:33.481887271+03:00,heap_unique_btree,select,190000,"k in [a,b] (~N/50, cap 1000)",0.640
2025-09-08T19:03:33.482549798+03:00,heap_unique_btree,select,190000,"k in [a,b] (~N/50, cap 1000)",0.654
2025-09-08T19:03:33.483118108+03:00,heap_unique_btree,select,190000,"k in [a,b] (~N/50, cap 1000)",0.560
2025-09-08T19:03:39.200476962+03:00,heap_unique_btree,delete,190000,k%7=0,1482.480
2025-09-08T19:03:40.626108547+03:00,heap_unique_btree,delete,190000,k%7=0,1425.612
2025-09-08T19:03:42.046347932+03:00,heap_unique_btree,delete,190000,k%7=0,1420.224
2025-09-08T19:03:43.508180997+03:00,heap_unique_btree,delete,190000,k%7=0,1461.815
2025-09-08T19:03:44.942426216+03:00,heap_unique_btree,delete,190000,k%7=0,1434.230
2025-09-08T19:03:46.380603721+03:00,heap_unique_btree,delete,190000,k%7=0,1438.122
2025-09-08T19:03:47.82206125+03:00,heap_unique_btree,delete,190000,k%7=0,1441.438
2025-09-08T19:03:49.435418526+03:00,heap_unique_btree,delete,190000,k%7=0,1613.342
2025-09-08T19:03:50.883768485+03:00,heap_unique_btree,delete,190000,k%7=0,1448.330
2025-09-08T19:03:52.30634567+03:00,heap_unique_btree,delete,190000,k%7=0,1422.551
2025-09-08T19:03:53.729841917+03:00,heap_unique_btree,delete,190000,k%7=0,1423.479
2025-09-08T19:03:55.149202646+03:00,heap_unique_btree,delete,190000,k%7=0,1419.343
2025-09-08T19:03:56.545902509+03:00,heap_unique_btree,delete,190000,k%7=0,1396.676
2025-09-08T19:03:57.992086525+03:00,heap_unique_btree,delete,190000,k%7=0,1446.166
2025-09-08T19:03:59.407983487+03:00,heap_unique_btree,delete,190000,k%7=0,1415.881
2025-09-08T19:04:00.816189589+03:00,heap_unique_btree,delete,190000,k%7=0,1408.185
2025-09-08T19:04:02.278021584+03:00,heap_unique_btree,delete,190000,k%7=0,1461.814
2025-09-08T19:04:03.703854791+03:00,heap_unique_btree,delete,190000,k%7=0,1425.819
2025-09-08T19:04:05.117669967+03:00,heap_unique_btree,delete,190000,k%7=0,1413.799
2025-09-08T19:04:06.65355677+03:00,heap_unique_btree,delete,190000,k%7=0,1535.868
2025-09-08T19:04:08.144341004+03:00,heap_unique_btree,delete,190000,k%7=0,1490.763
2025-09-08T19:04:09.586779318+03:00,heap_unique_btree,delete,190000,k%7=0,1442.406
2025-09-08T19:04:10.98905671+03:00,heap_unique_btree,delete,190000,k%7=0,1402.247
2025-09-08T19:04:12.393246678+03:00,heap_unique_btree,delete,190000,k%7=0,1404.169
2025-09-08T19:04:13.785608794+03:00,heap_unique_btree,delete,190000,k%7=0,1392.346
2025-09-08T19:04:15.246891578+03:00,heap_unique_btree,delete,190000,k%7=0,1461.268
2025-09-08T19:04:16.646523903+03:00,heap_unique_btree,delete,190000,k%7=0,1399.612
2025-09-08T19:04:18.057418709+03:00,heap_unique_btree,delete,190000,k%7=0,1410.872
2025-09-08T19:04:19.482247687+03:00,heap_unique_btree,delete,190000,k%7=0,1424.791
2025-09-08T19:04:20.935561647+03:00,heap_unique_btree,delete,190000,k%7=0,1453.299
2025-09-08T19:04:22.361584802+03:00,heap_unique_btree,delete,190000,k%7=0,1426.005
2025-09-08T19:04:23.999031184+03:00,heap_unique_btree,delete,190000,k%7=0,1637.427
2025-09-08T19:04:25.409851136+03:00,heap_unique_btree,delete,190000,k%7=0,1410.801
2025-09-08T19:04:26.825742227+03:00,heap_unique_btree,delete,190000,k%7=0,1415.855
2025-09-08T19:04:28.212569835+03:00,heap_unique_btree,delete,190000,k%7=0,1386.807
2025-09-08T19:04:29.605913626+03:00,heap_unique_btree,delete,190000,k%7=0,1393.326
2025-09-08T19:04:31.024094518+03:00,heap_unique_btree,delete,190000,k%7=0,1418.162
2025-09-08T19:04:32.425831378+03:00,heap_unique_btree,delete,190000,k%7=0,1401.720
2025-09-08T19:04:33.862372514+03:00,heap_unique_btree,delete,190000,k%7=0,1436.373
2025-09-08T19:04:35.279101457+03:00,heap_unique_btree,delete,190000,k%7=0,1416.690
2025-09-08T19:04:36.690130334+03:00,heap_unique_btree,delete,190000,k%7=0,1411.011
2025-09-08T19:04:38.156260253+03:00,heap_unique_btree,delete,190000,k%7=0,1466.107
2025-09-08T19:04:39.617141011+03:00,heap_unique_btree,delete,190000,k%7=0,1460.860
2025-09-08T19:04:41.036222267+03:00,heap_unique_btree,delete,190000,k%7=0,1419.065
2025-09-08T19:04:42.626777665+03:00,heap_unique_btree,delete,190000,k%7=0,1590.535
2025-09-08T19:04:44.085505114+03:00,heap_unique_btree,delete,190000,k%7=0,1458.714
2025-09-08T19:04:45.479391548+03:00,heap_unique_btree,delete,190000,k%7=0,1393.869
2025-09-08T19:04:46.881602044+03:00,heap_unique_btree,delete,190000,k%7=0,1402.193
2025-09-08T19:04:48.290025187+03:00,heap_unique_btree,delete,190000,k%7=0,1408.408
2025-09-08T19:04:49.688272955+03:00,heap_unique_btree,delete,190000,k%7=0,1398.230
2025-09-08T19:04:51.150238466+03:00,heap_unique_btree,delete,190000,k%7=0,1461.880
2025-09-08T19:04:52.60218554+03:00,heap_unique_btree,delete,190000,k%7=0,1451.930
2025-09-08T19:04:54.010436044+03:00,heap_unique_btree,delete,190000,k%7=0,1408.224
2025-09-08T19:04:55.412491717+03:00,heap_unique_btree,delete,190000,k%7=0,1402.038
2025-09-08T19:04:56.837474364+03:00,heap_unique_btree,delete,190000,k%7=0,1424.936
2025-09-08T19:04:58.344137379+03:00,heap_unique_btree,delete,190000,k%7=0,1506.644
2025-09-08T19:04:59.862112674+03:00,heap_unique_btree,delete,190000,k%7=0,1517.956
2025-09-08T19:05:01.417566872+03:00,heap_unique_btree,delete,190000,k%7=0,1555.306
2025-09-08T19:05:02.870549385+03:00,heap_unique_btree,delete,190000,k%7=0,1452.968
2025-09-08T19:05:04.284834807+03:00,heap_unique_btree,delete,190000,k%7=0,1414.263
2025-09-08T19:05:05.672920153+03:00,heap_unique_btree,delete,190000,k%7=0,1388.066
2025-09-08T19:05:07.085219814+03:00,heap_unique_btree,delete,190000,k%7=0,1412.278
2025-09-08T19:05:08.508644925+03:00,heap_unique_btree,delete,190000,k%7=0,1423.411
2025-09-08T19:05:09.969913169+03:00,heap_unique_btree,delete,190000,k%7=0,1461.253
2025-09-08T19:05:11.396349902+03:00,heap_unique_btree,delete,190000,k%7=0,1426.416
2025-09-08T19:05:12.793369258+03:00,heap_unique_btree,delete,190000,k%7=0,1396.999
2025-09-08T19:05:14.207554546+03:00,heap_unique_btree,delete,190000,k%7=0,1414.156
2025-09-08T19:05:15.606156472+03:00,heap_unique_btree,delete,190000,k%7=0,1398.587
2025-09-08T19:05:17.005341797+03:00,heap_unique_btree,delete,190000,k%7=0,1399.169
2025-09-08T19:05:18.643422561+03:00,heap_unique_btree,delete,190000,k%7=0,1638.064
2025-09-08T19:05:20.090927142+03:00,heap_unique_btree,delete,190000,k%7=0,1447.479
2025-09-08T19:05:21.480896946+03:00,heap_unique_btree,delete,190000,k%7=0,1389.950
2025-09-08T19:05:22.868514801+03:00,heap_unique_btree,delete,190000,k%7=0,1387.604
2025-09-08T19:05:24.288265593+03:00,heap_unique_btree,delete,190000,k%7=0,1419.732
2025-09-08T19:05:25.678231984+03:00,heap_unique_btree,delete,190000,k%7=0,1389.948
2025-09-08T19:05:27.069784504+03:00,heap_unique_btree,delete,190000,k%7=0,1391.527
2025-09-08T19:05:28.517533622+03:00,heap_unique_btree,delete,190000,k%7=0,1447.729
2025-09-08T19:05:29.96786783+03:00,heap_unique_btree,delete,190000,k%7=0,1450.316
2025-09-08T19:05:31.359480145+03:00,heap_unique_btree,delete,190000,k%7=0,1391.584
2025-09-08T19:05:32.792569925+03:00,heap_unique_btree,delete,190000,k%7=0,1433.072
2025-09-08T19:05:34.207915341+03:00,heap_unique_btree,delete,190000,k%7=0,1415.319
2025-09-08T19:05:35.806020998+03:00,heap_unique_btree,delete,190000,k%7=0,1598.081
2025-09-08T19:05:37.275643949+03:00,heap_unique_btree,delete,190000,k%7=0,1469.607
2025-09-08T19:05:38.695034383+03:00,heap_unique_btree,delete,190000,k%7=0,1419.374
2025-09-08T19:05:40.100959572+03:00,heap_unique_btree,delete,190000,k%7=0,1405.907
2025-09-08T19:05:41.499290002+03:00,heap_unique_btree,delete,190000,k%7=0,1398.305
2025-09-08T19:05:42.9169598+03:00,heap_unique_btree,delete,190000,k%7=0,1417.648
2025-09-08T19:05:44.452472198+03:00,heap_unique_btree,delete,190000,k%7=0,1535.489
2025-09-08T19:05:45.886570184+03:00,heap_unique_btree,delete,190000,k%7=0,1434.080
2025-09-08T19:05:47.294036745+03:00,heap_unique_btree,delete,190000,k%7=0,1407.443
2025-09-08T19:05:48.704587911+03:00,heap_unique_btree,delete,190000,k%7=0,1410.537
2025-09-08T19:05:50.141051476+03:00,heap_unique_btree,delete,190000,k%7=0,1436.441
2025-09-08T19:05:51.583513552+03:00,heap_unique_btree,delete,190000,k%7=0,1442.448
2025-09-08T19:05:53.019564563+03:00,heap_unique_btree,delete,190000,k%7=0,1436.035
2025-09-08T19:05:54.617834532+03:00,heap_unique_btree,delete,190000,k%7=0,1598.241
2025-09-08T19:05:56.028334656+03:00,heap_unique_btree,delete,190000,k%7=0,1410.461
2025-09-08T19:05:57.418981516+03:00,heap_unique_btree,delete,190000,k%7=0,1390.623
2025-09-08T19:05:58.816451099+03:00,heap_unique_btree,delete,190000,k%7=0,1397.442
2025-09-08T19:06:00.237973383+03:00,heap_unique_btree,delete,190000,k%7=0,1421.336
2025-09-08T19:06:01.649124242+03:00,heap_unique_btree,delete,190000,k%7=0,1411.084
2025-09-08T19:06:02.076486362+03:00,clustered_btree,insert,10000,bulk=10000,94.999
2025-09-08T19:06:02.173889785+03:00,clustered_btree,insert,10000,bulk=10000,97.392
2025-09-08T19:06:02.26492244+03:00,clustered_btree,insert,10000,bulk=10000,91.019
2025-09-08T19:06:02.359616876+03:00,clustered_btree,insert,10000,bulk=10000,94.681
2025-09-08T19:06:02.458497682+03:00,clustered_btree,insert,10000,bulk=10000,98.864
2025-09-08T19:06:02.557575653+03:00,clustered_btree,insert,10000,bulk=10000,99.062
2025-09-08T19:06:02.66022021+03:00,clustered_btree,insert,10000,bulk=10000,102.633
2025-09-08T19:06:02.782017792+03:00,clustered_btree,insert,10000,bulk=10000,121.780
2025-09-08T19:06:02.885857637+03:00,clustered_btree,insert,10000,bulk=10000,103.825
2025-09-08T19:06:02.986095555+03:00,clustered_btree,insert,10000,bulk=10000,100.223
2025-09-08T19:06:03.089834128+03:00,clustered_btree,insert,10000,bulk=10000,103.722
2025-09-08T19:06:03.193503696+03:00,clustered_btree,insert,10000,bulk=10000,103.650
2025-09-08T19:06:03.300934781+03:00,clustered_btree,insert,10000,bulk=10000,107.414
2025-09-08T19:06:03.401429441+03:00,clustered_btree,insert,10000,bulk=10000,100.474
2025-09-08T19:06:03.502616591+03:00,clustered_btree,insert,10000,bulk=10000,101.168
2025-09-08T19:06:03.603361708+03:00,clustered_btree,insert,10000,bulk=10000,100.733
2025-09-08T19:06:03.704267043+03:00,clustered_btree,insert,10000,bulk=10000,100.881
2025-09-08T19:06:03.799983347+03:00,clustered_btree,insert,10000,bulk=10000,95.698
2025-09-08T19:06:03.89052864+03:00,clustered_btree,insert,10000,bulk=10000,90.531
2025-09-08T19:06:03.98523907+03:00,clustered_btree,insert,10000,bulk=10000,94.699
2025-09-08T19:06:04.117279289+03:00,clustered_btree,insert,10000,bulk=10000,132.024
2025-09-08T19:06:04.209701534+03:00,clustered_btree,insert,10000,bulk=10000,92.406
2025-09-08T19:06:04.301939673+03:00,clustered_btree,insert,10000,bulk=10000,92.227
2025-09-08T19:06:04.39910179+03:00,clustered_btree,insert,10000,bulk=10000,97.148
2025-09-08T19:06:04.496583298+03:00,clustered_btree,insert,10000,bulk=10000,97.466
2025-09-08T19:06:04.595583535+03:00,clustered_btree,insert,10000,bulk=10000,98.969
2025-09-08T19:06:04.699565719+03:00,clustered_btree,insert,10000,bulk=10000,103.964
2025-09-08T19:06:04.801369161+03:00,clustered_btree,insert,10000,bulk=10000,101.789
2025-09-08T19:06:04.904152007+03:00,clustered_btree,insert,10000,bulk=10000,102.755
2025-09-08T19:06:05.003610202+03:00,clustered_btree,insert,10000,bulk=10000,99.447
2025-09-08T19:06:05.102784138+03:00,clustered_btree,insert,10000,bulk=10000,99.159
2025-09-08T19:06:05.201537761+03:00,clustered_btree,insert,10000,bulk=10000,98.742
2025-09-08T19:06:05.302621404+03:00,clustered_btree,insert,10000,bulk=10000,101.071
2025-09-08T19:06:05.401410996+03:00,clustered_btree,insert,10000,bulk=10000,98.775
2025-09-08T19:06:05.502475153+03:00,clustered_btree,insert,10000,bulk=10000,101.052
2025-09-08T19:06:05.600427052+03:00,clustered_btree,insert,10000,bulk=10000,97.938
2025-09-08T19:06:05.698687096+03:00,clustered_btree,insert,10000,bulk=10000,98.246
2025-09-08T19:06:05.797341332+03:00,clustered_btree,insert,10000,bulk=10000,98.633
2025-09-08T19:06:05.896724656+03:00,clustered_btree,insert,10000,bulk=10000,99.370
2025-09-08T19:06:05.998242931+03:00,clustered_btree,insert,10000,bulk=10000,101.501
2025-09-08T19:06:06.09553328+03:00,clustered_btree,insert,10000,bulk=10000,97.276
2025-09-08T19:06:06.19431442+03:00,clustered_btree,insert,10000,bulk=10000,98.769
2025-09-08T19:06:06.290816874+03:00,clustered_btree,insert,10000,bulk=10000,96.489
2025-09-08T19:06:06.388544508+03:00,clustered_btree,insert,10000,bulk=10000,97.715
2025-09-08T19:06:06.488192606+03:00,clustered_btree,insert,10000,bulk=10000,99.636
2025-09-08T19:06:06.586857458+03:00,clustered_btree,insert,10000,bulk=10000,98.650
2025-09-08T19:06:06.687194554+03:00,clustered_btree,insert,10000,bulk=10000,100.325
2025-09-08T19:06:06.781588527+03:00,clustered_btree,insert,10000,bulk=10000,94.379
2025-09-08T19:06:06.879519333+03:00,clustered_btree,insert,10000,bulk=10000,97.919
2025-09-08T19:06:06.974137292+03:00,clustered_btree,insert,10000,bulk=10000,94.603
2025-09-08T19:06:07.068625483+03:00,clustered_btree,insert,10000,bulk=10000,94.445
2025-09-08T19:06:07.166151481+03:00,clustered_btree,insert,10000,bulk=10000,97.511
2025-09-08T19:06:07.267121631+03:00,clustered_btree,insert,10000,bulk=10000,100.952
2025-09-08T19:06:07.361986903+03:00,clustered_btree,insert,10000,bulk=10000,94.850
2025-09-08T19:06:07.458452759+03:00,clustered_btree,insert,10000,bulk=10000,96.439
2025-09-08T19:06:07.556493288+03:00,clustered_btree,insert,10000,bulk=10000,98.020
2025-09-08T19:06:07.659591334+03:00,clustered_btree,insert,10000,bulk=10000,103.083
2025-09-08T19:06:07.756308624+03:00,clustered_btree,insert,10000,bulk=10000,96.699
2025-09-08T19:06:07.852798367+03:00,clustered_btree,insert,10000,bulk=10000,96.473
2025-09-08T19:06:07.949642072+03:00,clustered_btree,insert,10000,bulk=10000,96.828
2025-09-08T19:06:08.047735611+03:00,clustered_btree,insert,10000,bulk=10000,98.081
2025-09-08T19:06:08.142763826+03:00,clustered_btree,insert,10000,bulk=10000,95.011
2025-09-08T19:06:08.240804914+03:00,clustered_btree,insert,10000,bulk=10000,98.025
2025-09-08T19:06:08.345578067+03:00,clustered_btree,insert,10000,bulk=10000,104.758
2025-09-08T19:06:08.441873996+03:00,clustered_btree,insert,10000,bulk=10000,96.284
2025-09-08T19:06:08.539841959+03:00,clustered_btree,insert,10000,bulk=10000,97.949
2025-09-08T19:06:08.638740645+03:00,clustered_btree,insert,10000,bulk=10000,98.868
2025-09-08T19:06:08.738383365+03:00,clustered_btree,insert,10000,bulk=10000,99.616
2025-09-08T19:06:08.837506316+03:00,clustered_btree,insert,10000,bulk=10000,99.110
2025-09-08T19:06:08.940118956+03:00,clustered_btree,insert,10000,bulk=10000,102.598
2025-09-08T19:06:09.039142521+03:00,clustered_btree,insert,10000,bulk=10000,99.009
2025-09-08T19:06:09.140668059+03:00,clustered_btree,insert,10000,bulk=10000,101.504
2025-09-08T19:06:09.240593433+03:00,clustered_btree,insert,10000,bulk=10000,99.910
2025-09-08T19:06:09.341222681+03:00,clustered_btree,insert,10000,bulk=10000,100.609
2025-09-08T19:06:09.438612835+03:00,clustered_btree,insert,10000,bulk=10000,97.371
2025-09-08T19:06:09.537046509+03:00,clustered_btree,insert,10000,bulk=10000,98.412
2025-09-08T19:06:09.635702352+03:00,clustered_btree,insert,10000,bulk=10000,98.637
2025-09-08T19:06:09.735442223+03:00,clustered_btree,insert,10000,bulk=10000,99.692
2025-09-08T19:06:09.837704044+03:00,clustered_btree,insert,10000,bulk=10000,102.246
2025-09-08T19:06:09.936708961+03:00,clustered_btree,insert,10000,bulk=10000,98.988
2025-09-08T19:06:10.03676473+03:00,clustered_btree,insert,10000,bulk=10000,100.040
2025-09-08T19:06:10.136551955+03:00,clustered_btree,insert,10000,bulk=10000,99.753
2025-09-08T19:06:10.23586425+03:00,clustered_btree,insert,10000,bulk=10000,99.296
2025-09-08T19:06:10.33869878+03:00,clustered_btree,insert,10000,bulk=10000,102.815
2025-09-08T19:06:10.440070176+03:00,clustered_btree,insert,10000,bulk=10000,101.353
2025-09-08T19:06:10.541348193+03:00,clustered_btree,insert,10000,bulk=10000,101.263
2025-09-08T19:06:10.642595618+03:00,clustered_btree,insert,10000,bulk=10000,101.233
2025-09-08T19:06:10.737086184+03:00,clustered_btree,insert,10000,bulk=10000,94.475
2025-09-08T19:06:10.837026085+03:00,clustered_btree,insert,10000,bulk=10000,99.928
2025-09-08T19:06:10.937448599+03:00,clustered_btree,insert,10000,bulk=10000,100.408
2025-09-08T19:06:11.037940746+03:00,clustered_btree,insert,10000,bulk=10000,100.469
2025-09-08T19:06:11.137547358+03:00,clustered_btree,insert,10000,bulk=10000,99.592
2025-09-08T19:06:11.236076157+03:00,clustered_btree,insert,10000,bulk=10000,98.513
2025-09-08T19:06:11.343634776+03:00,clustered_btree,insert,10000,bulk=10000,107.543
2025-09-08T19:06:11.442892663+03:00,clustered_btree,insert,10000,bulk=10000,99.243
2025-09-08T19:06:11.541402606+03:00,clustered_btree,insert,10000,bulk=10000,98.494
2025-09-08T19:06:11.638860298+03:00,clustered_btree,insert,10000,bulk=10000,97.441
2025-09-08T19:06:11.741618979+03:00,clustered_btree,insert,10000,bulk=10000,102.742
2025-09-08T19:06:11.84069779+03:00,clustered_btree,insert,10000,bulk=10000,99.063
2025-09-08T19:06:11.94029616+03:00,clustered_btree,insert,10000,bulk=10000,99.556
2025-09-08T19:06:12.096298632+03:00,clustered_btree,select,10000,"k in [a,b] (~N/50, cap 1000)",0.212
2025-09-08T19:06:12.096573952+03:00,clustered_btree,select,10000,"k in [a,b] (~N/50, cap 1000)",0.260
2025-09-08T19:06:12.096817843+03:00,clustered_btree,select,10000,"k in [a,b] (~N/50, cap 1000)",0.234
2025-09-08T19:06:12.097048533+03:00,clustered_btree,select,10000,"k in [a,b] (~N/50, cap 1000)",0.221
2025-09-08T19:06:12.097237178+03:00,clustered_btree,select,10000,"k in [a,b] (~N/50, cap 1000)",0.181
2025-09-08T19:06:12.097437697+03:00,clustered_btree,select,10000,"k in [a,b] (~N/50, cap 1000)",0.192
2025-09-08T19:06:12.097690597+03:00,clustered_btree,select,10000,"k in [a,b] (~N/50, cap 1000)",0.245
2025-09-08T19:06:12.097971644+03:00,clustered_btree,select,10000,"k in [a,b] (~N/50, cap 1000)",0.273
2025-09-08T19:06:12.098210296+03:00,clustered_btree,select,10000,"k in [a,b] (~N/50, cap 1000)",0.230
2025-09-08T19:06:12.098468924+03:00,clustered_btree,select,10000,"k in [a,b] (~N/50, cap 1000)",0.243
2025-09-08T19:06:12.098688928+03:00,clustered_btree,select,10000,"k in [a,b] (~N/50, cap 1000)",0.211
2025-09-08T19:06:12.098902716+03:00,clustered_btree,select,10000,"k in [a,b] (~N/50, cap 1000)",0.206
2025-09-08T19:06:12.099128657+03:00,clustered_btree,select,10000,"k in [a,b] (~N/50, cap 1000)",0.217
2025-09-08T19:06:12.099354878+03:00,clustered_btree,select,10000,"k in [a,b] (~N/50, cap 1000)",0.220
2025-09-08T19:06:12.099879466+03:00,clustered_btree,select,10000,"k in [a,b] (~N/50, cap 1000)",0.516
2025-09-08T19:06:12.100250889+03:00,clustered_btree,select,10000,"k in [a,b] (~N/50, cap 1000)",0.347
2025-09-08T19:06:12.100515663+03:00,clustered_btree,select,10000,"k in [a,b] (~N/50, cap 1000)",0.256
2025-09-08T19:06:12.100741744+03:00,clustered_btree,select,10000,"k in [a,b] (~N/50, cap 1000)",0.218
2025-09-08T19:06:12.100951342+03:00,clustered_btree,select,10000,"k in [a,b] (~N/50, cap 1000)",0.201
2025-09-08T19:06:12.101152+03:00,clustered_btree,select,10000,"k in [a,b] (~N/50, cap 1000)",0.193
2025-09-08T19:06:12.101348397+03:00,clustered_btree,select,10000,"k in [a,b] (~N/50, cap 1000)",0.187
2025-09-08T19:06:12.101560719+03:00,clustered_btree,select,10000,"k in [a,b] (~N/50, cap 1000)",0.204
2025-09-08T19:06:12.101741961+03:00,clustered_btree,select,10000,"k in [a,b] (~N/50, cap 1000)",0.174
2025-09-08T19:06:12.101925647+03:00,clustered_btree,select,10000,"k in [a,b] (~N/50, cap 1000)",0.176
2025-09-08T19:06:12.102100812+03:00,clustered_btree,select,10000,"k in [a,b] (~N/50, cap 1000)",0.169
2025-09-08T19:06:12.102276117+03:00,clustered_btree,select,10000,"k in [a,b] (~N/50, cap 1000)",0.169
2025-09-08T19:06:12.102462527+03:00,clustered_btree,select,10000,"k in [a,b] (~N/50, cap 1000)",0.180
2025-09-08T19:06:12.102663465+03:00,clustered_btree,select,10000,"k in [a,b] (~N/50, cap 1000)",0.195
2025-09-08T19:06:12.102854764+03:00,clustered_btree,select,10000,"k in [a,b] (~N/50, cap 1000)",0.184
2025-09-08T19:06:12.103040895+03:00,clustered_btree,select,10000,"k in [a,b] (~N/50, cap 1000)",0.179
2025-09-08T19:06:12.103233521+03:00,clustered_btree,select,10000,"k in [a,b] (~N/50, cap 1000)",0.185
2025-09-08T19:06:12.103445703+03:00,clustered_btree,select,10000,"k in [a,b] (~N/50, cap 1000)",0.205
2025-09-08T19:06:12.103642729+03:00,clustered_btree,select,10000,"k in [a,b] (~N/50, cap 1000)",0.188
2025-09-08T19:06:12.103830955+03:00,clustered_btree,select,10000,"k in [a,b] (~N/50, cap 1000)",0.181
2025-09-08T19:06:12.104013314+03:00,clustered_btree,select,10000,"k in [a,b] (~N/50, cap 1000)",0.176
2025-09-08T19:06:12.104207058+03:00,clustered_btree,select,10000,"k in [a,b] (~N/50, cap 1000)",0.185
2025-09-08T19:06:12.104399125+03:00,clustered_btree,select,10000,"k in [a,b] (~N/50, cap 1000)",0.186
2025-09-08T19:06:12.104570868+03:00,clustered_btree,select,10000,"k in [a,b] (~N/50, cap 1000)",0.165
2025-09-08T19:06:12.104735906+03:00,clustered_btree,select,10000,"k in [a,b] (~N/50, cap 1000)",0.159
2025-09-08T19:06:12.104909535+03:00,clustered_btree,select,10000,"k in [a,b] (~N/50, cap 1000)",0.166
2025-09-08T19:06:12.105074224+03:00,clustered_btree,select,10000,"k in [a,b] (~N/50, cap 1000)",0.158
2025-09-08T19:06:12.105308407+03:00,clustered_btree,select,10000,"k in [a,b] (~N/50, cap 1000)",0.190
2025-09-08T19:06:12.105503338+03:00,clustered_btree,select,10000,"k in [a,b] (~N/50, cap 1000)",0.188
2025-09-08T19:06:12.105680598+03:00,clustered_btree,select,10000,"k in [a,b] (~N/50, cap 1000)",0.171
2025-09-08T19:06:12.105857719+03:00,clustered_btree,select,10000,"k in [a,b] (~N/50, cap 1000)",0.170
2025-09-08T19:06:12.106027088+03:00,clustered_btree,select,10000,"k in [a,b] (~N/50, cap 1000)",0.163
2025-09-08T19:06:12.106192964+03:00,clustered_btree,select,10000,"k in [a,b] (~N/50, cap 1000)",0.159
2025-09-08T19:06:12.106358771+03:00,clustered_btree,select,10000,"k in [a,b] (~N/50, cap 1000)",0.160
2025-09-08T19:06:12.106607969+03:00,clustered_btree,select,10000,"k in [a,b] (~N/50, cap 1000)",0.243
2025-09-08T19:06:12.10684278+03:00,clustered_btree,select,10000,"k in [a,b] (~N/50, cap 1000)",0.226
2025-09-08T19:06:12.107069839+03:00,clustered_btree,select,10000,"k in [a,b] (~N/50, cap 1000)",0.220
2025-09-08T19:06:12.107286491+03:00,clustered_btree,select,10000,"k in [a,b] (~N/50, cap 1000)",0.208
2025-09-08T19:06:12.107548191+03:00,clustered_btree,select,10000,"k in [a,b] (~N/50, cap 1000)",0.254
2025-09-08T19:06:12.107772735+03:00,clustered_btree,select,10000,"k in [a,b] (~N/50, cap 1000)",0.217
2025-09-08T19:06:12.10800168+03:00,clustered_btree,select,10000,"k in [a,b] (~N/50, cap 1000)",0.221
2025-09-08T19:06:12.108216097+03:00,clustered_btree,select,10000,"k in [a,b] (~N/50, cap 1000)",0.206
2025-09-08T19:06:12.108442666+03:00,clustered_btree,select,10000,"k in [a,b] (~N/50, cap 1000)",0.218
2025-09-08T19:06:12.108675661+03:00,clustered_btree,select,10000,"k in [a,b] (~N/50, cap 1000)",0.224
2025-09-08T19:06:12.108884212+03:00,clustered_btree,select,10000,"k in [a,b] (~N/50, cap 1000)",0.200
2025-09-08T19:06:12.109079841+03:00,clustered_btree,select,10000,"k in [a,b] (~N/50, cap 1000)",0.188
2025-09-08T19:06:12.109264854+03:00,clustered_btree,select,10000,"k in [a,b] (~N/50, cap 1000)",0.177
2025-09-08T19:06:12.109473893+03:00,clustered_btree,select,10000,"k in [a,b] (~N/50, cap 1000)",0.202
2025-09-08T19:06:12.109662678+03:00,clustered_btree,select,10000,"k in [a,b] (~N/50, cap 1000)",0.181
2025-09-08T19:06:12.109854257+03:00,clustered_btree,select,10000,"k in [a,b] (~N/50, cap 1000)",0.186
2025-09-08T19:06:12.110037594+03:00,clustered_btree,select,10000,"k in [a,b] (~N/50, cap 1000)",0.176
2025-09-08T19:06:12.110224073+03:00,clustered_btree,select,10000,"k in [a,b] (~N/50, cap 1000)",0.180
2025-09-08T19:06:12.110414185+03:00,clustered_btree,select,10000,"k in [a,b] (~N/50, cap 1000)",0.183
2025-09-08T19:06:12.110606602+03:00,clustered_btree,select,10000,"k in [a,b] (~N/50, cap 1000)",0.187
2025-09-08T19:06:12.110786307+03:00,clustered_btree,select,10000,"k in [a,b] (~N/50, cap 1000)",0.172
2025-09-08T19:06:12.11096692+03:00,clustered_btree,select,10000,"k in [a,b] (~N/50, cap 1000)",0.174
2025-09-08T19:06:12.11115319+03:00,clustered_btree,select,10000,"k in [a,b] (~N/50, cap 1000)",0.179
2025-09-08T19:06:12.111351194+03:00,clustered_btree,select,10000,"k in [a,b] (~N/50, cap 1000)",0.190
2025-09-08T19:06:12.111541097+03:00,clustered_btree,select,10000,"k in [a,b] (~N/50, cap 1000)",0.184
2025-09-08T19:06:12.111736656+03:00,clustered_btree,select,10000,"k in [a,b] (~N/50, cap 1000)",0.188
2025-09-08T19:06:12.111929631+03:00,clustered_btree,select,10000,"k in [a,b] (~N/50, cap 1000)",0.185
2025-09-08T19:06:12.112112829+03:00,clustered_btree,select,10000,"k in [a,b] (~N/50, cap 1000)",0.177
2025-09-08T19:06:12.112294559+03:00,clustered_btree,select,10000,"k in [a,b] (~N/50, cap 1000)",0.176
2025-09-08T19:06:12.112498849+03:00,clustered_btree,select,10000,"k in [a,b] (~N/50, cap 1000)",0.197
2025-09-08T19:06:12.112681418+03:00,clustered_btree,select,10000,"k in [a,b] (~N/50, cap 1000)",0.175
2025-09-08T19:06:12.112859726+03:00,clustered_btree,select,10000,"k in [a,b] (~N/50, cap 1000)",0.171
2025-09-08T19:06:12.113046765+03:00,clustered_btree,select,10000,"k in [a,b] (~N/50, cap 1000)",0.181
2025-09-08T19:06:12.11329771+03:00,clustered_btree,select,10000,"k in [a,b] (~N/50, cap 1000)",0.214
2025-09-08T19:06:12.113518482+03:00,clustered_btree,select,10000,"k in [a,b] (~N/50, cap 1000)",0.213
2025-09-08T19:06:12.113712226+03:00,clustered_btree,select,10000,"k in [a,b] (~N/50, cap 1000)",0.185
2025-09-08T19:06:12.113895633+03:00,clustered_btree,select,10000,"k in [a,b] (~N/50, cap 1000)",0.175
2025-09-08T19:06:12.114104672+03:00,clustered_btree,select,10000,"k in [a,b] (~N/50, cap 1000)",0.201
2025-09-08T19:06:12.114292199+03:00,clustered_btree,select,10000,"k in [a,b] (~N/50, cap 1000)",0.179
2025-09-08T19:06:12.114490134+03:00,clustered_btree,select,10000,"k in [a,b] (~N/50, cap 1000)",0.191
2025-09-08T19:06:12.114698544+03:00,clustered_btree,select,10000,"k in [a,b] (~N/50, cap 1000)",0.199
2025-09-08T19:06:12.114884465+03:00,clustered_btree,select,10000,"k in [a,b] (~N/50, cap 1000)",0.180
2025-09-08T19:06:12.115071853+03:00,clustered_btree,select,10000,"k in [a,b] (~N/50, cap 1000)",0.181
2025-09-08T19:06:12.115262314+03:00,clustered_btree,select,10000,"k in [a,b] (~N/50, cap 1000)",0.182
2025-09-08T19:06:12.115458432+03:00,clustered_btree,select,10000,"k in [a,b] (~N/50, cap 1000)",0.188
2025-09-08T19:06:12.115644353+03:00,clustered_btree,select,10000,"k in [a,b] (~N/50, cap 1000)",0.179
2025-09-08T19:06:12.115839983+03:00,clustered_btree,select,10000,"k in [a,b] (~N/50, cap 1000)",0.188
2025-09-08T19:06:12.116025485+03:00,clustered_btree,select,10000,"k in [a,b] (~N/50, cap 1000)",0.178
2025-09-08T19:06:12.11621434+03:00,clustered_btree,select,10000,"k in [a,b] (~N/50, cap 1000)",0.181
2025-09-08T19:06:12.116404731+03:00,clustered_btree,select,10000,"k in [a,b] (~N/50, cap 1000)",0.183
2025-09-08T19:06:12.116616424+03:00,clustered_btree,select,10000,"k in [a,b] (~N/50, cap 1000)",0.204
2025-09-08T19:06:12.116806815+03:00,clustered_btree,select,10000,"k in [a,b] (~N/50, cap 1000)",0.184
2025-09-08T19:06:12.522080009+03:00,clustered_btree,delete,10000,k%7=0,104.606
2025-09-08T19:06:12.624743076+03:00,clustered_btree,delete,10000,k%7=0,102.650
2025-09-08T19:06:12.727776099+03:00,clustered_btree,delete,10000,k%7=0,103.018
2025-09-08T19:06:12.834806638+03:00,clustered_btree,delete,10000,k%7=0,107.010
2025-09-08T19:06:12.939677222+03:00,clustered_btree,delete,10000,k%7=0,104.854
2025-09-08T19:06:13.041232235+03:00,clustered_btree,delete,10000,k%7=0,101.538
2025-09-08T19:06:13.143784741+03:00,clustered_btree,delete,10000,k%7=0,102.537
2025-09-08T19:06:13.246920503+03:00,clustered_btree,delete,10000,k%7=0,103.121
2025-09-08T19:06:13.350435301+03:00,clustered_btree,delete,10000,k%7=0,103.498
2025-09-08T19:06:13.45340386+03:00,clustered_btree,delete,10000,k%7=0,102.955
2025-09-08T19:06:13.562521088+03:00,clustered_btree,delete,10000,k%7=0,109.101
2025-09-08T19:06:13.663888573+03:00,clustered_btree,delete,10000,k%7=0,101.351
2025-09-08T19:06:13.765935209+03:00,clustered_btree,delete,10000,k%7=0,102.027
2025-09-08T19:06:13.869851393+03:00,clustered_btree,delete,10000,k%7=0,103.898
2025-09-08T19:06:13.975206825+03:00,clustered_btree,delete,10000,k%7=0,105.340
2025-09-08T19:06:14.088660235+03:00,clustered_btree,delete,10000,k%7=0,113.438
2025-09-08T19:06:14.20488172+03:00,clustered_btree,delete,10000,k%7=0,116.204
2025-09-08T19:06:14.324309403+03:00,clustered_btree,delete,10000,k%7=0,119.412
2025-09-08T19:06:14.429804241+03:00,clustered_btree,delete,10000,k%7=0,105.477
2025-09-08T19:06:14.553158129+03:00,clustered_btree,delete,10000,k%7=0,123.337
2025-09-08T19:06:14.661050875+03:00,clustered_btree,delete,10000,k%7=0,107.877
2025-09-08T19:06:14.77901689+03:00,clustered_btree,delete,10000,k%7=0,117.946
2025-09-08T19:06:14.944073417+03:00,clustered_btree,delete,10000,k%7=0,165.039
2025-09-08T19:06:15.093419674+03:00,clustered_btree,delete,10000,k%7=0,149.329
2025-09-08T19:06:15.25064593+03:00,clustered_btree,delete,10000,k%7=0,157.112
2025-09-08T19:06:15.409386725+03:00,clustered_btree,delete,10000,k%7=0,158.696
2025-09-08T19:06:15.515159327+03:00,clustered_btree,delete,10000,k%7=0,105.756
2025-09-08T19:06:15.616583036+03:00,clustered_btree,delete,10000,k%7=0,101.410
2025-09-08T19:06:15.717184976+03:00,clustered_btree,delete,10000,k%7=0,100.586
2025-09-08T19:06:15.820057362+03:00,clustered_btree,delete,10000,k%7=0,102.860
2025-09-08T19:06:15.921233129+03:00,clustered_btree,delete,10000,k%7=0,101.146
2025-09-08T19:06:16.023125902+03:00,clustered_btree,delete,10000,k%7=0,101.878
2025-09-08T19:06:16.126282128+03:00,clustered_btree,delete,10000,k%7=0,103.144
2025-09-08T19:06:16.22759828+03:00,clustered_btree,delete,10000,k%7=0,101.303
2025-09-08T19:06:16.330372257+03:00,clustered_btree,delete,10000,k%7=0,102.757
2025-09-08T19:06:16.432028403+03:00,clustered_btree,delete,10000,k%7=0,101.634
2025-09-08T19:06:16.535677719+03:00,clustered_btree,delete,10000,k%7=0,103.634
2025-09-08T19:06:16.637367039+03:00,clustered_btree,delete,10000,k%7=0,101.673
2025-09-08T19:06:16.737944814+03:00,clustered_btree,delete,10000,k%7=0,100.555
2025-09-08T19:06:16.863437564+03:00,clustered_btree,delete,10000,k%7=0,125.476
2025-09-08T19:06:16.980292872+03:00,clustered_btree,delete,10000,k%7=0,116.841
2025-09-08T19:06:17.085841978+03:00,clustered_btree,delete,10000,k%7=0,105.533
2025-09-08T19:06:17.188161559+03:00,clustered_btree,delete,10000,k%7=0,102.302
2025-09-08T19:06:17.2931096+03:00,clustered_btree,delete,10000,k%7=0,104.934
2025-09-08T19:06:17.39447066+03:00,clustered_btree,delete,10000,k%7=0,101.348
2025-09-08T19:06:17.495098512+03:00,clustered_btree,delete,10000,k%7=0,100.612
2025-09-08T19:06:17.596189351+03:00,clustered_btree,delete,10000,k%7=0,101.076
2025-09-08T19:06:17.695048717+03:00,clustered_btree,delete,10000,k%7=0,98.844
2025-09-08T19:06:17.796552676+03:00,clustered_btree,delete,10000,k%7=0,101.488
2025-09-08T19:06:17.895476716+03:00,clustered_btree,delete,10000,k%7=0,98.909
2025-09-08T19:06:17.996471731+03:00,clustered_btree,delete,10000,k%7=0,100.984
2025-09-08T19:06:18.105356453+03:00,clustered_btree,delete,10000,k%7=0,108.870
2025-09-08T19:06:18.204700667+03:00,clustered_btree,delete,10000,k%7=0,99.250
2025-09-08T19:06:18.310660518+03:00,clustered_btree,delete,10000,k%7=0,105.947
2025-09-08T19:06:18.412724196+03:00,clustered_btree,delete,10000,k%7=0,102.028
2025-09-08T19:06:18.5144168+03:00,clustered_btree,delete,10000,k%7=0,101.677
2025-09-08T19:06:18.616884797+03:00,clustered_btree,delete,10000,k%7=0,102.454
2025-09-08T19:06:18.716372328+03:00,clustered_btree,delete,10000,k%7=0,99.468
2025-09-08T19:06:18.819266505+03:00,clustered_btree,delete,10000,k%7=0,102.872
2025-09-08T19:06:18.922743728+03:00,clustered_btree,delete,10000,k%7=0,103.464
2025-09-08T19:06:19.033423966+03:00,clustered_btree,delete,10000,k%7=0,110.664
2025-09-08T19:06:19.136219316+03:00,clustered_btree,delete,10000,k%7=0,102.782
2025-09-08T19:06:19.240237331+03:00,clustered_btree,delete,10000,k%7=0,104.001
2025-09-08T19:06:19.342517242+03:00,clustered_btree,delete,10000,k%7=0,102.268
2025-09-08T19:06:19.446561658+03:00,clustered_btree,delete,10000,k%7=0,104.030
2025-09-08T19:06:19.549772712+03:00,clustered_btree,delete,10000,k%7=0,103.197
2025-09-08T19:06:19.650438209+03:00,clustered_btree,delete,10000,k%7=0,100.637
2025-09-08T19:06:19.755939613+03:00,clustered_btree,delete,10000,k%7=0,105.486
2025-09-08T19:06:19.859054284+03:00,clustered_btree,delete,10000,k%7=0,103.092
2025-09-08T19:06:19.961666087+03:00,clustered_btree,delete,10000,k%7=0,102.589
2025-09-08T19:06:20.065060896+03:00,clustered_btree,delete,10000,k%7=0,103.376
2025-09-08T19:06:20.166361264+03:00,clustered_btree,delete,10000,k%7=0,101.283
2025-09-08T19:06:20.267695296+03:00,clustered_btree,delete,10000,k%7=0,101.311
2025-09-08T19:06:20.368587433+03:00,clustered_btree,delete,10000,k%7=0,100.876
2025-09-08T19:06:20.467416208+03:00,clustered_btree,delete,10000,k%7=0,98.816
2025-09-08T19:06:20.571609738+03:00,clustered_btree,delete,10000,k%7=0,104.176
2025-09-08T19:06:20.674015715+03:00,clustered_btree,delete,10000,k%7=0,102.390
2025-09-08T19:06:20.777258896+03:00,clustered_btree,delete,10000,k%7=0,103.228
2025-09-08T19:06:20.878296935+03:00,clustered_btree,delete,10000,k%7=0,101.021
2025-09-08T19:06:20.981369281+03:00,clustered_btree,delete,10000,k%7=0,103.054
2025-09-08T19:06:21.08280221+03:00,clustered_btree,delete,10000,k%7=0,101.413
2025-09-08T19:06:21.185238359+03:00,clustered_btree,delete,10000,k%7=0,102.413
2025-09-08T19:06:21.290684587+03:00,clustered_btree,delete,10000,k%7=0,105.431
2025-09-08T19:06:21.391735058+03:00,clustered_btree,delete,10000,k%7=0,101.036
2025-09-08T19:06:21.493512102+03:00,clustered_btree,delete,10000,k%7=0,101.763
2025-09-08T19:06:21.599093406+03:00,clustered_btree,delete,10000,k%7=0,105.568
2025-09-08T19:06:21.70132331+03:00,clustered_btree,delete,10000,k%7=0,102.210
2025-09-08T19:06:21.802548806+03:00,clustered_btree,delete,10000,k%7=0,101.210
2025-09-08T19:06:21.904711731+03:00,clustered_btree,delete,10000,k%7=0,102.149
2025-09-08T19:06:22.010951163+03:00,clustered_btree,delete,10000,k%7=0,106.225
2025-09-08T19:06:22.114819506+03:00,clustered_btree,delete,10000,k%7=0,103.849
2025-09-08T19:06:22.216720381+03:00,clustered_btree,delete,10000,k%7=0,101.883
2025-09-08T19:06:22.317764985+03:00,clustered_btree,delete,10000,k%7=0,101.034
2025-09-08T19:06:22.4232571+03:00,clustered_btree,delete,10000,k%7=0,105.477
2025-09-08T19:06:22.52010409+03:00,clustered_btree,delete,10000,k%7=0,96.832
2025-09-08T19:06:22.623632718+03:00,clustered_btree,delete,10000,k%7=0,103.511
2025-09-08T19:06:22.726398385+03:00,clustered_btree,delete,10000,k%7=0,102.751
2025-09-08T19:06:22.828059351+03:00,clustered_btree,delete,10000,k%7=0,101.646
2025-09-08T19:06:22.925576551+03:00,clustered_btree,delete,10000,k%7=0,97.494
2025-09-08T19:06:23.021164347+03:00,clustered_btree,delete,10000,k%7=0,95.572
2025-09-08T19:06:24.248728621+03:00,clustered_btree,insert,40000,bulk=40000,307.742
2025-09-08T19:06:24.559883515+03:00,clustered_btree,insert,40000,bulk=40000,311.138
2025-09-08T19:06:24.8745941+03:00,clustered_btree,insert,40000,bulk=40000,314.691
2025-09-08T19:06:25.202856607+03:00,clustered_btree,insert,40000,bulk=40000,328.248
2025-09-08T19:06:25.494148875+03:00,clustered_btree,insert,40000,bulk=40000,291.279
2025-09-08T19:06:25.804526001+03:00,clustered_btree,insert,40000,bulk=40000,310.343
2025-09-08T19:06:26.108733995+03:00,clustered_btree,insert,40000,bulk=40000,304.196
2025-09-08T19:06:26.41142312+03:00,clustered_btree,insert,40000,bulk=40000,302.676
2025-09-08T19:06:26.711415689+03:00,clustered_btree,insert,40000,bulk=40000,299.978
2025-09-08T19:06:27.019189291+03:00,clustered_btree,insert,40000,bulk=40000,307.565
2025-09-08T19:06:27.322953994+03:00,clustered_btree,insert,40000,bulk=40000,303.748
2025-09-08T19:06:27.629049835+03:00,clustered_btree,insert,40000,bulk=40000,306.081
2025-09-08T19:06:27.935154337+03:00,clustered_btree,insert,40000,bulk=40000,306.089
2025-09-08T19:06:28.237894308+03:00,clustered_btree,insert,40000,bulk=40000,302.726
2025-09-08T19:06:28.542432659+03:00,clustered_btree,insert,40000,bulk=40000,304.522
2025-09-08T19:06:28.853007232+03:00,clustered_btree,insert,40000,bulk=40000,310.562
2025-09-08T19:06:29.160951879+03:00,clustered_btree,insert,40000,bulk=40000,307.933
2025-09-08T19:06:29.479695391+03:00,clustered_btree,insert,40000,bulk=40000,318.716
2025-09-08T19:06:29.790898618+03:00,clustered_btree,insert,40000,bulk=40000,311.188
2025-09-08T19:06:30.097239678+03:00,clustered_btree,insert,40000,bulk=40000,306.327
2025-09-08T19:06:30.399675835+03:00,clustered_btree,insert,40000,bulk=40000,302.417
2025-09-08T19:06:30.70956588+03:00,clustered_btree,insert,40000,bulk=40000,309.876
2025-09-08T19:06:31.018537425+03:00,clustered_btree,insert,40000,bulk=40000,308.959
2025-09-08T19:06:31.326993182+03:00,clustered_btree,insert,40000,bulk=40000,308.443
2025-09-08T19:06:31.634877696+03:00,clustered_btree,insert,40000,bulk=40000,307.872
2025-09-08T19:06:31.94397419+03:00,clustered_btree,insert,40000,bulk=40000,309.080
2025-09-08T19:06:32.250015277+03:00,clustered_btree,insert,40000,bulk=40000,306.028
2025-09-08T19:06:32.552693718+03:00,clustered_btree,insert,40000,bulk=40000,302.660
2025-09-08T19:06:32.85677055+03:00,clustered_btree,insert,40000,bulk=40000,304.065
2025-09-08T19:06:33.166267801+03:00,clustered_btree,insert,40000,bulk=40000,309.484
2025-09-08T19:06:33.474644008+03:00,clustered_btree,insert,40000,bulk=40000,308.364
2025-09-08T19:06:33.77622138+03:00,clustered_btree,insert,40000,bulk=40000,301.561
2025-09-08T19:06:34.084718066+03:00,clustered_btree,insert,40000,bulk=40000,308.484
2025-09-08T19:06:34.402167046+03:00,clustered_btree,insert,40000,bulk=40000,317.438
2025-09-08T19:06:34.718050712+03:00,clustered_btree,insert,40000,bulk=40000,315.870
2025-09-08T19:06:35.101331997+03:00,clustered_btree,insert,40000,bulk=40000,383.265
2025-09-08T19:06:35.537302944+03:00,clustered_btree,insert,40000,bulk=40000,435.951
2025-09-08T19:06:35.842888029+03:00,clustered_btree,insert,40000,bulk=40000,305.571
2025-09-08T19:06:36.142339251+03:00,clustered_btree,insert,40000,bulk=40000,299.436
2025-09-08T19:06:36.438245679+03:00,clustered_btree,insert,40000,bulk=40000,295.889
2025-09-08T19:06:36.737890296+03:00,clustered_btree,insert,40000,bulk=40000,299.630
2025-09-08T19:06:37.034349529+03:00,clustered_btree,insert,40000,bulk=40000,296.440
2025-09-08T19:06:37.352436174+03:00,clustered_btree,insert,40000,bulk=40000,318.072
2025-09-08T19:06:37.660277457+03:00,clustered_btree,insert,40000,bulk=40000,307.813
2025-09-08T19:06:38.00440578+03:00,clustered_btree,insert,40000,bulk=40000,344.115
2025-09-08T19:06:38.306405563+03:00,clustered_btree,insert,40000,bulk=40000,301.986
2025-09-08T19:06:38.60494499+03:00,clustered_btree,insert,40000,bulk=40000,298.525
2025-09-08T19:06:38.908009315+03:00,clustered_btree,insert,40000,bulk=40000,303.047
2025-09-08T19:06:39.21493999+03:00,clustered_btree,insert,40000,bulk=40000,306.916
2025-09-08T19:06:39.51827761+03:00,clustered_btree,insert,40000,bulk=40000,303.283
2025-09-08T19:06:39.815676856+03:00,clustered_btree,insert,40000,bulk=40000,297.387
2025-09-08T19:06:40.121323055+03:00,clustered_btree,insert,40000,bulk=40000,305.633
2025-09-08T19:06:40.419734881+03:00,clustered_btree,insert,40000,bulk=40000,298.396
2025-09-08T19:06:40.726006032+03:00,clustered_btree,insert,40000,bulk=40000,306.258
2025-09-08T19:06:41.026944766+03:00,clustered_btree,insert,40000,bulk=40000,300.900
2025-09-08T19:06:41.333320472+03:00,clustered_btree,insert,40000,bulk=40000,306.354
2025-09-08T19:06:41.634867745+03:00,clustered_btree,insert,40000,bulk=40000,301.520
2025-09-08T19:06:41.941893268+03:00,clustered_btree,insert,40000,bulk=40000,307.010
2025-09-08T19:06:42.246318199+03:00,clustered_btree,insert,40000,bulk=40000,304.407
2025-09-08T19:06:42.552405526+03:00,clustered_btree,insert,40000,bulk=40000,306.071
2025-09-08T19:06:42.868032523+03:00,clustered_btree,insert,40000,bulk=40000,315.610
2025-09-08T19:06:43.178485995+03:00,clustered_btree,insert,40000,bulk=40000,310.437
2025-09-08T19:06:43.489492411+03:00,clustered_btree,insert,40000,bulk=40000,310.994
2025-09-08T19:06:43.786603278+03:00,clustered_btree,insert,40000,bulk=40000,297.098
2025-09-08T19:06:44.130947767+03:00,clustered_btree,insert,40000,bulk=40000,344.332
2025-09-08T19:06:44.450409267+03:00,clustered_btree,insert,40000,bulk=40000,319.292
2025-09-08T19:06:44.76513313+03:00,clustered_btree,insert,40000,bulk=40000,314.711
2025-09-08T19:06:45.066508242+03:00,clustered_btree,insert,40000,bulk=40000,301.362
2025-09-08T19:06:45.371744467+03:00,clustered_btree,insert,40000,bulk=40000,305.224
2025-09-08T19:06:45.680837684+03:00,clustered_btree,insert,40000,bulk=40000,309.077
2025-09-08T19:06:45.988974195+03:00,clustered_btree,insert,40000,bulk=40000,308.119
2025-09-08T19:06:46.29002873+03:00,clustered_btree,insert,40000,bulk=40000,301.038
2025-09-08T19:06:46.592414117+03:00,clustered_btree,insert,40000,bulk=40000,302.370
2025-09-08T19:06:46.892930025+03:00,clustered_btree,insert,40000,bulk=40000,300.501
2025-09-08T19:06:47.195504616+03:00,clustered_btree,insert,40000,bulk=40000,302.557
2025-09-08T19:06:47.504681435+03:00,clustered_btree,insert,40000,bulk=40000,309.162
2025-09-08T19:06:47.811269256+03:00,clustered_btree,insert,40000,bulk=40000,306.573
2025-09-08T19:06:48.117810283+03:00,clustered_btree,insert,40000,bulk=40000,306.528
2025-09-08T19:06:48.428335345+03:00,clustered_btree,insert,40000,bulk=40000,310.510
2025-09-08T19:06:48.735088833+03:00,clustered_btree,insert,40000,bulk=40000,306.741
2025-09-08T19:06:49.051708926+03:00,clustered_btree,insert,40000,bulk=40000,316.600
2025-09-08T19:06:49.373288967+03:00,clustered_btree,insert,40000,bulk=40000,321.568
2025-09-08T19:06:49.691292433+03:00,clustered_btree,insert,40000,bulk=40000,317.991
2025-09-08T19:06:50.005693345+03:00,clustered_btree,insert,40000,bulk=40000,314.353
2025-09-08T19:06:50.324679569+03:00,clustered_btree,insert,40000,bulk=40000,318.973
2025-09-08T19:06:50.638413484+03:00,clustered_btree,insert,40000,bulk=40000,313.715
2025-09-08T19:06:50.956452082+03:00,clustered_btree,insert,40000,bulk=40000,318.025
2025-09-08T19:06:51.262097098+03:00,clustered_btree,insert,40000,bulk=40000,305.631
2025-09-08T19:06:51.568354775+03:00,clustered_btree,insert,40000,bulk=40000,306.240
2025-09-08T19:06:51.884612734+03:00,clustered_btree,insert,40000,bulk=40000,316.244
2025-09-08T19:06:52.194656163+03:00,clustered_btree,insert,40000,bulk=40000,310.028
2025-09-08T19:06:52.497645272+03:00,clustered_btree,insert,40000,bulk=40000,302.976
2025-09-08T19:06:52.805565134+03:00,clustered_btree,insert,40000,bulk=40000,307.885
2025-09-08T19:06:53.110969823+03:00,clustered_btree,insert,40000,bulk=40000,305.388
2025-09-08T19:06:53.412923724+03:00,clustered_btree,insert,40000,bulk=40000,301.938
2025-09-08T19:06:53.716562929+03:00,clustered_btree,insert,40000,bulk=40000,303.625
2025-09-08T19:06:54.023174848+03:00,clustered_btree,insert,40000,bulk=40000,306.598
2025-09-08T19:06:54.330847399+03:00,clustered_btree,insert,40000,bulk=40000,307.655
2025-09-08T19:06:54.699590592+03:00,clustered_btree,insert,40000,bulk=40000,368.693
2025-09-08T19:06:55.133813666+03:00,clustered_btree,insert,40000,bulk=40000,434.210
2025-09-08T19:06:55.550785251+03:00,clustered_btree,select,40000,"k in [a,b] (~N/50, cap 1000)",0.287
2025-09-08T19:06:55.55106965+03:00,clustered_btree,select,40000,"k in [a,b] (~N/50, cap 1000)",0.271
2025-09-08T19:06:55.551336938+03:00,clustered_btree,select,40000,"k in [a,b] (~N/50, cap 1000)",0.258
2025-09-08T19:06:55.551617985+03:00,clustered_btree,select,40000,"k in [a,b] (~N/50, cap 1000)",0.273
2025-09-08T19:06:55.551886041+03:00,clustered_btree,select,40000,"k in [a,b] (~N/50, cap 1000)",0.261
2025-09-08T19:06:55.552156681+03:00,clustered_btree,select,40000,"k in [a,b] (~N/50, cap 1000)",0.264
2025-09-08T19:06:55.552529921+03:00,clustered_btree,select,40000,"k in [a,b] (~N/50, cap 1000)",0.366
2025-09-08T19:06:55.552937243+03:00,clustered_btree,select,40000,"k in [a,b] (~N/50, cap 1000)",0.400
2025-09-08T19:06:55.553336883+03:00,clustered_btree,select,40000,"k in [a,b] (~N/50, cap 1000)",0.392
2025-09-08T19:06:55.553723392+03:00,clustered_btree,select,40000,"k in [a,b] (~N/50, cap 1000)",0.377
2025-09-08T19:06:55.554011563+03:00,clustered_btree,select,40000,"k in [a,b] (~N/50, cap 1000)",0.279
2025-09-08T19:06:55.554289048+03:00,clustered_btree,select,40000,"k in [a,b] (~N/50, cap 1000)",0.270
2025-09-08T19:06:55.554572609+03:00,clustered_btree,select,40000,"k in [a,b] (~N/50, cap 1000)",0.275
2025-09-08T19:06:55.554836545+03:00,clustered_btree,select,40000,"k in [a,b] (~N/50, cap 1000)",0.257
2025-09-08T19:06:55.555097617+03:00,clustered_btree,select,40000,"k in [a,b] (~N/50, cap 1000)",0.255
2025-09-08T19:06:55.555360016+03:00,clustered_btree,select,40000,"k in [a,b] (~N/50, cap 1000)",0.255
2025-09-08T19:06:55.555625348+03:00,clustered_btree,select,40000,"k in [a,b] (~N/50, cap 1000)",0.259
2025-09-08T19:06:55.555892566+03:00,clustered_btree,select,40000,"k in [a,b] (~N/50, cap 1000)",0.259
2025-09-08T19:06:55.556151682+03:00,clustered_btree,select,40000,"k in [a,b] (~N/50, cap 1000)",0.252
2025-09-08T19:06:55.556422113+03:00,clustered_btree,select,40000,"k in [a,b] (~N/50, cap 1000)",0.261
2025-09-08T19:06:55.556687026+03:00,clustered_btree,select,40000,"k in [a,b] (~N/50, cap 1000)",0.257
2025-09-08T19:06:55.556947609+03:00,clustered_btree,select,40000,"k in [a,b] (~N/50, cap 1000)",0.253
2025-09-08T19:06:55.557212523+03:00,clustered_btree,select,40000,"k in [a,b] (~N/50, cap 1000)",0.257
2025-09-08T19:06:55.557483792+03:00,clustered_btree,select,40000,"k in [a,b] (~N/50, cap 1000)",0.264
2025-09-08T19:06:55.557747937+03:00,clustered_btree,select,40000,"k in [a,b] (~N/50, cap 1000)",0.257
2025-09-08T19:06:55.558005097+03:00,clustered_btree,select,40000,"k in [a,b] (~N/50, cap 1000)",0.250
2025-09-08T19:06:55.558262747+03:00,clustered_btree,select,40000,"k in [a,b] (~N/50, cap 1000)",0.250
2025-09-08T19:06:55.558528498+03:00,clustered_btree,select,40000,"k in [a,b] (~N/50, cap 1000)",0.259
2025-09-08T19:06:55.5587807+03:00,clustered_btree,select,40000,"k in [a,b] (~N/50, cap 1000)",0.245
2025-09-08T19:06:55.559042052+03:00,clustered_btree,select,40000,"k in [a,b] (~N/50, cap 1000)",0.254
2025-09-08T19:06:55.559296907+03:00,clustered_btree,select,40000,"k in [a,b] (~N/50, cap 1000)",0.247
2025-09-08T19:06:55.559552602+03:00,clustered_btree,select,40000,"k in [a,b] (~N/50, cap 1000)",0.249
2025-09-08T19:06:55.559820867+03:00,clustered_btree,select,40000,"k in [a,b] (~N/50, cap 1000)",0.261
2025-09-08T19:06:55.560075095+03:00,clustered_btree,select,40000,"k in [a,b] (~N/50, cap 1000)",0.247
2025-09-08T19:06:55.56032143+03:00,clustered_btree,select,40000,"k in [a,b] (~N/50, cap 1000)",0.239
2025-09-08T19:06:55.560573352+03:00,clustered_btree,select,40000,"k in [a,b] (~N/50, cap 1000)",0.246
2025-09-08T19:06:55.560831211+03:00,clustered_btree,select,40000,"k in [a,b] (~N/50, cap 1000)",0.251
2025-09-08T19:06:55.561085928+03:00,clustered_btree,select,40000,"k in [a,b] (~N/50, cap 1000)",0.247
2025-09-08T19:06:55.56134686+03:00,clustered_btree,select,40000,"k in [a,b] (~N/50, cap 1000)",0.254
2025-09-08T19:06:55.56159976+03:00,clustered_btree,select,40000,"k in [a,b] (~N/50, cap 1000)",0.245
2025-09-08T19:06:55.561877594+03:00,clustered_btree,select,40000,"k in [a,b] (~N/50, cap 1000)",0.269
2025-09-08T19:06:55.562184762+03:00,clustered_btree,select,40000,"k in [a,b] (~N/50, cap 1000)",0.266
2025-09-08T19:06:55.562533347+03:00,clustered_btree,select,40000,"k in [a,b] (~N/50, cap 1000)",0.340
2025-09-08T19:06:55.562834858+03:00,clustered_btree,select,40000,"k in [a,b] (~N/50, cap 1000)",0.294
2025-09-08T19:06:55.563141188+03:00,clustered_btree,select,40000,"k in [a,b] (~N/50, cap 1000)",0.297
2025-09-08T19:06:55.563448426+03:00,clustered_btree,select,40000,"k in [a,b] (~N/50, cap 1000)",0.301
2025-09-08T19:06:55.563721301+03:00,clustered_btree,select,40000,"k in [a,b] (~N/50, cap 1000)",0.266
2025-09-08T19:06:55.563980557+03:00,clustered_btree,select,40000,"k in [a,b] (~N/50, cap 1000)",0.253
2025-09-08T19:06:55.564244842+03:00,clustered_btree,select,40000,"k in [a,b] (~N/50, cap 1000)",0.258
2025-09-08T19:06:55.564517298+03:00,clustered_btree,select,40000,"k in [a,b] (~N/50, cap 1000)",0.266
2025-09-08T19:06:55.564767824+03:00,clustered_btree,select,40000,"k in [a,b] (~N/50, cap 1000)",0.244
2025-09-08T19:06:55.565026172+03:00,clustered_btree,select,40000,"k in [a,b] (~N/50, cap 1000)",0.252
2025-09-08T19:06:55.565271808+03:00,clustered_btree,select,40000,"k in [a,b] (~N/50, cap 1000)",0.239
2025-09-08T19:06:55.565539515+03:00,clustered_btree,select,40000,"k in [a,b] (~N/50, cap 1000)",0.262
2025-09-08T19:06:55.565784663+03:00,clustered_btree,select,40000,"k in [a,b] (~N/50, cap 1000)",0.239
2025-09-08T19:06:55.566042103+03:00,clustered_btree,select,40000,"k in [a,b] (~N/50, cap 1000)",0.251
2025-09-08T19:06:55.566284388+03:00,clustered_btree,select,40000,"k in [a,b] (~N/50, cap 1000)",0.236
2025-09-08T19:06:55.566549161+03:00,clustered_btree,select,40000,"k in [a,b] (~N/50, cap 1000)",0.258
2025-09-08T19:06:55.566805833+03:00,clustered_btree,select,40000,"k in [a,b] (~N/50, cap 1000)",0.250
2025-09-08T19:06:55.567075216+03:00,clustered_btree,select,40000,"k in [a,b] (~N/50, cap 1000)",0.264
2025-09-08T19:06:55.567337196+03:00,clustered_btree,select,40000,"k in [a,b] (~N/50, cap 1000)",0.253
2025-09-08T19:06:55.567607138+03:00,clustered_btree,select,40000,"k in [a,b] (~N/50, cap 1000)",0.262
2025-09-08T19:06:55.567867162+03:00,clustered_btree,select,40000,"k in [a,b] (~N/50, cap 1000)",0.252
2025-09-08T19:06:55.568119294+03:00,clustered_btree,select,40000,"k in [a,b] (~N/50, cap 1000)",0.245
2025-09-08T19:06:55.568371636+03:00,clustered_btree,select,40000,"k in [a,b] (~N/50, cap 1000)",0.244
2025-09-08T19:06:55.568644581+03:00,clustered_btree,select,40000,"k in [a,b] (~N/50, cap 1000)",0.260
2025-09-08T19:06:55.568906002+03:00,clustered_btree,select,40000,"k in [a,b] (~N/50, cap 1000)",0.253
2025-09-08T19:06:55.569161068+03:00,clustered_btree,select,40000,"k in [a,b] (~N/50, cap 1000)",0.248
2025-09-08T19:06:55.569438273+03:00,clustered_btree,select,40000,"k in [a,b] (~N/50, cap 1000)",0.270
2025-09-08T19:06:55.569704932+03:00,clustered_btree,select,40000,"k in [a,b] (~N/50, cap 1000)",0.261
2025-09-08T19:06:55.569965376+03:00,clustered_btree,select,40000,"k in [a,b] (~N/50, cap 1000)",0.252
2025-09-08T19:06:55.57022561+03:00,clustered_btree,select,40000,"k in [a,b] (~N/50, cap 1000)",0.253
2025-09-08T19:06:55.57049185+03:00,clustered_btree,select,40000,"k in [a,b] (~N/50, cap 1000)",0.258
2025-09-08T19:06:55.570746147+03:00,clustered_btree,select,40000,"k in [a,b] (~N/50, cap 1000)",0.248
2025-09-08T19:06:55.57100233+03:00,clustered_btree,select,40000,"k in [a,b] (~N/50, cap 1000)",0.248
2025-09-08T19:06:55.57125111+03:00,clustered_btree,select,40000,"k in [a,b] (~N/50, cap 1000)",0.242
2025-09-08T19:06:55.57151281+03:00,clustered_btree,select,40000,"k in [a,b] (~N/50, cap 1000)",0.255
2025-09-08T19:06:55.571772345+03:00,clustered_btree,select,40000,"k in [a,b] (~N/50, cap 1000)",0.252
2025-09-08T19:06:55.572020846+03:00,clustered_btree,select,40000,"k in [a,b] (~N/50, cap 1000)",0.242
2025-09-08T19:06:55.57228548+03:00,clustered_btree,select,40000,"k in [a,b] (~N/50, cap 1000)",0.256
2025-09-08T19:06:55.572583428+03:00,clustered_btree,select,40000,"k in [a,b] (~N/50, cap 1000)",0.289
2025-09-08T19:06:55.572890596+03:00,clustered_btree,select,40000,"k in [a,b] (~N/50, cap 1000)",0.269
2025-09-08T19:06:55.573157815+03:00,clustered_btree,select,40000,"k in [a,b] (~N/50, cap 1000)",0.258
2025-09-08T19:06:55.573434252+03:00,clustered_btree,select,40000,"k in [a,b] (~N/50, cap 1000)",0.269
2025-09-08T19:06:55.573704333+03:00,clustered_btree,select,40000,"k in [a,b] (~N/50, cap 1000)",0.262
2025-09-08T19:06:55.573961424+03:00,clustered_btree,select,40000,"k in [a,b] (~N/50, cap 1000)",0.250
2025-09-08T19:06:55.574221868+03:00,clustered_btree,select,40000,"k in [a,b] (~N/50, cap 1000)",0.252
2025-09-08T19:06:55.574485454+03:00,clustered_btree,select,40000,"k in [a,b] (~N/50, cap 1000)",0.257
2025-09-08T19:06:55.574734513+03:00,clustered_btree,select,40000,"k in [a,b] (~N/50, cap 1000)",0.242
2025-09-08T19:06:55.574981686+03:00,clustered_btree,select,40000,"k in [a,b] (~N/50, cap 1000)",0.239
2025-09-08T19:06:55.575223481+03:00,clustered_btree,select,40000,"k in [a,b] (~N/50, cap 1000)",0.234
2025-09-08T19:06:55.575519195+03:00,clustered_btree,select,40000,"k in [a,b] (~N/50, cap 1000)",0.289
2025-09-08T19:06:55.575790953+03:00,clustered_btree,select,40000,"k in [a,b] (~N/50, cap 1000)",0.264
2025-09-08T19:06:55.576055797+03:00,clustered_btree,select,40000,"k in [a,b] (~N/50, cap 1000)",0.258
2025-09-08T19:06:55.576309046+03:00,clustered_btree,select,40000,"k in [a,b] (~N/50, cap 1000)",0.246
2025-09-08T19:06:55.576589395+03:00,clustered_btree,select,40000,"k in [a,b] (~N/50, cap 1000)",0.273
2025-09-08T19:06:55.576858498+03:00,clustered_btree,select,40000,"k in [a,b] (~N/50, cap 1000)",0.261
2025-09-08T19:06:55.577101272+03:00,clustered_btree,select,40000,"k in [a,b] (~N/50, cap 1000)",0.236
2025-09-08T19:06:55.577340343+03:00,clustered_btree,select,40000,"k in [a,b] (~N/50, cap 1000)",0.231
2025-09-08T19:06:55.577590031+03:00,clustered_btree,select,40000,"k in [a,b] (~N/50, cap 1000)",0.242
2025-09-08T19:06:56.847223251+03:00,clustered_btree,delete,40000,k%7=0,314.870
2025-09-08T19:06:57.150736252+03:00,clustered_btree,delete,40000,k%7=0,303.494
2025-09-08T19:06:57.464171103+03:00,clustered_btree,delete,40000,k%7=0,313.421
2025-09-08T19:06:57.778755495+03:00,clustered_btree,delete,40000,k%7=0,314.560
2025-09-08T19:06:58.092679525+03:00,clustered_btree,delete,40000,k%7=0,313.904
2025-09-08T19:06:58.401649404+03:00,clustered_btree,delete,40000,k%7=0,308.949
2025-09-08T19:06:58.713811792+03:00,clustered_btree,delete,40000,k%7=0,312.147
2025-09-08T19:06:59.02430068+03:00,clustered_btree,delete,40000,k%7=0,310.477
2025-09-08T19:06:59.345245225+03:00,clustered_btree,delete,40000,k%7=0,320.926
2025-09-08T19:06:59.659043539+03:00,clustered_btree,delete,40000,k%7=0,313.783
2025-09-08T19:06:59.969861456+03:00,clustered_btree,delete,40000,k%7=0,310.803
2025-09-08T19:07:00.277825531+03:00,clustered_btree,delete,40000,k%7=0,307.947
2025-09-08T19:07:00.598172573+03:00,clustered_btree,delete,40000,k%7=0,320.329
2025-09-08T19:07:00.907992998+03:00,clustered_btree,delete,40000,k%7=0,309.806
2025-09-08T19:07:01.253402734+03:00,clustered_btree,delete,40000,k%7=0,345.392
2025-09-08T19:07:01.578540914+03:00,clustered_btree,delete,40000,k%7=0,325.123
2025-09-08T19:07:01.879885442+03:00,clustered_btree,delete,40000,k%7=0,301.325
2025-09-08T19:07:02.2325885+03:00,clustered_btree,delete,40000,k%7=0,352.688
2025-09-08T19:07:02.558645251+03:00,clustered_btree,delete,40000,k%7=0,326.040
2025-09-08T19:07:02.874095694+03:00,clustered_btree,delete,40000,k%7=0,315.436
2025-09-08T19:07:03.189801761+03:00,clustered_btree,delete,40000,k%7=0,315.685
2025-09-08T19:07:03.501536155+03:00,clustered_btree,delete,40000,k%7=0,311.721
2025-09-08T19:07:03.810414892+03:00,clustered_btree,delete,40000,k%7=0,308.865
2025-09-08T19:07:04.122890526+03:00,clustered_btree,delete,40000,k%7=0,312.459
2025-09-08T19:07:04.435853732+03:00,clustered_btree,delete,40000,k%7=0,312.946
2025-09-08T19:07:04.744137899+03:00,clustered_btree,delete,40000,k%7=0,308.269
2025-09-08T19:07:05.053910412+03:00,clustered_btree,delete,40000,k%7=0,309.756
2025-09-08T19:07:05.364040591+03:00,clustered_btree,delete,40000,k%7=0,310.091
2025-09-08T19:07:05.679413649+03:00,clustered_btree,delete,40000,k%7=0,315.347
2025-09-08T19:07:05.992372805+03:00,clustered_btree,delete,40000,k%7=0,312.943
2025-09-08T19:07:06.30490606+03:00,clustered_btree,delete,40000,k%7=0,312.509
2025-09-08T19:07:06.622589375+03:00,clustered_btree,delete,40000,k%7=0,317.667
2025-09-08T19:07:06.933229265+03:00,clustered_btree,delete,40000,k%7=0,310.623
2025-09-08T19:07:07.241094586+03:00,clustered_btree,delete,40000,k%7=0,307.850
2025-09-08T19:07:07.562958334+03:00,clustered_btree,delete,40000,k%7=0,321.849
2025-09-08T19:07:07.884070157+03:00,clustered_btree,delete,40000,k%7=0,321.090
2025-09-08T19:07:08.202549748+03:00,clustered_btree,delete,40000,k%7=0,318.467
2025-09-08T19:07:08.513918098+03:00,clustered_btree,delete,40000,k%7=0,311.353
2025-09-08T19:07:08.825004284+03:00,clustered_btree,delete,40000,k%7=0,311.068
2025-09-08T19:07:09.136483196+03:00,clustered_btree,delete,40000,k%7=0,311.435
2025-09-08T19:07:09.455469427+03:00,clustered_btree,delete,40000,k%7=0,318.970
2025-09-08T19:07:09.767421592+03:00,clustered_btree,delete,40000,k%7=0,311.932
2025-09-08T19:07:10.088530622+03:00,clustered_btree,delete,40000,k%7=0,321.095
2025-09-08T19:07:10.407002811+03:00,clustered_btree,delete,40000,k%7=0,318.456
2025-09-08T19:07:10.715815409+03:00,clustered_btree,delete,40000,k%7=0,308.794
2025-09-08T19:07:11.034911363+03:00,clustered_btree,delete,40000,k%7=0,319.080
2025-09-08T19:07:11.360715846+03:00,clustered_btree,delete,40000,k%7=0,325.784
2025-09-08T19:07:11.672659701+03:00,clustered_btree,delete,40000,k%7=0,311.929
2025-09-08T19:07:11.983999557+03:00,clustered_btree,delete,40000,k%7=0,311.320
2025-09-08T19:07:12.294716975+03:00,clustered_btree,delete,40000,k%7=0,310.698
2025-09-08T19:07:12.597118715+03:00,clustered_btree,delete,40000,k%7=0,302.388
2025-09-08T19:07:12.90233707+03:00,clustered_btree,delete,40000,k%7=0,305.200
2025-09-08T19:07:13.232011257+03:00,clustered_btree,delete,40000,k%7=0,329.617
2025-09-08T19:07:13.615229632+03:00,clustered_btree,delete,40000,k%7=0,383.184
2025-09-08T19:07:14.038467581+03:00,clustered_btree,delete,40000,k%7=0,423.204
2025-09-08T19:07:14.348432794+03:00,clustered_btree,delete,40000,k%7=0,309.949
2025-09-08T19:07:14.663348037+03:00,clustered_btree,delete,40000,k%7=0,314.890
2025-09-08T19:07:14.971066202+03:00,clustered_btree,delete,40000,k%7=0,307.697
2025-09-08T19:07:15.303524947+03:00,clustered_btree,delete,40000,k%7=0,332.444
2025-09-08T19:07:15.607739524+03:00,clustered_btree,delete,40000,k%7=0,304.198
2025-09-08T19:07:15.915841545+03:00,clustered_btree,delete,40000,k%7=0,308.086
2025-09-08T19:07:16.22910445+03:00,clustered_btree,delete,40000,k%7=0,313.245
2025-09-08T19:07:16.542404722+03:00,clustered_btree,delete,40000,k%7=0,313.283
2025-09-08T19:07:16.851945851+03:00,clustered_btree,delete,40000,k%7=0,309.524
2025-09-08T19:07:17.157503923+03:00,clustered_btree,delete,40000,k%7=0,305.519
2025-09-08T19:07:17.468667497+03:00,clustered_btree,delete,40000,k%7=0,311.146
2025-09-08T19:07:17.773184913+03:00,clustered_btree,delete,40000,k%7=0,304.500
2025-09-08T19:07:18.125365625+03:00,clustered_btree,delete,40000,k%7=0,352.162
2025-09-08T19:07:18.436609449+03:00,clustered_btree,delete,40000,k%7=0,311.209
2025-09-08T19:07:18.744025127+03:00,clustered_btree,delete,40000,k%7=0,307.400
2025-09-08T19:07:19.062739534+03:00,clustered_btree,delete,40000,k%7=0,318.695
2025-09-08T19:07:19.375119419+03:00,clustered_btree,delete,40000,k%7=0,312.362
2025-09-08T19:07:19.698848111+03:00,clustered_btree,delete,40000,k%7=0,323.715
2025-09-08T19:07:20.018961258+03:00,clustered_btree,delete,40000,k%7=0,320.093
2025-09-08T19:07:20.344526323+03:00,clustered_btree,delete,40000,k%7=0,325.550
2025-09-08T19:07:20.68095877+03:00,clustered_btree,delete,40000,k%7=0,336.414
2025-09-08T19:07:21.003264557+03:00,clustered_btree,delete,40000,k%7=0,322.287
2025-09-08T19:07:21.321492092+03:00,clustered_btree,delete,40000,k%7=0,318.202
2025-09-08T19:07:21.636275754+03:00,clustered_btree,delete,40000,k%7=0,314.771
2025-09-08T19:07:21.957891426+03:00,clustered_btree,delete,40000,k%7=0,321.603
2025-09-08T19:07:22.26559332+03:00,clustered_btree,delete,40000,k%7=0,307.687
2025-09-08T19:07:22.581351567+03:00,clustered_btree,delete,40000,k%7=0,315.742
2025-09-08T19:07:22.894228595+03:00,clustered_btree,delete,40000,k%7=0,312.823
2025-09-08T19:07:23.203156298+03:00,clustered_btree,delete,40000,k%7=0,308.910
2025-09-08T19:07:23.511203565+03:00,clustered_btree,delete,40000,k%7=0,308.032
2025-09-08T19:07:23.82162192+03:00,clustered_btree,delete,40000,k%7=0,310.397
2025-09-08T19:07:24.131475179+03:00,clustered_btree,delete,40000,k%7=0,309.840
2025-09-08T19:07:24.44141637+03:00,clustered_btree,delete,40000,k%7=0,309.908
2025-09-08T19:07:24.752298202+03:00,clustered_btree,delete,40000,k%7=0,310.857
2025-09-08T19:07:25.065719654+03:00,clustered_btree,delete,40000,k%7=0,313.406
2025-09-08T19:07:25.380486415+03:00,clustered_btree,delete,40000,k%7=0,314.747
2025-09-08T19:07:25.687067825+03:00,clustered_btree,delete,40000,k%7=0,306.567
2025-09-08T19:07:25.999152558+03:00,clustered_btree,delete,40000,k%7=0,312.068
2025-09-08T19:07:26.316091915+03:00,clustered_btree,delete,40000,k%7=0,316.924
2025-09-08T19:07:26.624390477+03:00,clustered_btree,delete,40000,k%7=0,308.255
2025-09-08T19:07:26.938025438+03:00,clustered_btree,delete,40000,k%7=0,313.614
2025-09-08T19:07:27.251559896+03:00,clustered_btree,delete,40000,k%7=0,313.518
2025-09-08T19:07:27.561900589+03:00,clustered_btree,delete,40000,k%7=0,310.324
2025-09-08T19:07:27.875163289+03:00,clustered_btree,delete,40000,k%7=0,313.245
2025-09-08T19:07:28.194751081+03:00,clustered_btree,delete,40000,k%7=0,319.564
2025-09-08T19:07:30.283738537+03:00,clustered_btree,insert,70000,bulk=70000,517.936
2025-09-08T19:07:30.796009423+03:00,clustered_btree,insert,70000,bulk=70000,512.250
2025-09-08T19:07:31.309806372+03:00,clustered_btree,insert,70000,bulk=70000,513.780
2025-09-08T19:07:31.836873779+03:00,clustered_btree,insert,70000,bulk=70000,527.049
2025-09-08T19:07:32.524527658+03:00,clustered_btree,insert,70000,bulk=70000,687.640
2025-09-08T19:07:33.066679896+03:00,clustered_btree,insert,70000,bulk=70000,542.137
2025-09-08T19:07:33.583611037+03:00,clustered_btree,insert,70000,bulk=70000,516.917
2025-09-08T19:07:34.118220825+03:00,clustered_btree,insert,70000,bulk=70000,534.594
2025-09-08T19:07:34.628281263+03:00,clustered_btree,insert,70000,bulk=70000,510.044
2025-09-08T19:07:35.137160242+03:00,clustered_btree,insert,70000,bulk=70000,508.855
2025-09-08T19:07:35.647700708+03:00,clustered_btree,insert,70000,bulk=70000,510.526
2025-09-08T19:07:36.156930508+03:00,clustered_btree,insert,70000,bulk=70000,509.207
2025-09-08T19:07:36.673259536+03:00,clustered_btree,insert,70000,bulk=70000,516.315
2025-09-08T19:07:37.182869839+03:00,clustered_btree,insert,70000,bulk=70000,509.595
2025-09-08T19:07:37.700992568+03:00,clustered_btree,insert,70000,bulk=70000,518.110
2025-09-08T19:07:38.288708425+03:00,clustered_btree,insert,70000,bulk=70000,587.700
2025-09-08T19:07:38.818316992+03:00,clustered_btree,insert,70000,bulk=70000,529.596
2025-09-08T19:07:39.332315512+03:00,clustered_btree,insert,70000,bulk=70000,513.987
2025-09-08T19:07:39.851063892+03:00,clustered_btree,insert,70000,bulk=70000,518.736
2025-09-08T19:07:40.368314008+03:00,clustered_btree,insert,70000,bulk=70000,517.234
2025-09-08T19:07:40.895158622+03:00,clustered_btree,insert,70000,bulk=70000,526.827
2025-09-08T19:07:41.413582584+03:00,clustered_btree,insert,70000,bulk=70000,518.406
2025-09-08T19:07:41.93006485+03:00,clustered_btree,insert,70000,bulk=70000,516.465
2025-09-08T19:07:42.476074156+03:00,clustered_btree,insert,70000,bulk=70000,545.997
2025-09-08T19:07:42.996773245+03:00,clustered_btree,insert,70000,bulk=70000,520.681
2025-09-08T19:07:43.529959576+03:00,clustered_btree,insert,70000,bulk=70000,533.170
2025-09-08T19:07:44.052405569+03:00,clustered_btree,insert,70000,bulk=70000,522.431
2025-09-08T19:07:44.566462411+03:00,clustered_btree,insert,70000,bulk=70000,514.045
2025-09-08T19:07:45.079788837+03:00,clustered_btree,insert,70000,bulk=70000,513.311
2025-09-08T19:07:45.59483507+03:00,clustered_btree,insert,70000,bulk=70000,515.030
2025-09-08T19:07:46.111073588+03:00,clustered_btree,insert,70000,bulk=70000,516.213
2025-09-08T19:07:46.627873013+03:00,clustered_btree,insert,70000,bulk=70000,516.788
2025-09-08T19:07:47.139487387+03:00,clustered_btree,insert,70000,bulk=70000,511.600
2025-09-08T19:07:47.657248895+03:00,clustered_btree,insert,70000,bulk=70000,517.746
2025-09-08T19:07:48.178846233+03:00,clustered_btree,insert,70000,bulk=70000,521.582
2025-09-08T19:07:48.705880474+03:00,clustered_btree,insert,70000,bulk=70000,527.021
2025-09-08T19:07:49.214130388+03:00,clustered_btree,insert,70000,bulk=70000,508.231
2025-09-08T19:07:49.732230215+03:00,clustered_btree,insert,70000,bulk=70000,518.086
2025-09-08T19:07:50.298652236+03:00,clustered_btree,insert,70000,bulk=70000,566.405
2025-09-08T19:07:50.979137546+03:00,clustered_btree,insert,70000,bulk=70000,680.469
2025-09-08T19:07:51.497180593+03:00,clustered_btree,insert,70000,bulk=70000,518.022
2025-09-08T19:07:52.025008109+03:00,clustered_btree,insert,70000,bulk=70000,527.815
2025-09-08T19:07:52.56158859+03:00,clustered_btree,insert,70000,bulk=70000,536.561
2025-09-08T19:07:53.077606129+03:00,clustered_btree,insert,70000,bulk=70000,515.997
2025-09-08T19:07:53.593576595+03:00,clustered_btree,insert,70000,bulk=70000,515.956
2025-09-08T19:07:54.112074947+03:00,clustered_btree,insert,70000,bulk=70000,518.485
2025-09-08T19:07:54.620485851+03:00,clustered_btree,insert,70000,bulk=70000,508.396
2025-09-08T19:07:55.138630171+03:00,clustered_btree,insert,70000,bulk=70000,518.129
2025-09-08T19:07:55.667917681+03:00,clustered_btree,insert,70000,bulk=70000,529.270
2025-09-08T19:07:56.184331021+03:00,clustered_btree,insert,70000,bulk=70000,516.345
2025-09-08T19:07:56.727020363+03:00,clustered_btree,insert,70000,bulk=70000,542.674
2025-09-08T19:07:57.25070279+03:00,clustered_btree,insert,70000,bulk=70000,523.667
2025-09-08T19:07:57.767491954+03:00,clustered_btree,insert,70000,bulk=70000,516.773
2025-09-08T19:07:58.286648785+03:00,clustered_btree,insert,70000,bulk=70000,519.141
2025-09-08T19:07:58.81115361+03:00,clustered_btree,insert,70000,bulk=70000,524.489
2025-09-08T19:07:59.326916157+03:00,clustered_btree,insert,70000,bulk=70000,515.748
2025-09-08T19:07:59.863021432+03:00,clustered_btree,insert,70000,bulk=70000,536.091
2025-09-08T19:08:00.385630448+03:00,clustered_btree,insert,70000,bulk=70000,522.593
2025-09-08T19:08:00.910317075+03:00,clustered_btree,insert,70000,bulk=70000,524.669
2025-09-08T19:08:01.427865431+03:00,clustered_btree,insert,70000,bulk=70000,517.528
2025-09-08T19:08:01.969730703+03:00,clustered_btree,insert,70000,bulk=70000,541.853
2025-09-08T19:08:02.496101726+03:00,clustered_btree,insert,70000,bulk=70000,526.359
2025-09-08T19:08:03.013774892+03:00,clustered_btree,insert,70000,bulk=70000,517.658
2025-09-08T19:08:03.53976248+03:00,clustered_btree,insert,70000,bulk=70000,525.972
2025-09-08T19:08:04.05945808+03:00,clustered_btree,insert,70000,bulk=70000,519.683
2025-09-08T19:08:04.585945602+03:00,clustered_btree,insert,70000,bulk=70000,526.472
2025-09-08T19:08:05.120004001+03:00,clustered_btree,insert,70000,bulk=70000,534.045
2025-09-08T19:08:05.640961031+03:00,clustered_btree,insert,70000,bulk=70000,520.946
2025-09-08T19:08:06.17684882+03:00,clustered_btree,insert,70000,bulk=70000,535.874
2025-09-08T19:08:06.690877806+03:00,clustered_btree,insert,70000,bulk=70000,514.010
2025-09-08T19:08:07.208302963+03:00,clustered_btree,insert,70000,bulk=70000,517.411
2025-09-08T19:08:07.719143422+03:00,clustered_btree,insert,70000,bulk=70000,510.823
2025-09-08T19:08:08.227492523+03:00,clustered_btree,insert,70000,bulk=70000,508.334
2025-09-08T19:08:08.848476494+03:00,clustered_btree,insert,70000,bulk=70000,620.972
2025-09-08T19:08:09.48188443+03:00,clustered_btree,insert,70000,bulk=70000,633.392
2025-09-08T19:08:09.999729762+03:00,clustered_btree,insert,70000,bulk=70000,517.827
2025-09-08T19:08:10.539061565+03:00,clustered_btree,insert,70000,bulk=70000,539.318
2025-09-08T19:08:11.056179276+03:00,clustered_btree,insert,70000,bulk=70000,517.102
2025-09-08T19:08:11.566817334+03:00,clustered_btree,insert,70000,bulk=70000,510.627
2025-09-08T19:08:12.080518551+03:00,clustered_btree,insert,70000,bulk=70000,513.684
2025-09-08T19:08:12.600437653+03:00,clustered_btree,insert,70000,bulk=70000,519.907
2025-09-08T19:08:13.121950914+03:00,clustered_btree,insert,70000,bulk=70000,521.488
2025-09-08T19:08:13.653063354+03:00,clustered_btree,insert,70000,bulk=70000,531.098
2025-09-08T19:08:14.184916126+03:00,clustered_btree,insert,70000,bulk=70000,531.836
2025-09-08T19:08:14.759553197+03:00,clustered_btree,insert,70000,bulk=70000,574.614
2025-09-08T19:08:15.273545311+03:00,clustered_btree,insert,70000,bulk=70000,513.977
2025-09-08T19:08:15.796326637+03:00,clustered_btree,insert,70000,bulk=70000,522.754
2025-09-08T19:08:16.314727711+03:00,clustered_btree,insert,70000,bulk=70000,518.372
2025-09-08T19:08:16.829757199+03:00,clustered_btree,insert,70000,bulk=70000,515.013
2025-09-08T19:08:17.334828169+03:00,clustered_btree,insert,70000,bulk=70000,505.054
2025-09-08T19:08:17.841920735+03:00,clustered_btree,insert,70000,bulk=70000,507.077
2025-09-08T19:08:18.364601001+03:00,clustered_btree,insert,70000,bulk=70000,522.667
2025-09-08T19:08:18.880453726+03:00,clustered_btree,insert,70000,bulk=70000,515.838
2025-09-08T19:08:19.406152942+03:00,clustered_btree,insert,70000,bulk=70000,525.686
2025-09-08T19:08:19.93233973+03:00,clustered_btree,insert,70000,bulk=70000,526.173
2025-09-08T19:08:20.458533432+03:00,clustered_btree,insert,70000,bulk=70000,526.180
2025-09-08T19:08:20.993096803+03:00,clustered_btree,insert,70000,bulk=70000,534.550
2025-09-08T19:08:21.513949357+03:00,clustered_btree,insert,70000,bulk=70000,520.839
2025-09-08T19:08:22.039031025+03:00,clustered_btree,insert,70000,bulk=70000,525.036
2025-09-08T19:08:22.562666462+03:00,clustered_btree,insert,70000,bulk=70000,523.605
2025-09-08T19:08:23.265082677+03:00,clustered_btree,select,70000,"k in [a,b] (~N/50, cap 1000)",0.371
2025-09-08T19:08:23.265499568+03:00,clustered_btree,select,70000,"k in [a,b] (~N/50, cap 1000)",0.400
2025-09-08T19:08:23.265832228+03:00,clustered_btree,select,70000,"k in [a,b] (~N/50, cap 1000)",0.323
2025-09-08T19:08:23.266142539+03:00,clustered_btree,select,70000,"k in [a,b] (~N/50, cap 1000)",0.302
2025-09-08T19:08:23.266458787+03:00,clustered_btree,select,70000,"k in [a,b] (~N/50, cap 1000)",0.308
2025-09-08T19:08:23.26676372+03:00,clustered_btree,select,70000,"k in [a,b] (~N/50, cap 1000)",0.297
2025-09-08T19:08:23.267087092+03:00,clustered_btree,select,70000,"k in [a,b] (~N/50, cap 1000)",0.316
2025-09-08T19:08:23.267427365+03:00,clustered_btree,select,70000,"k in [a,b] (~N/50, cap 1000)",0.332
2025-09-08T19:08:23.267763448+03:00,clustered_btree,select,70000,"k in [a,b] (~N/50, cap 1000)",0.329
2025-09-08T19:08:23.268115944+03:00,clustered_btree,select,70000,"k in [a,b] (~N/50, cap 1000)",0.343
2025-09-08T19:08:23.268479545+03:00,clustered_btree,select,70000,"k in [a,b] (~N/50, cap 1000)",0.357
2025-09-08T19:08:23.26878825+03:00,clustered_btree,select,70000,"k in [a,b] (~N/50, cap 1000)",0.302
2025-09-08T19:08:23.269242996+03:00,clustered_btree,select,70000,"k in [a,b] (~N/50, cap 1000)",0.447
2025-09-08T19:08:23.26970703+03:00,clustered_btree,select,70000,"k in [a,b] (~N/50, cap 1000)",0.456
2025-09-08T19:08:23.270163103+03:00,clustered_btree,select,70000,"k in [a,b] (~N/50, cap 1000)",0.448
2025-09-08T19:08:23.270500513+03:00,clustered_btree,select,70000,"k in [a,b] (~N/50, cap 1000)",0.331
2025-09-08T19:08:23.27086125+03:00,clustered_btree,select,70000,"k in [a,b] (~N/50, cap 1000)",0.353
2025-09-08T19:08:23.271195238+03:00,clustered_btree,select,70000,"k in [a,b] (~N/50, cap 1000)",0.326
2025-09-08T19:08:23.271519238+03:00,clustered_btree,select,70000,"k in [a,b] (~N/50, cap 1000)",0.315
2025-09-08T19:08:23.271828572+03:00,clustered_btree,select,70000,"k in [a,b] (~N/50, cap 1000)",0.301
2025-09-08T19:08:23.272124844+03:00,clustered_btree,select,70000,"k in [a,b] (~N/50, cap 1000)",0.290
2025-09-08T19:08:23.272405332+03:00,clustered_btree,select,70000,"k in [a,b] (~N/50, cap 1000)",0.274
2025-09-08T19:08:23.272682538+03:00,clustered_btree,select,70000,"k in [a,b] (~N/50, cap 1000)",0.269
2025-09-08T19:08:23.272963375+03:00,clustered_btree,select,70000,"k in [a,b] (~N/50, cap 1000)",0.274
2025-09-08T19:08:23.273247216+03:00,clustered_btree,select,70000,"k in [a,b] (~N/50, cap 1000)",0.276
2025-09-08T19:08:23.273529869+03:00,clustered_btree,select,70000,"k in [a,b] (~N/50, cap 1000)",0.276
2025-09-08T19:08:23.273825723+03:00,clustered_btree,select,70000,"k in [a,b] (~N/50, cap 1000)",0.289
2025-09-08T19:08:23.274111938+03:00,clustered_btree,select,70000,"k in [a,b] (~N/50, cap 1000)",0.279
2025-09-08T19:08:23.27438209+03:00,clustered_btree,select,70000,"k in [a,b] (~N/50, cap 1000)",0.263
2025-09-08T19:08:23.274656292+03:00,clustered_btree,select,70000,"k in [a,b] (~N/50, cap 1000)",0.268
2025-09-08T19:08:23.274924209+03:00,clustered_btree,select,70000,"k in [a,b] (~N/50, cap 1000)",0.262
2025-09-08T19:08:23.275188424+03:00,clustered_btree,select,70000,"k in [a,b] (~N/50, cap 1000)",0.257
2025-09-08T19:08:23.275535262+03:00,clustered_btree,select,70000,"k in [a,b] (~N/50, cap 1000)",0.340
2025-09-08T19:08:23.275828671+03:00,clustered_btree,select,70000,"k in [a,b] (~N/50, cap 1000)",0.287
2025-09-08T19:08:23.276116144+03:00,clustered_btree,select,70000,"k in [a,b] (~N/50, cap 1000)",0.279
2025-09-08T19:08:23.276426734+03:00,clustered_btree,select,70000,"k in [a,b] (~N/50, cap 1000)",0.304
2025-09-08T19:08:23.276744099+03:00,clustered_btree,select,70000,"k in [a,b] (~N/50, cap 1000)",0.310
2025-09-08T19:08:23.277053363+03:00,clustered_btree,select,70000,"k in [a,b] (~N/50, cap 1000)",0.303
2025-09-08T19:08:23.277386373+03:00,clustered_btree,select,70000,"k in [a,b] (~N/50, cap 1000)",0.326
2025-09-08T19:08:23.277666023+03:00,clustered_btree,select,70000,"k in [a,b] (~N/50, cap 1000)",0.273
2025-09-08T19:08:23.27794686+03:00,clustered_btree,select,70000,"k in [a,b] (~N/50, cap 1000)",0.273
2025-09-08T19:08:23.278311439+03:00,clustered_btree,select,70000,"k in [a,b] (~N/50, cap 1000)",0.325
2025-09-08T19:08:23.278649408+03:00,clustered_btree,select,70000,"k in [a,b] (~N/50, cap 1000)",0.332
2025-09-08T19:08:23.278968519+03:00,clustered_btree,select,70000,"k in [a,b] (~N/50, cap 1000)",0.311
2025-09-08T19:08:23.279273731+03:00,clustered_btree,select,70000,"k in [a,b] (~N/50, cap 1000)",0.299
2025-09-08T19:08:23.279554778+03:00,clustered_btree,select,70000,"k in [a,b] (~N/50, cap 1000)",0.275
2025-09-08T19:08:23.279828981+03:00,clustered_btree,select,70000,"k in [a,b] (~N/50, cap 1000)",0.268
2025-09-08T19:08:23.280090891+03:00,clustered_btree,select,70000,"k in [a,b] (~N/50, cap 1000)",0.254
2025-09-08T19:08:23.280363626+03:00,clustered_btree,select,70000,"k in [a,b] (~N/50, cap 1000)",0.265
2025-09-08T19:08:23.280637899+03:00,clustered_btree,select,70000,"k in [a,b] (~N/50, cap 1000)",0.267
2025-09-08T19:08:23.280899879+03:00,clustered_btree,select,70000,"k in [a,b] (~N/50, cap 1000)",0.255
2025-09-08T19:08:23.281167376+03:00,clustered_btree,select,70000,"k in [a,b] (~N/50, cap 1000)",0.261
2025-09-08T19:08:23.281451566+03:00,clustered_btree,select,70000,"k in [a,b] (~N/50, cap 1000)",0.278
2025-09-08T19:08:23.281714314+03:00,clustered_btree,select,70000,"k in [a,b] (~N/50, cap 1000)",0.257
2025-09-08T19:08:23.282019387+03:00,clustered_btree,select,70000,"k in [a,b] (~N/50, cap 1000)",0.297
2025-09-08T19:08:23.282305393+03:00,clustered_btree,select,70000,"k in [a,b] (~N/50, cap 1000)",0.278
2025-09-08T19:08:23.282600687+03:00,clustered_btree,select,70000,"k in [a,b] (~N/50, cap 1000)",0.288
2025-09-08T19:08:23.282868744+03:00,clustered_btree,select,70000,"k in [a,b] (~N/50, cap 1000)",0.261
2025-09-08T19:08:23.283146438+03:00,clustered_btree,select,70000,"k in [a,b] (~N/50, cap 1000)",0.270
2025-09-08T19:08:23.283428253+03:00,clustered_btree,select,70000,"k in [a,b] (~N/50, cap 1000)",0.274
2025-09-08T19:08:23.283705738+03:00,clustered_btree,select,70000,"k in [a,b] (~N/50, cap 1000)",0.271
2025-09-08T19:08:23.283996284+03:00,clustered_btree,select,70000,"k in [a,b] (~N/50, cap 1000)",0.283
2025-09-08T19:08:23.28426874+03:00,clustered_btree,select,70000,"k in [a,b] (~N/50, cap 1000)",0.264
2025-09-08T19:08:23.284549089+03:00,clustered_btree,select,70000,"k in [a,b] (~N/50, cap 1000)",0.275
2025-09-08T19:08:23.284835863+03:00,clustered_btree,select,70000,"k in [a,b] (~N/50, cap 1000)",0.280
2025-09-08T19:08:23.285105246+03:00,clustered_btree,select,70000,"k in [a,b] (~N/50, cap 1000)",0.263
2025-09-08T19:08:23.285393347+03:00,clustered_btree,select,70000,"k in [a,b] (~N/50, cap 1000)",0.279
2025-09-08T19:08:23.285660356+03:00,clustered_btree,select,70000,"k in [a,b] (~N/50, cap 1000)",0.261
2025-09-08T19:08:23.285938399+03:00,clustered_btree,select,70000,"k in [a,b] (~N/50, cap 1000)",0.270
2025-09-08T19:08:23.286204989+03:00,clustered_btree,select,70000,"k in [a,b] (~N/50, cap 1000)",0.260
2025-09-08T19:08:23.286480798+03:00,clustered_btree,select,70000,"k in [a,b] (~N/50, cap 1000)",0.269
2025-09-08T19:08:23.286757724+03:00,clustered_btree,select,70000,"k in [a,b] (~N/50, cap 1000)",0.271
2025-09-08T19:08:23.287031298+03:00,clustered_btree,select,70000,"k in [a,b] (~N/50, cap 1000)",0.267
2025-09-08T19:08:23.287295163+03:00,clustered_btree,select,70000,"k in [a,b] (~N/50, cap 1000)",0.258
2025-09-08T19:08:23.287567899+03:00,clustered_btree,select,70000,"k in [a,b] (~N/50, cap 1000)",0.266
2025-09-08T19:08:23.287856908+03:00,clustered_btree,select,70000,"k in [a,b] (~N/50, cap 1000)",0.281
2025-09-08T19:08:23.288143263+03:00,clustered_btree,select,70000,"k in [a,b] (~N/50, cap 1000)",0.280
2025-09-08T19:08:23.288436532+03:00,clustered_btree,select,70000,"k in [a,b] (~N/50, cap 1000)",0.286
2025-09-08T19:08:23.28869963+03:00,clustered_btree,select,70000,"k in [a,b] (~N/50, cap 1000)",0.256
2025-09-08T19:08:23.288982981+03:00,clustered_btree,select,70000,"k in [a,b] (~N/50, cap 1000)",0.277
2025-09-08T19:08:23.28925879+03:00,clustered_btree,select,70000,"k in [a,b] (~N/50, cap 1000)",0.268
2025-09-08T19:08:23.289586492+03:00,clustered_btree,select,70000,"k in [a,b] (~N/50, cap 1000)",0.301
2025-09-08T19:08:23.289880111+03:00,clustered_btree,select,70000,"k in [a,b] (~N/50, cap 1000)",0.286
2025-09-08T19:08:23.290159202+03:00,clustered_btree,select,70000,"k in [a,b] (~N/50, cap 1000)",0.273
2025-09-08T19:08:23.290482783+03:00,clustered_btree,select,70000,"k in [a,b] (~N/50, cap 1000)",0.316
2025-09-08T19:08:23.29076837+03:00,clustered_btree,select,70000,"k in [a,b] (~N/50, cap 1000)",0.277
2025-09-08T19:08:23.291038801+03:00,clustered_btree,select,70000,"k in [a,b] (~N/50, cap 1000)",0.264
2025-09-08T19:08:23.291319289+03:00,clustered_btree,select,70000,"k in [a,b] (~N/50, cap 1000)",0.272
2025-09-08T19:08:23.291648527+03:00,clustered_btree,select,70000,"k in [a,b] (~N/50, cap 1000)",0.321
2025-09-08T19:08:23.291998928+03:00,clustered_btree,select,70000,"k in [a,b] (~N/50, cap 1000)",0.342
2025-09-08T19:08:23.292287308+03:00,clustered_btree,select,70000,"k in [a,b] (~N/50, cap 1000)",0.280
2025-09-08T19:08:23.292632401+03:00,clustered_btree,select,70000,"k in [a,b] (~N/50, cap 1000)",0.337
2025-09-08T19:08:23.292922248+03:00,clustered_btree,select,70000,"k in [a,b] (~N/50, cap 1000)",0.282
2025-09-08T19:08:23.293200013+03:00,clustered_btree,select,70000,"k in [a,b] (~N/50, cap 1000)",0.271
2025-09-08T19:08:23.29349426+03:00,clustered_btree,select,70000,"k in [a,b] (~N/50, cap 1000)",0.286
2025-09-08T19:08:23.293767764+03:00,clustered_btree,select,70000,"k in [a,b] (~N/50, cap 1000)",0.265
2025-09-08T19:08:23.294049928+03:00,clustered_btree,select,70000,"k in [a,b] (~N/50, cap 1000)",0.274
2025-09-08T19:08:23.294317007+03:00,clustered_btree,select,70000,"k in [a,b] (~N/50, cap 1000)",0.260
2025-09-08T19:08:23.294605177+03:00,clustered_btree,select,70000,"k in [a,b] (~N/50, cap 1000)",0.281
2025-09-08T19:08:23.294887691+03:00,clustered_btree,select,70000,"k in [a,b] (~N/50, cap 1000)",0.276
2025-09-08T19:08:25.384605966+03:00,clustered_btree,delete,70000,k%7=0,521.701
2025-09-08T19:08:25.90547717+03:00,clustered_btree,delete,70000,k%7=0,520.849
2025-09-08T19:08:26.439169605+03:00,clustered_btree,delete,70000,k%7=0,533.680
2025-09-08T19:08:27.054449396+03:00,clustered_btree,delete,70000,k%7=0,615.263
2025-09-08T19:08:27.698602781+03:00,clustered_btree,delete,70000,k%7=0,644.137
2025-09-08T19:08:28.224157846+03:00,clustered_btree,delete,70000,k%7=0,525.537
2025-09-08T19:08:28.773063555+03:00,clustered_btree,delete,70000,k%7=0,548.890
2025-09-08T19:08:29.314276372+03:00,clustered_btree,delete,70000,k%7=0,541.199
2025-09-08T19:08:29.850474974+03:00,clustered_btree,delete,70000,k%7=0,536.177
2025-09-08T19:08:30.386073278+03:00,clustered_btree,delete,70000,k%7=0,535.574
2025-09-08T19:08:30.90617894+03:00,clustered_btree,delete,70000,k%7=0,520.091
2025-09-08T19:08:31.444584781+03:00,clustered_btree,delete,70000,k%7=0,538.372
2025-09-08T19:08:31.992559419+03:00,clustered_btree,delete,70000,k%7=0,547.956
2025-09-08T19:08:32.544924158+03:00,clustered_btree,delete,70000,k%7=0,552.345
2025-09-08T19:08:33.078007848+03:00,clustered_btree,delete,70000,k%7=0,533.060
2025-09-08T19:08:33.614152045+03:00,clustered_btree,delete,70000,k%7=0,536.130
2025-09-08T19:08:34.145918363+03:00,clustered_btree,delete,70000,k%7=0,531.747
2025-09-08T19:08:34.685122228+03:00,clustered_btree,delete,70000,k%7=0,539.183
2025-09-08T19:08:35.2236306+03:00,clustered_btree,delete,70000,k%7=0,538.490
2025-09-08T19:08:35.752210626+03:00,clustered_btree,delete,70000,k%7=0,528.561
2025-09-08T19:08:36.283405702+03:00,clustered_btree,delete,70000,k%7=0,531.166
2025-09-08T19:08:36.815254086+03:00,clustered_btree,delete,70000,k%7=0,531.830
2025-09-08T19:08:37.349407838+03:00,clustered_btree,delete,70000,k%7=0,534.134
2025-09-08T19:08:37.900135259+03:00,clustered_btree,delete,70000,k%7=0,550.711
2025-09-08T19:08:38.454431501+03:00,clustered_btree,delete,70000,k%7=0,554.282
2025-09-08T19:08:38.983265895+03:00,clustered_btree,delete,70000,k%7=0,528.819
2025-09-08T19:08:39.540717072+03:00,clustered_btree,delete,70000,k%7=0,557.435
2025-09-08T19:08:40.071926746+03:00,clustered_btree,delete,70000,k%7=0,531.196
2025-09-08T19:08:40.602221832+03:00,clustered_btree,delete,70000,k%7=0,530.277
2025-09-08T19:08:41.135597678+03:00,clustered_btree,delete,70000,k%7=0,533.357
2025-09-08T19:08:41.67164787+03:00,clustered_btree,delete,70000,k%7=0,536.027
2025-09-08T19:08:42.207647288+03:00,clustered_btree,delete,70000,k%7=0,535.983
2025-09-08T19:08:42.736562073+03:00,clustered_btree,delete,70000,k%7=0,528.899
2025-09-08T19:08:43.259797811+03:00,clustered_btree,delete,70000,k%7=0,523.222
2025-09-08T19:08:43.777646094+03:00,clustered_btree,delete,70000,k%7=0,517.831
2025-09-08T19:08:44.310657014+03:00,clustered_btree,delete,70000,k%7=0,532.993
2025-09-08T19:08:44.860335121+03:00,clustered_btree,delete,70000,k%7=0,549.665
2025-09-08T19:08:45.573710158+03:00,clustered_btree,delete,70000,k%7=0,713.353
2025-09-08T19:08:46.09382337+03:00,clustered_btree,delete,70000,k%7=0,520.095
2025-09-08T19:08:46.625573142+03:00,clustered_btree,delete,70000,k%7=0,531.691
2025-09-08T19:08:47.163262196+03:00,clustered_btree,delete,70000,k%7=0,537.675
2025-09-08T19:08:47.699989516+03:00,clustered_btree,delete,70000,k%7=0,536.708
2025-09-08T19:08:48.229495523+03:00,clustered_btree,delete,70000,k%7=0,529.491
2025-09-08T19:08:48.744460144+03:00,clustered_btree,delete,70000,k%7=0,514.938
2025-09-08T19:08:49.26827516+03:00,clustered_btree,delete,70000,k%7=0,523.795
2025-09-08T19:08:49.801470048+03:00,clustered_btree,delete,70000,k%7=0,533.179
2025-09-08T19:08:50.368881146+03:00,clustered_btree,delete,70000,k%7=0,567.393
2025-09-08T19:08:51.019300691+03:00,clustered_btree,delete,70000,k%7=0,650.404
2025-09-08T19:08:51.65512563+03:00,clustered_btree,delete,70000,k%7=0,635.811
2025-09-08T19:08:52.193241076+03:00,clustered_btree,delete,70000,k%7=0,538.097
2025-09-08T19:08:52.724455507+03:00,clustered_btree,delete,70000,k%7=0,531.196
2025-09-08T19:08:53.26603983+03:00,clustered_btree,delete,70000,k%7=0,541.560
2025-09-08T19:08:53.808870636+03:00,clustered_btree,delete,70000,k%7=0,542.781
2025-09-08T19:08:54.342850349+03:00,clustered_btree,delete,70000,k%7=0,533.962
2025-09-08T19:08:54.868809119+03:00,clustered_btree,delete,70000,k%7=0,525.940
2025-09-08T19:08:55.396586104+03:00,clustered_btree,delete,70000,k%7=0,527.760
2025-09-08T19:08:55.926594353+03:00,clustered_btree,delete,70000,k%7=0,529.988
2025-09-08T19:08:56.454546784+03:00,clustered_btree,delete,70000,k%7=0,527.939
2025-09-08T19:08:56.986601145+03:00,clustered_btree,delete,70000,k%7=0,532.038
2025-09-08T19:08:57.517461685+03:00,clustered_btree,delete,70000,k%7=0,530.848
2025-09-08T19:08:58.044935484+03:00,clustered_btree,delete,70000,k%7=0,527.461
2025-09-08T19:08:58.583897218+03:00,clustered_btree,delete,70000,k%7=0,538.942
2025-09-08T19:08:59.107460735+03:00,clustered_btree,delete,70000,k%7=0,523.550
2025-09-08T19:08:59.652278568+03:00,clustered_btree,delete,70000,k%7=0,544.803
2025-09-08T19:09:00.185800326+03:00,clustered_btree,delete,70000,k%7=0,533.505
2025-09-08T19:09:00.707486822+03:00,clustered_btree,delete,70000,k%7=0,521.667
2025-09-08T19:09:01.247648105+03:00,clustered_btree,delete,70000,k%7=0,540.142
2025-09-08T19:09:01.778259379+03:00,clustered_btree,delete,70000,k%7=0,530.592
2025-09-08T19:09:02.303607727+03:00,clustered_btree,delete,70000,k%7=0,525.323
2025-09-08T19:09:02.828447901+03:00,clustered_btree,delete,70000,k%7=0,524.823
2025-09-08T19:09:03.35358777+03:00,clustered_btree,delete,70000,k%7=0,525.127
2025-09-08T19:09:03.916540677+03:00,clustered_btree,delete,70000,k%7=0,562.933
2025-09-08T19:09:04.447473578+03:00,clustered_btree,delete,70000,k%7=0,530.915
2025-09-08T19:09:04.998710585+03:00,clustered_btree,delete,70000,k%7=0,551.213
2025-09-08T19:09:05.522253363+03:00,clustered_btree,delete,70000,k%7=0,523.526
2025-09-08T19:09:06.043250304+03:00,clustered_btree,delete,70000,k%7=0,520.981
2025-09-08T19:09:06.562734175+03:00,clustered_btree,delete,70000,k%7=0,519.470
2025-09-08T19:09:07.097462608+03:00,clustered_btree,delete,70000,k%7=0,534.706
2025-09-08T19:09:07.633954848+03:00,clustered_btree,delete,70000,k%7=0,536.465
2025-09-08T19:09:08.182324536+03:00,clustered_btree,delete,70000,k%7=0,548.354
2025-09-08T19:09:08.715192151+03:00,clustered_btree,delete,70000,k%7=0,532.847
2025-09-08T19:09:09.248998242+03:00,clustered_btree,delete,70000,k%7=0,533.782
2025-09-08T19:09:09.78362764+03:00,clustered_btree,delete,70000,k%7=0,534.613
2025-09-08T19:09:10.315595333+03:00,clustered_btree,delete,70000,k%7=0,531.952
2025-09-08T19:09:10.850115078+03:00,clustered_btree,delete,70000,k%7=0,534.487
2025-09-08T19:09:11.38166162+03:00,clustered_btree,delete,70000,k%7=0,531.531
2025-09-08T19:09:11.906744222+03:00,clustered_btree,delete,70000,k%7=0,525.067
2025-09-08T19:09:12.442005348+03:00,clustered_btree,delete,70000,k%7=0,535.226
2025-09-08T19:09:12.983250106+03:00,clustered_btree,delete,70000,k%7=0,541.227
2025-09-08T19:09:13.522079356+03:00,clustered_btree,delete,70000,k%7=0,538.812
2025-09-08T19:09:14.053469312+03:00,clustered_btree,delete,70000,k%7=0,531.374
2025-09-08T19:09:14.606415514+03:00,clustered_btree,delete,70000,k%7=0,552.929
2025-09-08T19:09:15.138688911+03:00,clustered_btree,delete,70000,k%7=0,532.255
2025-09-08T19:09:15.660908314+03:00,clustered_btree,delete,70000,k%7=0,522.202
2025-09-08T19:09:16.185507188+03:00,clustered_btree,delete,70000,k%7=0,524.582
2025-09-08T19:09:16.714458449+03:00,clustered_btree,delete,70000,k%7=0,528.934
2025-09-08T19:09:17.238626184+03:00,clustered_btree,delete,70000,k%7=0,524.147
2025-09-08T19:09:17.759762607+03:00,clustered_btree,delete,70000,k%7=0,521.120
2025-09-08T19:09:18.289345736+03:00,clustered_btree,delete,70000,k%7=0,529.545
2025-09-08T19:09:18.816115112+03:00,clustered_btree,delete,70000,k%7=0,526.754
2025-09-08T19:09:21.955391291+03:00,clustered_btree,insert,100000,bulk=100000,902.373
2025-09-08T19:09:22.685076924+03:00,clustered_btree,insert,100000,bulk=100000,729.668
2025-09-08T19:09:23.455811477+03:00,clustered_btree,insert,100000,bulk=100000,770.716
2025-09-08T19:09:24.178924356+03:00,clustered_btree,insert,100000,bulk=100000,723.098
2025-09-08T19:09:24.92474393+03:00,clustered_btree,insert,100000,bulk=100000,745.807
2025-09-08T19:09:25.671769478+03:00,clustered_btree,insert,100000,bulk=100000,747.011
2025-09-08T19:09:26.424407794+03:00,clustered_btree,insert,100000,bulk=100000,752.625
2025-09-08T19:09:27.168090533+03:00,clustered_btree,insert,100000,bulk=100000,743.667
2025-09-08T19:09:27.897370592+03:00,clustered_btree,insert,100000,bulk=100000,729.266
2025-09-08T19:09:28.61901119+03:00,clustered_btree,insert,100000,bulk=100000,721.610
2025-09-08T19:09:29.518279406+03:00,clustered_btree,insert,100000,bulk=100000,899.252
2025-09-08T19:09:30.296886282+03:00,clustered_btree,insert,100000,bulk=100000,778.588
2025-09-08T19:09:31.034317544+03:00,clustered_btree,insert,100000,bulk=100000,737.416
2025-09-08T19:09:31.779317449+03:00,clustered_btree,insert,100000,bulk=100000,744.979
2025-09-08T19:09:32.515292073+03:00,clustered_btree,insert,100000,bulk=100000,735.944
2025-09-08T19:09:33.257511192+03:00,clustered_btree,insert,100000,bulk=100000,742.203
2025-09-08T19:09:34.002808768+03:00,clustered_btree,insert,100000,bulk=100000,745.284
2025-09-08T19:09:34.759945168+03:00,clustered_btree,insert,100000,bulk=100000,757.121
2025-09-08T19:09:35.487157401+03:00,clustered_btree,insert,100000,bulk=100000,727.196
2025-09-08T19:09:36.228455786+03:00,clustered_btree,insert,100000,bulk=100000,741.285
2025-09-08T19:09:36.956463318+03:00,clustered_btree,insert,100000,bulk=100000,727.991
2025-09-08T19:09:37.678473459+03:00,clustered_btree,insert,100000,bulk=100000,721.999
2025-09-08T19:09:38.467275977+03:00,clustered_btree,insert,100000,bulk=100000,788.786
2025-09-08T19:09:39.200981626+03:00,clustered_btree,insert,100000,bulk=100000,733.693
2025-09-08T19:09:39.930464656+03:00,clustered_btree,insert,100000,bulk=100000,729.466
2025-09-08T19:09:40.660075779+03:00,clustered_btree,insert,100000,bulk=100000,729.591
2025-09-08T19:09:41.422395978+03:00,clustered_btree,insert,100000,bulk=100000,762.294
2025-09-08T19:09:42.161457725+03:00,clustered_btree,insert,100000,bulk=100000,739.020
2025-09-08T19:09:42.887311731+03:00,clustered_btree,insert,100000,bulk=100000,725.836
2025-09-08T19:09:43.632049105+03:00,clustered_btree,insert,100000,bulk=100000,744.724
2025-09-08T19:09:44.417642495+03:00,clustered_btree,insert,100000,bulk=100000,785.579
2025-09-08T19:09:45.185366844+03:00,clustered_btree,insert,100000,bulk=100000,767.709
2025-09-08T19:09:45.910754792+03:00,clustered_btree,insert,100000,bulk=100000,725.360
2025-09-08T19:09:46.643712431+03:00,clustered_btree,insert,100000,bulk=100000,732.945
2025-09-08T19:09:47.36371942+03:00,clustered_btree,insert,100000,bulk=100000,719.993
2025-09-08T19:09:48.098315639+03:00,clustered_btree,insert,100000,bulk=100000,734.583
2025-09-08T19:09:48.826485214+03:00,clustered_btree,insert,100000,bulk=100000,728.156
2025-09-08T19:09:49.558166968+03:00,clustered_btree,insert,100000,bulk=100000,731.666
2025-09-08T19:09:50.30373331+03:00,clustered_btree,insert,100000,bulk=100000,745.551
2025-09-08T19:09:51.033268101+03:00,clustered_btree,insert,100000,bulk=100000,729.520
2025-09-08T19:09:51.768073152+03:00,clustered_btree,insert,100000,bulk=100000,734.792
2025-09-08T19:09:52.515230231+03:00,clustered_btree,insert,100000,bulk=100000,747.126
2025-09-08T19:09:53.259405797+03:00,clustered_btree,insert,100000,bulk=100000,744.160
2025-09-08T19:09:53.995825333+03:00,clustered_btree,insert,100000,bulk=100000,736.403
2025-09-08T19:09:54.722276711+03:00,clustered_btree,insert,100000,bulk=100000,726.433
2025-09-08T19:09:55.457445016+03:00,clustered_btree,insert,100000,bulk=100000,735.154
2025-09-08T19:09:56.172298389+03:00,clustered_btree,insert,100000,bulk=100000,714.840
2025-09-08T19:09:56.890607858+03:00,clustered_btree,insert,100000,bulk=100000,718.291
2025-09-08T19:09:57.635636275+03:00,clustered_btree,insert,100000,bulk=100000,744.969
2025-09-08T19:09:58.542648741+03:00,clustered_btree,insert,100000,bulk=100000,906.999
2025-09-08T19:09:59.262073249+03:00,clustered_btree,insert,100000,bulk=100000,719.408
2025-09-08T19:10:00.024493475+03:00,clustered_btree,insert,100000,bulk=100000,762.405
2025-09-08T19:10:00.750751114+03:00,clustered_btree,insert,100000,bulk=100000,726.243
2025-09-08T19:10:01.502487016+03:00,clustered_btree,insert,100000,bulk=100000,751.723
2025-09-08T19:10:02.253016875+03:00,clustered_btree,insert,100000,bulk=100000,750.515
2025-09-08T19:10:03.000216355+03:00,clustered_btree,insert,100000,bulk=100000,747.185
2025-09-08T19:10:03.728354231+03:00,clustered_btree,insert,100000,bulk=100000,728.122
2025-09-08T19:10:04.458776941+03:00,clustered_btree,insert,100000,bulk=100000,730.408
2025-09-08T19:10:05.187649073+03:00,clustered_btree,insert,100000,bulk=100000,728.854
2025-09-08T19:10:05.925460511+03:00,clustered_btree,insert,100000,bulk=100000,737.795
2025-09-08T19:10:06.653932586+03:00,clustered_btree,insert,100000,bulk=100000,728.458
2025-09-08T19:10:07.389106207+03:00,clustered_btree,insert,100000,bulk=100000,735.161
2025-09-08T19:10:08.135050478+03:00,clustered_btree,insert,100000,bulk=100000,745.930
2025-09-08T19:10:08.866353906+03:00,clustered_btree,insert,100000,bulk=100000,731.289
2025-09-08T19:10:09.583449657+03:00,clustered_btree,insert,100000,bulk=100000,717.083
2025-09-08T19:10:10.308281323+03:00,clustered_btree,insert,100000,bulk=100000,724.817
2025-09-08T19:10:11.038325419+03:00,clustered_btree,insert,100000,bulk=100000,730.027
2025-09-08T19:10:11.755174277+03:00,clustered_btree,insert,100000,bulk=100000,716.811
2025-09-08T19:10:12.465558147+03:00,clustered_btree,insert,100000,bulk=100000,710.369
2025-09-08T19:10:13.178033666+03:00,clustered_btree,insert,100000,bulk=100000,712.459
2025-09-08T19:10:13.913521443+03:00,clustered_btree,insert,100000,bulk=100000,735.474
2025-09-08T19:10:14.629474849+03:00,clustered_btree,insert,100000,bulk=100000,715.941
2025-09-08T19:10:15.353909114+03:00,clustered_btree,insert,100000,bulk=100000,724.420
2025-09-08T19:10:16.241150036+03:00,clustered_btree,insert,100000,bulk=100000,887.224
2025-09-08T19:10:16.999117172+03:00,clustered_btree,insert,100000,bulk=100000,757.954
2025-09-08T19:10:17.741704531+03:00,clustered_btree,insert,100000,bulk=100000,742.571
2025-09-08T19:10:18.468654531+03:00,clustered_btree,insert,100000,bulk=100000,726.937
2025-09-08T19:10:19.215822802+03:00,clustered_btree,insert,100000,bulk=100000,747.135
2025-09-08T19:10:19.965351966+03:00,clustered_btree,insert,100000,bulk=100000,749.514
2025-09-08T19:10:20.710992848+03:00,clustered_btree,insert,100000,bulk=100000,745.625
2025-09-08T19:10:21.452080756+03:00,clustered_btree,insert,100000,bulk=100000,741.064
2025-09-08T19:10:22.179538445+03:00,clustered_btree,insert,100000,bulk=100000,727.446
2025-09-08T19:10:22.896181273+03:00,clustered_btree,insert,100000,bulk=100000,716.629
2025-09-08T19:10:23.624819444+03:00,clustered_btree,insert,100000,bulk=100000,728.626
2025-09-08T19:10:24.357626455+03:00,clustered_btree,insert,100000,bulk=100000,732.795
2025-09-08T19:10:25.083120728+03:00,clustered_btree,insert,100000,bulk=100000,725.481
2025-09-08T19:10:25.822276161+03:00,clustered_btree,insert,100000,bulk=100000,739.143
2025-09-08T19:10:26.554293253+03:00,clustered_btree,insert,100000,bulk=100000,732.001
2025-09-08T19:10:27.305121635+03:00,clustered_btree,insert,100000,bulk=100000,750.812
2025-09-08T19:10:28.035207857+03:00,clustered_btree,insert,100000,bulk=100000,730.074
2025-09-08T19:10:28.756617871+03:00,clustered_btree,insert,100000,bulk=100000,721.396
2025-09-08T19:10:29.486774705+03:00,clustered_btree,insert,100000,bulk=100000,730.140
2025-09-08T19:10:30.204716262+03:00,clustered_btree,insert,100000,bulk=100000,717.928
2025-09-08T19:10:30.921158577+03:00,clustered_btree,insert,100000,bulk=100000,716.418
2025-09-08T19:10:31.631933856+03:00,clustered_btree,insert,100000,bulk=100000,710.761
2025-09-08T19:10:32.389482644+03:00,clustered_btree,insert,100000,bulk=100000,757.534
2025-09-08T19:10:33.124647061+03:00,clustered_btree,insert,100000,bulk=100000,735.119
2025-09-08T19:10:33.863588501+03:00,clustered_btree,insert,100000,bulk=100000,738.926
2025-09-08T19:10:34.791336799+03:00,clustered_btree,insert,100000,bulk=100000,927.735
2025-09-08T19:10:35.496237612+03:00,clustered_btree,insert,100000,bulk=100000,704.885
2025-09-08T19:10:36.415963919+03:00,clustered_btree,select,100000,"k in [a,b] (~N/50, cap 1000)",0.339
2025-09-08T19:10:36.416287291+03:00,clustered_btree,select,100000,"k in [a,b] (~N/50, cap 1000)",0.310
2025-09-08T19:10:36.416594109+03:00,clustered_btree,select,100000,"k in [a,b] (~N/50, cap 1000)",0.299
2025-09-08T19:10:36.416889335+03:00,clustered_btree,select,100000,"k in [a,b] (~N/50, cap 1000)",0.288
2025-09-08T19:10:36.417176318+03:00,clustered_btree,select,100000,"k in [a,b] (~N/50, cap 1000)",0.280
2025-09-08T19:10:36.417478388+03:00,clustered_btree,select,100000,"k in [a,b] (~N/50, cap 1000)",0.295
2025-09-08T19:10:36.417803785+03:00,clustered_btree,select,100000,"k in [a,b] (~N/50, cap 1000)",0.319
2025-09-08T19:10:36.418145525+03:00,clustered_btree,select,100000,"k in [a,b] (~N/50, cap 1000)",0.334
2025-09-08T19:10:36.418491875+03:00,clustered_btree,select,100000,"k in [a,b] (~N/50, cap 1000)",0.340
2025-09-08T19:10:36.418830472+03:00,clustered_btree,select,100000,"k in [a,b] (~N/50, cap 1000)",0.331
2025-09-08T19:10:36.419109494+03:00,clustered_btree,select,100000,"k in [a,b] (~N/50, cap 1000)",0.272
2025-09-08T19:10:36.419400109+03:00,clustered_btree,select,100000,"k in [a,b] (~N/50, cap 1000)",0.284
2025-09-08T19:10:36.41968828+03:00,clustered_btree,select,100000,"k in [a,b] (~N/50, cap 1000)",0.280
2025-09-08T19:10:36.41995501+03:00,clustered_btree,select,100000,"k in [a,b] (~N/50, cap 1000)",0.260
2025-09-08T19:10:36.420224183+03:00,clustered_btree,select,100000,"k in [a,b] (~N/50, cap 1000)",0.263
2025-09-08T19:10:36.420510468+03:00,clustered_btree,select,100000,"k in [a,b] (~N/50, cap 1000)",0.279
2025-09-08T19:10:36.420778175+03:00,clustered_btree,select,100000,"k in [a,b] (~N/50, cap 1000)",0.261
2025-09-08T19:10:36.421053845+03:00,clustered_btree,select,100000,"k in [a,b] (~N/50, cap 1000)",0.269
2025-09-08T19:10:36.421335101+03:00,clustered_btree,select,100000,"k in [a,b] (~N/50, cap 1000)",0.274
2025-09-08T19:10:36.42161992+03:00,clustered_btree,select,100000,"k in [a,b] (~N/50, cap 1000)",0.278
2025-09-08T19:10:36.421891328+03:00,clustered_btree,select,100000,"k in [a,b] (~N/50, cap 1000)",0.264
2025-09-08T19:10:36.422180966+03:00,clustered_btree,select,100000,"k in [a,b] (~N/50, cap 1000)",0.282
2025-09-08T19:10:36.422469835+03:00,clustered_btree,select,100000,"k in [a,b] (~N/50, cap 1000)",0.279
2025-09-08T19:10:36.422740825+03:00,clustered_btree,select,100000,"k in [a,b] (~N/50, cap 1000)",0.265
2025-09-08T19:10:36.423051276+03:00,clustered_btree,select,100000,"k in [a,b] (~N/50, cap 1000)",0.303
2025-09-08T19:10:36.423336024+03:00,clustered_btree,select,100000,"k in [a,b] (~N/50, cap 1000)",0.278
2025-09-08T19:10:36.423620773+03:00,clustered_btree,select,100000,"k in [a,b] (~N/50, cap 1000)",0.278
2025-09-08T19:10:36.423899445+03:00,clustered_btree,select,100000,"k in [a,b] (~N/50, cap 1000)",0.271
2025-09-08T19:10:36.424184822+03:00,clustered_btree,select,100000,"k in [a,b] (~N/50, cap 1000)",0.279
2025-09-08T19:10:36.424459863+03:00,clustered_btree,select,100000,"k in [a,b] (~N/50, cap 1000)",0.268
2025-09-08T19:10:36.424718421+03:00,clustered_btree,select,100000,"k in [a,b] (~N/50, cap 1000)",0.252
2025-09-08T19:10:36.425016998+03:00,clustered_btree,select,100000,"k in [a,b] (~N/50, cap 1000)",0.292
2025-09-08T19:10:36.425328077+03:00,clustered_btree,select,100000,"k in [a,b] (~N/50, cap 1000)",0.304
2025-09-08T19:10:36.425794347+03:00,clustered_btree,select,100000,"k in [a,b] (~N/50, cap 1000)",0.460
2025-09-08T19:10:36.42627717+03:00,clustered_btree,select,100000,"k in [a,b] (~N/50, cap 1000)",0.473
2025-09-08T19:10:36.426585665+03:00,clustered_btree,select,100000,"k in [a,b] (~N/50, cap 1000)",0.301
2025-09-08T19:10:36.426873836+03:00,clustered_btree,select,100000,"k in [a,b] (~N/50, cap 1000)",0.281
2025-09-08T19:10:36.427155721+03:00,clustered_btree,select,100000,"k in [a,b] (~N/50, cap 1000)",0.275
2025-09-08T19:10:36.427454368+03:00,clustered_btree,select,100000,"k in [a,b] (~N/50, cap 1000)",0.291
2025-09-08T19:10:36.427752387+03:00,clustered_btree,select,100000,"k in [a,b] (~N/50, cap 1000)",0.289
2025-09-08T19:10:36.428134496+03:00,clustered_btree,select,100000,"k in [a,b] (~N/50, cap 1000)",0.340
2025-09-08T19:10:36.428490973+03:00,clustered_btree,select,100000,"k in [a,b] (~N/50, cap 1000)",0.347
2025-09-08T19:10:36.428830129+03:00,clustered_btree,select,100000,"k in [a,b] (~N/50, cap 1000)",0.332
2025-09-08T19:10:36.429115437+03:00,clustered_btree,select,100000,"k in [a,b] (~N/50, cap 1000)",0.279
2025-09-08T19:10:36.429404306+03:00,clustered_btree,select,100000,"k in [a,b] (~N/50, cap 1000)",0.282
2025-09-08T19:10:36.429692198+03:00,clustered_btree,select,100000,"k in [a,b] (~N/50, cap 1000)",0.280
2025-09-08T19:10:36.429976597+03:00,clustered_btree,select,100000,"k in [a,b] (~N/50, cap 1000)",0.277
2025-09-08T19:10:36.430260927+03:00,clustered_btree,select,100000,"k in [a,b] (~N/50, cap 1000)",0.277
2025-09-08T19:10:36.430556641+03:00,clustered_btree,select,100000,"k in [a,b] (~N/50, cap 1000)",0.289
2025-09-08T19:10:36.430887974+03:00,clustered_btree,select,100000,"k in [a,b] (~N/50, cap 1000)",0.322
2025-09-08T19:10:36.431176634+03:00,clustered_btree,select,100000,"k in [a,b] (~N/50, cap 1000)",0.279
2025-09-08T19:10:36.431487504+03:00,clustered_btree,select,100000,"k in [a,b] (~N/50, cap 1000)",0.303
2025-09-08T19:10:36.431801866+03:00,clustered_btree,select,100000,"k in [a,b] (~N/50, cap 1000)",0.307
2025-09-08T19:10:36.432100932+03:00,clustered_btree,select,100000,"k in [a,b] (~N/50, cap 1000)",0.291
2025-09-08T19:10:36.43240391+03:00,clustered_btree,select,100000,"k in [a,b] (~N/50, cap 1000)",0.296
2025-09-08T19:10:36.432705351+03:00,clustered_btree,select,100000,"k in [a,b] (~N/50, cap 1000)",0.294
2025-09-08T19:10:36.433022367+03:00,clustered_btree,select,100000,"k in [a,b] (~N/50, cap 1000)",0.310
2025-09-08T19:10:36.433337637+03:00,clustered_btree,select,100000,"k in [a,b] (~N/50, cap 1000)",0.307
2025-09-08T19:10:36.433622805+03:00,clustered_btree,select,100000,"k in [a,b] (~N/50, cap 1000)",0.279
2025-09-08T19:10:36.434071684+03:00,clustered_btree,select,100000,"k in [a,b] (~N/50, cap 1000)",0.441
2025-09-08T19:10:36.43459271+03:00,clustered_btree,select,100000,"k in [a,b] (~N/50, cap 1000)",0.514
2025-09-08T19:10:36.435059608+03:00,clustered_btree,select,100000,"k in [a,b] (~N/50, cap 1000)",0.460
2025-09-08T19:10:36.435353925+03:00,clustered_btree,select,100000,"k in [a,b] (~N/50, cap 1000)",0.288
2025-09-08T19:10:36.435633995+03:00,clustered_btree,select,100000,"k in [a,b] (~N/50, cap 1000)",0.274
2025-09-08T19:10:36.435918394+03:00,clustered_btree,select,100000,"k in [a,b] (~N/50, cap 1000)",0.276
2025-09-08T19:10:36.436189942+03:00,clustered_btree,select,100000,"k in [a,b] (~N/50, cap 1000)",0.265
2025-09-08T19:10:36.436489707+03:00,clustered_btree,select,100000,"k in [a,b] (~N/50, cap 1000)",0.292
2025-09-08T19:10:36.436773269+03:00,clustered_btree,select,100000,"k in [a,b] (~N/50, cap 1000)",0.277
2025-09-08T19:10:36.437058087+03:00,clustered_btree,select,100000,"k in [a,b] (~N/50, cap 1000)",0.278
2025-09-08T19:10:36.43733215+03:00,clustered_btree,select,100000,"k in [a,b] (~N/50, cap 1000)",0.267
2025-09-08T19:10:36.437647839+03:00,clustered_btree,select,100000,"k in [a,b] (~N/50, cap 1000)",0.308
2025-09-08T19:10:36.437931191+03:00,clustered_btree,select,100000,"k in [a,b] (~N/50, cap 1000)",0.276
2025-09-08T19:10:36.438224879+03:00,clustered_btree,select,100000,"k in [a,b] (~N/50, cap 1000)",0.287
2025-09-08T19:10:36.438532955+03:00,clustered_btree,select,100000,"k in [a,b] (~N/50, cap 1000)",0.303
2025-09-08T19:10:36.438828809+03:00,clustered_btree,select,100000,"k in [a,b] (~N/50, cap 1000)",0.288
2025-09-08T19:10:36.439117469+03:00,clustered_btree,select,100000,"k in [a,b] (~N/50, cap 1000)",0.281
2025-09-08T19:10:36.439410109+03:00,clustered_btree,select,100000,"k in [a,b] (~N/50, cap 1000)",0.284
2025-09-08T19:10:36.439687525+03:00,clustered_btree,select,100000,"k in [a,b] (~N/50, cap 1000)",0.271
2025-09-08T19:10:36.439959352+03:00,clustered_btree,select,100000,"k in [a,b] (~N/50, cap 1000)",0.265
2025-09-08T19:10:36.440264355+03:00,clustered_btree,select,100000,"k in [a,b] (~N/50, cap 1000)",0.297
2025-09-08T19:10:36.44060868+03:00,clustered_btree,select,100000,"k in [a,b] (~N/50, cap 1000)",0.311
2025-09-08T19:10:36.440905511+03:00,clustered_btree,select,100000,"k in [a,b] (~N/50, cap 1000)",0.289
2025-09-08T19:10:36.441192215+03:00,clustered_btree,select,100000,"k in [a,b] (~N/50, cap 1000)",0.279
2025-09-08T19:10:36.441499104+03:00,clustered_btree,select,100000,"k in [a,b] (~N/50, cap 1000)",0.300
2025-09-08T19:10:36.441772189+03:00,clustered_btree,select,100000,"k in [a,b] (~N/50, cap 1000)",0.267
2025-09-08T19:10:36.442058195+03:00,clustered_btree,select,100000,"k in [a,b] (~N/50, cap 1000)",0.279
2025-09-08T19:10:36.442350207+03:00,clustered_btree,select,100000,"k in [a,b] (~N/50, cap 1000)",0.285
2025-09-08T19:10:36.442643128+03:00,clustered_btree,select,100000,"k in [a,b] (~N/50, cap 1000)",0.286
2025-09-08T19:10:36.442928435+03:00,clustered_btree,select,100000,"k in [a,b] (~N/50, cap 1000)",0.279
2025-09-08T19:10:36.443249921+03:00,clustered_btree,select,100000,"k in [a,b] (~N/50, cap 1000)",0.314
2025-09-08T19:10:36.443561699+03:00,clustered_btree,select,100000,"k in [a,b] (~N/50, cap 1000)",0.304
2025-09-08T19:10:36.443850358+03:00,clustered_btree,select,100000,"k in [a,b] (~N/50, cap 1000)",0.281
2025-09-08T19:10:36.444125539+03:00,clustered_btree,select,100000,"k in [a,b] (~N/50, cap 1000)",0.269
2025-09-08T19:10:36.444410776+03:00,clustered_btree,select,100000,"k in [a,b] (~N/50, cap 1000)",0.279
2025-09-08T19:10:36.444687842+03:00,clustered_btree,select,100000,"k in [a,b] (~N/50, cap 1000)",0.271
2025-09-08T19:10:36.444967143+03:00,clustered_btree,select,100000,"k in [a,b] (~N/50, cap 1000)",0.273
2025-09-08T19:10:36.445239879+03:00,clustered_btree,select,100000,"k in [a,b] (~N/50, cap 1000)",0.266
2025-09-08T19:10:36.445512964+03:00,clustered_btree,select,100000,"k in [a,b] (~N/50, cap 1000)",0.266
2025-09-08T19:10:36.445788703+03:00,clustered_btree,select,100000,"k in [a,b] (~N/50, cap 1000)",0.269
2025-09-08T19:10:36.446070727+03:00,clustered_btree,select,100000,"k in [a,b] (~N/50, cap 1000)",0.276
2025-09-08T19:10:39.530589748+03:00,clustered_btree,delete,100000,k%7=0,745.767
2025-09-08T19:10:40.287841849+03:00,clustered_btree,delete,100000,k%7=0,757.232
2025-09-08T19:10:41.033513544+03:00,clustered_btree,delete,100000,k%7=0,745.654
2025-09-08T19:10:41.79385891+03:00,clustered_btree,delete,100000,k%7=0,760.330
2025-09-08T19:10:42.540594589+03:00,clustered_btree,delete,100000,k%7=0,746.716
2025-09-08T19:10:43.285537268+03:00,clustered_btree,delete,100000,k%7=0,744.928
2025-09-08T19:10:44.044468739+03:00,clustered_btree,delete,100000,k%7=0,758.913
2025-09-08T19:10:44.838949091+03:00,clustered_btree,delete,100000,k%7=0,794.461
2025-09-08T19:10:45.629811034+03:00,clustered_btree,delete,100000,k%7=0,790.846
2025-09-08T19:10:46.391190074+03:00,clustered_btree,delete,100000,k%7=0,761.357
2025-09-08T19:10:47.135435445+03:00,clustered_btree,delete,100000,k%7=0,744.223
2025-09-08T19:10:47.873887785+03:00,clustered_btree,delete,100000,k%7=0,738.429
2025-09-08T19:10:48.61345698+03:00,clustered_btree,delete,100000,k%7=0,739.555
2025-09-08T19:10:49.347402861+03:00,clustered_btree,delete,100000,k%7=0,733.926
2025-09-08T19:10:50.088607911+03:00,clustered_btree,delete,100000,k%7=0,741.184
2025-09-08T19:10:50.855052085+03:00,clustered_btree,delete,100000,k%7=0,766.427
2025-09-08T19:10:51.596083368+03:00,clustered_btree,delete,100000,k%7=0,741.014
2025-09-08T19:10:52.504638908+03:00,clustered_btree,delete,100000,k%7=0,908.540
2025-09-08T19:10:53.301509771+03:00,clustered_btree,delete,100000,k%7=0,796.856
2025-09-08T19:10:54.059194766+03:00,clustered_btree,delete,100000,k%7=0,757.669
2025-09-08T19:10:54.809157254+03:00,clustered_btree,delete,100000,k%7=0,749.936
2025-09-08T19:10:55.550971476+03:00,clustered_btree,delete,100000,k%7=0,741.786
2025-09-08T19:10:56.333046936+03:00,clustered_btree,delete,100000,k%7=0,782.058
2025-09-08T19:10:57.083545399+03:00,clustered_btree,delete,100000,k%7=0,750.482
2025-09-08T19:10:57.81716924+03:00,clustered_btree,delete,100000,k%7=0,733.607
2025-09-08T19:10:58.558748932+03:00,clustered_btree,delete,100000,k%7=0,741.563
2025-09-08T19:10:59.308189209+03:00,clustered_btree,delete,100000,k%7=0,749.410
2025-09-08T19:11:00.054321598+03:00,clustered_btree,delete,100000,k%7=0,746.113
2025-09-08T19:11:00.800241316+03:00,clustered_btree,delete,100000,k%7=0,745.894
2025-09-08T19:11:01.55719136+03:00,clustered_btree,delete,100000,k%7=0,756.934
2025-09-08T19:11:02.318767365+03:00,clustered_btree,delete,100000,k%7=0,761.561
2025-09-08T19:11:03.068300396+03:00,clustered_btree,delete,100000,k%7=0,749.511
2025-09-08T19:11:03.812308381+03:00,clustered_btree,delete,100000,k%7=0,743.993
2025-09-08T19:11:04.548046504+03:00,clustered_btree,delete,100000,k%7=0,735.723
2025-09-08T19:11:05.287708808+03:00,clustered_btree,delete,100000,k%7=0,739.649
2025-09-08T19:11:06.018104175+03:00,clustered_btree,delete,100000,k%7=0,730.381
2025-09-08T19:11:06.754248434+03:00,clustered_btree,delete,100000,k%7=0,736.125
2025-09-08T19:11:07.507963438+03:00,clustered_btree,delete,100000,k%7=0,753.699
2025-09-08T19:11:08.262300043+03:00,clustered_btree,delete,100000,k%7=0,754.320
2025-09-08T19:11:09.042821999+03:00,clustered_btree,delete,100000,k%7=0,780.503
2025-09-08T19:11:09.818093322+03:00,clustered_btree,delete,100000,k%7=0,775.256
2025-09-08T19:11:10.857799408+03:00,clustered_btree,delete,100000,k%7=0,1039.690
2025-09-08T19:11:11.628429755+03:00,clustered_btree,delete,100000,k%7=0,770.607
2025-09-08T19:11:12.404588222+03:00,clustered_btree,delete,100000,k%7=0,776.134
2025-09-08T19:11:13.164706197+03:00,clustered_btree,delete,100000,k%7=0,760.100
2025-09-08T19:11:13.921509299+03:00,clustered_btree,delete,100000,k%7=0,756.789
2025-09-08T19:11:14.67243067+03:00,clustered_btree,delete,100000,k%7=0,750.903
2025-09-08T19:11:15.427541554+03:00,clustered_btree,delete,100000,k%7=0,755.093
2025-09-08T19:11:16.165241005+03:00,clustered_btree,delete,100000,k%7=0,737.684
2025-09-08T19:11:16.892141869+03:00,clustered_btree,delete,100000,k%7=0,726.880
2025-09-08T19:11:17.640047364+03:00,clustered_btree,delete,100000,k%7=0,747.888
2025-09-08T19:11:18.413439644+03:00,clustered_btree,delete,100000,k%7=0,773.377
2025-09-08T19:11:19.172707567+03:00,clustered_btree,delete,100000,k%7=0,759.211
2025-09-08T19:11:19.929460805+03:00,clustered_btree,delete,100000,k%7=0,756.738
2025-09-08T19:11:20.688594422+03:00,clustered_btree,delete,100000,k%7=0,759.118
2025-09-08T19:11:21.444111445+03:00,clustered_btree,delete,100000,k%7=0,755.503
2025-09-08T19:11:22.203306035+03:00,clustered_btree,delete,100000,k%7=0,759.172
2025-09-08T19:11:22.952156295+03:00,clustered_btree,delete,100000,k%7=0,748.835
2025-09-08T19:11:23.677805511+03:00,clustered_btree,delete,100000,k%7=0,725.632
2025-09-08T19:11:24.413701349+03:00,clustered_btree,delete,100000,k%7=0,735.878
2025-09-08T19:11:25.137021452+03:00,clustered_btree,delete,100000,k%7=0,723.301
2025-09-08T19:11:25.88657049+03:00,clustered_btree,delete,100000,k%7=0,749.530
2025-09-08T19:11:26.625004273+03:00,clustered_btree,delete,100000,k%7=0,738.404
2025-09-08T19:11:27.37050453+03:00,clustered_btree,delete,100000,k%7=0,745.484
2025-09-08T19:11:28.216570022+03:00,clustered_btree,delete,100000,k%7=0,846.047
2025-09-08T19:11:29.094522823+03:00,clustered_btree,delete,100000,k%7=0,877.936
2025-09-08T19:11:29.874399794+03:00,clustered_btree,delete,100000,k%7=0,779.863
2025-09-08T19:11:30.658820522+03:00,clustered_btree,delete,100000,k%7=0,784.399
2025-09-08T19:11:31.405510761+03:00,clustered_btree,delete,100000,k%7=0,746.669
2025-09-08T19:11:32.176852467+03:00,clustered_btree,delete,100000,k%7=0,771.322
2025-09-08T19:11:32.924671156+03:00,clustered_btree,delete,100000,k%7=0,747.800
2025-09-08T19:11:33.667440497+03:00,clustered_btree,delete,100000,k%7=0,742.752
2025-09-08T19:11:34.41338845+03:00,clustered_btree,delete,100000,k%7=0,745.931
2025-09-08T19:11:35.163428556+03:00,clustered_btree,delete,100000,k%7=0,750.023
2025-09-08T19:11:35.905343024+03:00,clustered_btree,delete,100000,k%7=0,741.829
2025-09-08T19:11:36.654240854+03:00,clustered_btree,delete,100000,k%7=0,748.866
2025-09-08T19:11:37.40588881+03:00,clustered_btree,delete,100000,k%7=0,751.630
2025-09-08T19:11:38.181356337+03:00,clustered_btree,delete,100000,k%7=0,775.445
2025-09-08T19:11:38.949493525+03:00,clustered_btree,delete,100000,k%7=0,768.123
2025-09-08T19:11:39.71474635+03:00,clustered_btree,delete,100000,k%7=0,765.237
2025-09-08T19:11:40.468279501+03:00,clustered_btree,delete,100000,k%7=0,753.517
2025-09-08T19:11:41.214077855+03:00,clustered_btree,delete,100000,k%7=0,745.772
2025-09-08T19:11:41.962110406+03:00,clustered_btree,delete,100000,k%7=0,748.014
2025-09-08T19:11:42.701709243+03:00,clustered_btree,delete,100000,k%7=0,739.585
2025-09-08T19:11:43.42831308+03:00,clustered_btree,delete,100000,k%7=0,726.582
2025-09-08T19:11:44.172690555+03:00,clustered_btree,delete,100000,k%7=0,744.363
2025-09-08T19:11:44.914430281+03:00,clustered_btree,delete,100000,k%7=0,741.723
2025-09-08T19:11:45.649811949+03:00,clustered_btree,delete,100000,k%7=0,735.361
2025-09-08T19:11:46.59316022+03:00,clustered_btree,delete,100000,k%7=0,943.335
2025-09-08T19:11:47.326118486+03:00,clustered_btree,delete,100000,k%7=0,732.943
2025-09-08T19:11:48.098529283+03:00,clustered_btree,delete,100000,k%7=0,772.386
2025-09-08T19:11:48.864666531+03:00,clustered_btree,delete,100000,k%7=0,766.122
2025-09-08T19:11:49.611564701+03:00,clustered_btree,delete,100000,k%7=0,746.881
2025-09-08T19:11:50.420227139+03:00,clustered_btree,delete,100000,k%7=0,808.645
2025-09-08T19:11:51.177145083+03:00,clustered_btree,delete,100000,k%7=0,756.890
2025-09-08T19:11:51.917480137+03:00,clustered_btree,delete,100000,k%7=0,740.303
2025-09-08T19:11:52.664797295+03:00,clustered_btree,delete,100000,k%7=0,747.299
2025-09-08T19:11:53.418173028+03:00,clustered_btree,delete,100000,k%7=0,753.356
2025-09-08T19:11:54.158026867+03:00,clustered_btree,delete,100000,k%7=0,739.839
2025-09-08T19:11:54.898183544+03:00,clustered_btree,delete,100000,k%7=0,740.139
2025-09-08T19:11:58.752480685+03:00,clustered_btree,insert,130000,bulk=130000,958.698
2025-09-08T19:11:59.725632238+03:00,clustered_btree,insert,130000,bulk=130000,973.135
2025-09-08T19:12:00.708868099+03:00,clustered_btree,insert,130000,bulk=130000,983.217
2025-09-08T19:12:01.668831467+03:00,clustered_btree,insert,130000,bulk=130000,959.949
2025-09-08T19:12:02.635514681+03:00,clustered_btree,insert,130000,bulk=130000,966.667
2025-09-08T19:12:03.608577397+03:00,clustered_btree,insert,130000,bulk=130000,973.026
2025-09-08T19:12:04.756358804+03:00,clustered_btree,insert,130000,bulk=130000,1147.767
2025-09-08T19:12:05.690090307+03:00,clustered_btree,insert,130000,bulk=130000,933.718
2025-09-08T19:12:06.678587282+03:00,clustered_btree,insert,130000,bulk=130000,988.482
2025-09-08T19:12:07.673157919+03:00,clustered_btree,insert,130000,bulk=130000,994.556
2025-09-08T19:12:08.657832963+03:00,clustered_btree,insert,130000,bulk=130000,984.659
2025-09-08T19:12:09.642043625+03:00,clustered_btree,insert,130000,bulk=130000,984.198
2025-09-08T19:12:10.605422586+03:00,clustered_btree,insert,130000,bulk=130000,963.362
2025-09-08T19:12:11.594922575+03:00,clustered_btree,insert,130000,bulk=130000,989.486
2025-09-08T19:12:12.602620289+03:00,clustered_btree,insert,130000,bulk=130000,1007.684
2025-09-08T19:12:13.565812423+03:00,clustered_btree,insert,130000,bulk=130000,963.178
2025-09-08T19:12:14.533308124+03:00,clustered_btree,insert,130000,bulk=130000,967.480
2025-09-08T19:12:15.500875206+03:00,clustered_btree,insert,130000,bulk=130000,967.553
2025-09-08T19:12:16.459882926+03:00,clustered_btree,insert,130000,bulk=130000,958.991
2025-09-08T19:12:17.420783384+03:00,clustered_btree,insert,130000,bulk=130000,960.885
2025-09-08T19:12:18.381150383+03:00,clustered_btree,insert,130000,bulk=130000,960.354
2025-09-08T19:12:19.344831769+03:00,clustered_btree,insert,130000,bulk=130000,963.669
2025-09-08T19:12:20.307053164+03:00,clustered_btree,insert,130000,bulk=130000,962.208
2025-09-08T19:12:21.277903833+03:00,clustered_btree,insert,130000,bulk=130000,970.839
2025-09-08T19:12:22.267074032+03:00,clustered_btree,insert,130000,bulk=130000,989.153
2025-09-08T19:12:23.426670113+03:00,clustered_btree,insert,130000,bulk=130000,1159.571
2025-09-08T19:12:24.401298436+03:00,clustered_btree,insert,130000,bulk=130000,974.617
2025-09-08T19:12:25.363262952+03:00,clustered_btree,insert,130000,bulk=130000,961.952
2025-09-08T19:12:26.331995645+03:00,clustered_btree,insert,130000,bulk=130000,968.715
2025-09-08T19:12:27.293414551+03:00,clustered_btree,insert,130000,bulk=130000,961.406
2025-09-08T19:12:28.245383532+03:00,clustered_btree,insert,130000,bulk=130000,951.953
2025-09-08T19:12:29.203712808+03:00,clustered_btree,insert,130000,bulk=130000,958.304
2025-09-08T19:12:30.183051117+03:00,clustered_btree,insert,130000,bulk=130000,979.324
2025-09-08T19:12:31.162940694+03:00,clustered_btree,insert,130000,bulk=130000,979.875
2025-09-08T19:12:32.143092182+03:00,clustered_btree,insert,130000,bulk=130000,980.134
2025-09-08T19:12:33.148221234+03:00,clustered_btree,insert,130000,bulk=130000,1005.115
2025-09-08T19:12:34.133189355+03:00,clustered_btree,insert,130000,bulk=130000,984.952
2025-09-08T19:12:35.106438641+03:00,clustered_btree,insert,130000,bulk=130000,973.235
2025-09-08T19:12:36.059544176+03:00,clustered_btree,insert,130000,bulk=130000,953.088
2025-09-08T19:12:37.007168807+03:00,clustered_btree,insert,130000,bulk=130000,947.613
2025-09-08T19:12:37.995970736+03:00,clustered_btree,insert,130000,bulk=130000,988.790
2025-09-08T19:12:38.965839707+03:00,clustered_btree,insert,130000,bulk=130000,969.852
2025-09-08T19:12:39.930356354+03:00,clustered_btree,insert,130000,bulk=130000,964.505
2025-09-08T19:12:40.965774162+03:00,clustered_btree,insert,130000,bulk=130000,1035.404
2025-09-08T19:12:42.077498677+03:00,clustered_btree,insert,130000,bulk=130000,1111.712
2025-09-08T19:12:43.089007866+03:00,clustered_btree,insert,130000,bulk=130000,1011.498
2025-09-08T19:12:44.138539418+03:00,clustered_btree,insert,130000,bulk=130000,1049.517
2025-09-08T19:12:45.099284632+03:00,clustered_btree,insert,130000,bulk=130000,960.727
2025-09-08T19:12:46.057402435+03:00,clustered_btree,insert,130000,bulk=130000,958.057
2025-09-08T19:12:47.009497074+03:00,clustered_btree,insert,130000,bulk=130000,952.077
2025-09-08T19:12:47.967548108+03:00,clustered_btree,insert,130000,bulk=130000,958.039
2025-09-08T19:12:48.969007146+03:00,clustered_btree,insert,130000,bulk=130000,1001.444
2025-09-08T19:12:49.935092675+03:00,clustered_btree,insert,130000,bulk=130000,966.069
2025-09-08T19:12:50.922349831+03:00,clustered_btree,insert,130000,bulk=130000,987.225
2025-09-08T19:12:51.891074228+03:00,clustered_btree,insert,130000,bulk=130000,968.707
2025-09-08T19:12:52.857854903+03:00,clustered_btree,insert,130000,bulk=130000,966.769
2025-09-08T19:12:53.810124432+03:00,clustered_btree,insert,130000,bulk=130000,952.258
2025-09-08T19:12:54.76826012+03:00,clustered_btree,insert,130000,bulk=130000,958.121
2025-09-08T19:12:55.722917502+03:00,clustered_btree,insert,130000,bulk=130000,954.644
2025-09-08T19:12:56.672163333+03:00,clustered_btree,insert,130000,bulk=130000,949.225
2025-09-08T19:12:57.625498454+03:00,clustered_btree,insert,130000,bulk=130000,953.324
2025-09-08T19:12:58.590738752+03:00,clustered_btree,insert,130000,bulk=130000,965.222
2025-09-08T19:12:59.789913458+03:00,clustered_btree,insert,130000,bulk=130000,1199.159
2025-09-08T19:13:00.793365953+03:00,clustered_btree,insert,130000,bulk=130000,1003.439
2025-09-08T19:13:01.827939586+03:00,clustered_btree,insert,130000,bulk=130000,1034.545
2025-09-08T19:13:02.819566457+03:00,clustered_btree,insert,130000,bulk=130000,991.613
2025-09-08T19:13:03.792799905+03:00,clustered_btree,insert,130000,bulk=130000,973.215
2025-09-08T19:13:04.763456158+03:00,clustered_btree,insert,130000,bulk=130000,970.641
2025-09-08T19:13:05.746814285+03:00,clustered_btree,insert,130000,bulk=130000,983.343
2025-09-08T19:13:06.713756514+03:00,clustered_btree,insert,130000,bulk=130000,966.925
2025-09-08T19:13:07.673061865+03:00,clustered_btree,insert,130000,bulk=130000,959.269
2025-09-08T19:13:08.654737971+03:00,clustered_btree,insert,130000,bulk=130000,981.656
2025-09-08T19:13:09.632076916+03:00,clustered_btree,insert,130000,bulk=130000,977.323
2025-09-08T19:13:10.615075984+03:00,clustered_btree,insert,130000,bulk=130000,982.983
2025-09-08T19:13:11.575570338+03:00,clustered_btree,insert,130000,bulk=130000,960.479
2025-09-08T19:13:12.555541377+03:00,clustered_btree,insert,130000,bulk=130000,979.956
2025-09-08T19:13:13.554184721+03:00,clustered_btree,insert,130000,bulk=130000,998.629
2025-09-08T19:13:14.513446843+03:00,clustered_btree,insert,130000,bulk=130000,959.246
2025-09-08T19:13:15.455513973+03:00,clustered_btree,insert,130000,bulk=130000,942.055
2025-09-08T19:13:16.42836036+03:00,clustered_btree,insert,130000,bulk=130000,972.833
2025-09-08T19:13:17.447543256+03:00,clustered_btree,insert,130000,bulk=130000,1019.169
2025-09-08T19:13:18.692657777+03:00,clustered_btree,insert,130000,bulk=130000,1245.095
2025-09-08T19:13:19.737439978+03:00,clustered_btree,insert,130000,bulk=130000,1044.769
2025-09-08T19:13:20.7779865+03:00,clustered_btree,insert,130000,bulk=130000,1040.514
2025-09-08T19:13:21.838690532+03:00,clustered_btree,insert,130000,bulk=130000,1060.688
2025-09-08T19:13:22.870677414+03:00,clustered_btree,insert,130000,bulk=130000,1031.974
2025-09-08T19:13:23.884317737+03:00,clustered_btree,insert,130000,bulk=130000,1013.627
2025-09-08T19:13:24.879320258+03:00,clustered_btree,insert,130000,bulk=130000,994.982
2025-09-08T19:13:25.849826711+03:00,clustered_btree,insert,130000,bulk=130000,970.492
2025-09-08T19:13:26.861876717+03:00,clustered_btree,insert,130000,bulk=130000,1012.030
2025-09-08T19:13:27.890417284+03:00,clustered_btree,insert,130000,bulk=130000,1028.527
2025-09-08T19:13:28.888972076+03:00,clustered_btree,insert,130000,bulk=130000,998.539
2025-09-08T19:13:29.871483024+03:00,clustered_btree,insert,130000,bulk=130000,982.495
2025-09-08T19:13:30.859104712+03:00,clustered_btree,insert,130000,bulk=130000,987.601
2025-09-08T19:13:31.818026709+03:00,clustered_btree,insert,130000,bulk=130000,958.909
2025-09-08T19:13:32.756839388+03:00,clustered_btree,insert,130000,bulk=130000,938.800
2025-09-08T19:13:33.69669908+03:00,clustered_btree,insert,130000,bulk=130000,939.817
2025-09-08T19:13:34.650591496+03:00,clustered_btree,insert,130000,bulk=130000,953.876
2025-09-08T19:13:35.62079812+03:00,clustered_btree,insert,130000,bulk=130000,970.194
2025-09-08T19:13:36.655493928+03:00,clustered_btree,insert,130000,bulk=130000,1034.683
2025-09-08T19:13:38.031212909+03:00,clustered_btree,select,130000,"k in [a,b] (~N/50, cap 1000)",0.322
2025-09-08T19:13:38.031571132+03:00,clustered_btree,select,130000,"k in [a,b] (~N/50, cap 1000)",0.342
2025-09-08T19:13:38.031959806+03:00,clustered_btree,select,130000,"k in [a,b] (~N/50, cap 1000)",0.380
2025-09-08T19:13:38.032303782+03:00,clustered_btree,select,130000,"k in [a,b] (~N/50, cap 1000)",0.334
2025-09-08T19:13:38.032614442+03:00,clustered_btree,select,130000,"k in [a,b] (~N/50, cap 1000)",0.303
2025-09-08T19:13:38.032897375+03:00,clustered_btree,select,130000,"k in [a,b] (~N/50, cap 1000)",0.275
2025-09-08T19:13:38.033186803+03:00,clustered_btree,select,130000,"k in [a,b] (~N/50, cap 1000)",0.283
2025-09-08T19:13:38.033509756+03:00,clustered_btree,select,130000,"k in [a,b] (~N/50, cap 1000)",0.316
2025-09-08T19:13:38.033797228+03:00,clustered_btree,select,130000,"k in [a,b] (~N/50, cap 1000)",0.279
2025-09-08T19:13:38.034072827+03:00,clustered_btree,select,130000,"k in [a,b] (~N/50, cap 1000)",0.269
2025-09-08T19:13:38.034349614+03:00,clustered_btree,select,130000,"k in [a,b] (~N/50, cap 1000)",0.267
2025-09-08T19:13:38.034652033+03:00,clustered_btree,select,130000,"k in [a,b] (~N/50, cap 1000)",0.296
2025-09-08T19:13:38.034940483+03:00,clustered_btree,select,130000,"k in [a,b] (~N/50, cap 1000)",0.282
2025-09-08T19:13:38.035229143+03:00,clustered_btree,select,130000,"k in [a,b] (~N/50, cap 1000)",0.282
2025-09-08T19:13:38.035528+03:00,clustered_btree,select,130000,"k in [a,b] (~N/50, cap 1000)",0.293
2025-09-08T19:13:38.035817707+03:00,clustered_btree,select,130000,"k in [a,b] (~N/50, cap 1000)",0.281
2025-09-08T19:13:38.036095751+03:00,clustered_btree,select,130000,"k in [a,b] (~N/50, cap 1000)",0.271
2025-09-08T19:13:38.036390627+03:00,clustered_btree,select,130000,"k in [a,b] (~N/50, cap 1000)",0.288
2025-09-08T19:13:38.036704081+03:00,clustered_btree,select,130000,"k in [a,b] (~N/50, cap 1000)",0.306
2025-09-08T19:13:38.036994347+03:00,clustered_btree,select,130000,"k in [a,b] (~N/50, cap 1000)",0.283
2025-09-08T19:13:38.037280633+03:00,clustered_btree,select,130000,"k in [a,b] (~N/50, cap 1000)",0.279
2025-09-08T19:13:38.037581515+03:00,clustered_btree,select,130000,"k in [a,b] (~N/50, cap 1000)",0.294
2025-09-08T19:13:38.037889382+03:00,clustered_btree,select,130000,"k in [a,b] (~N/50, cap 1000)",0.301
2025-09-08T19:13:38.038184118+03:00,clustered_btree,select,130000,"k in [a,b] (~N/50, cap 1000)",0.287
2025-09-08T19:13:38.038590882+03:00,clustered_btree,select,130000,"k in [a,b] (~N/50, cap 1000)",0.398
2025-09-08T19:13:38.03899995+03:00,clustered_btree,select,130000,"k in [a,b] (~N/50, cap 1000)",0.401
2025-09-08T19:13:38.039323392+03:00,clustered_btree,select,130000,"k in [a,b] (~N/50, cap 1000)",0.315
2025-09-08T19:13:38.039746429+03:00,clustered_btree,select,130000,"k in [a,b] (~N/50, cap 1000)",0.416
2025-09-08T19:13:38.040223944+03:00,clustered_btree,select,130000,"k in [a,b] (~N/50, cap 1000)",0.470
2025-09-08T19:13:38.040635596+03:00,clustered_btree,select,130000,"k in [a,b] (~N/50, cap 1000)",0.402
2025-09-08T19:13:38.04092279+03:00,clustered_btree,select,130000,"k in [a,b] (~N/50, cap 1000)",0.281
2025-09-08T19:13:38.041205932+03:00,clustered_btree,select,130000,"k in [a,b] (~N/50, cap 1000)",0.275
2025-09-08T19:13:38.04149075+03:00,clustered_btree,select,130000,"k in [a,b] (~N/50, cap 1000)",0.279
2025-09-08T19:13:38.041776058+03:00,clustered_btree,select,130000,"k in [a,b] (~N/50, cap 1000)",0.278
2025-09-08T19:13:38.042078127+03:00,clustered_btree,select,130000,"k in [a,b] (~N/50, cap 1000)",0.294
2025-09-08T19:13:38.042382572+03:00,clustered_btree,select,130000,"k in [a,b] (~N/50, cap 1000)",0.296
2025-09-08T19:13:38.042689042+03:00,clustered_btree,select,130000,"k in [a,b] (~N/50, cap 1000)",0.299
2025-09-08T19:13:38.043001448+03:00,clustered_btree,select,130000,"k in [a,b] (~N/50, cap 1000)",0.304
2025-09-08T19:13:38.043296184+03:00,clustered_btree,select,130000,"k in [a,b] (~N/50, cap 1000)",0.288
2025-09-08T19:13:38.043668585+03:00,clustered_btree,select,130000,"k in [a,b] (~N/50, cap 1000)",0.364
2025-09-08T19:13:38.044011792+03:00,clustered_btree,select,130000,"k in [a,b] (~N/50, cap 1000)",0.301
2025-09-08T19:13:38.04431051+03:00,clustered_btree,select,130000,"k in [a,b] (~N/50, cap 1000)",0.290
2025-09-08T19:13:38.044619284+03:00,clustered_btree,select,130000,"k in [a,b] (~N/50, cap 1000)",0.300
2025-09-08T19:13:38.044944611+03:00,clustered_btree,select,130000,"k in [a,b] (~N/50, cap 1000)",0.317
2025-09-08T19:13:38.045277691+03:00,clustered_btree,select,130000,"k in [a,b] (~N/50, cap 1000)",0.324
2025-09-08T19:13:38.0456334+03:00,clustered_btree,select,130000,"k in [a,b] (~N/50, cap 1000)",0.347
2025-09-08T19:13:38.045933375+03:00,clustered_btree,select,130000,"k in [a,b] (~N/50, cap 1000)",0.293
2025-09-08T19:13:38.046235863+03:00,clustered_btree,select,130000,"k in [a,b] (~N/50, cap 1000)",0.295
2025-09-08T19:13:38.046546174+03:00,clustered_btree,select,130000,"k in [a,b] (~N/50, cap 1000)",0.304
2025-09-08T19:13:38.046887565+03:00,clustered_btree,select,130000,"k in [a,b] (~N/50, cap 1000)",0.333
2025-09-08T19:13:38.047233776+03:00,clustered_btree,select,130000,"k in [a,b] (~N/50, cap 1000)",0.340
2025-09-08T19:13:38.0477115+03:00,clustered_btree,select,130000,"k in [a,b] (~N/50, cap 1000)",0.470
2025-09-08T19:13:38.048085438+03:00,clustered_btree,select,130000,"k in [a,b] (~N/50, cap 1000)",0.368
2025-09-08T19:13:38.048456651+03:00,clustered_btree,select,130000,"k in [a,b] (~N/50, cap 1000)",0.365
2025-09-08T19:13:38.04876368+03:00,clustered_btree,select,130000,"k in [a,b] (~N/50, cap 1000)",0.301
2025-09-08T19:13:38.04905667+03:00,clustered_btree,select,130000,"k in [a,b] (~N/50, cap 1000)",0.286
2025-09-08T19:13:38.049336111+03:00,clustered_btree,select,130000,"k in [a,b] (~N/50, cap 1000)",0.273
2025-09-08T19:13:38.049635596+03:00,clustered_btree,select,130000,"k in [a,b] (~N/50, cap 1000)",0.292
2025-09-08T19:13:38.04992237+03:00,clustered_btree,select,130000,"k in [a,b] (~N/50, cap 1000)",0.280
2025-09-08T19:13:38.050211938+03:00,clustered_btree,select,130000,"k in [a,b] (~N/50, cap 1000)",0.283
2025-09-08T19:13:38.050561152+03:00,clustered_btree,select,130000,"k in [a,b] (~N/50, cap 1000)",0.341
2025-09-08T19:13:38.050920143+03:00,clustered_btree,select,130000,"k in [a,b] (~N/50, cap 1000)",0.352
2025-09-08T19:13:38.051258321+03:00,clustered_btree,select,130000,"k in [a,b] (~N/50, cap 1000)",0.331
2025-09-08T19:13:38.051604043+03:00,clustered_btree,select,130000,"k in [a,b] (~N/50, cap 1000)",0.340
2025-09-08T19:13:38.051900525+03:00,clustered_btree,select,130000,"k in [a,b] (~N/50, cap 1000)",0.289
2025-09-08T19:13:38.052197566+03:00,clustered_btree,select,130000,"k in [a,b] (~N/50, cap 1000)",0.290
2025-09-08T19:13:38.052575415+03:00,clustered_btree,select,130000,"k in [a,b] (~N/50, cap 1000)",0.371
2025-09-08T19:13:38.052882304+03:00,clustered_btree,select,130000,"k in [a,b] (~N/50, cap 1000)",0.300
2025-09-08T19:13:38.053159998+03:00,clustered_btree,select,130000,"k in [a,b] (~N/50, cap 1000)",0.271
2025-09-08T19:13:38.053455154+03:00,clustered_btree,select,130000,"k in [a,b] (~N/50, cap 1000)",0.288
2025-09-08T19:13:38.053762881+03:00,clustered_btree,select,130000,"k in [a,b] (~N/50, cap 1000)",0.301
2025-09-08T19:13:38.054059642+03:00,clustered_btree,select,130000,"k in [a,b] (~N/50, cap 1000)",0.290
2025-09-08T19:13:38.054350118+03:00,clustered_btree,select,130000,"k in [a,b] (~N/50, cap 1000)",0.284
2025-09-08T19:13:38.05465107+03:00,clustered_btree,select,130000,"k in [a,b] (~N/50, cap 1000)",0.295
2025-09-08T19:13:38.054933235+03:00,clustered_btree,select,130000,"k in [a,b] (~N/50, cap 1000)",0.276
2025-09-08T19:13:38.055229577+03:00,clustered_btree,select,130000,"k in [a,b] (~N/50, cap 1000)",0.290
2025-09-08T19:13:38.055530529+03:00,clustered_btree,select,130000,"k in [a,b] (~N/50, cap 1000)",0.294
2025-09-08T19:13:38.0558187+03:00,clustered_btree,select,130000,"k in [a,b] (~N/50, cap 1000)",0.281
2025-09-08T19:13:38.056097233+03:00,clustered_btree,select,130000,"k in [a,b] (~N/50, cap 1000)",0.271
2025-09-08T19:13:38.056403912+03:00,clustered_btree,select,130000,"k in [a,b] (~N/50, cap 1000)",0.300
2025-09-08T19:13:38.056741741+03:00,clustered_btree,select,130000,"k in [a,b] (~N/50, cap 1000)",0.293
2025-09-08T19:13:38.057034382+03:00,clustered_btree,select,130000,"k in [a,b] (~N/50, cap 1000)",0.285
2025-09-08T19:13:38.057322483+03:00,clustered_btree,select,130000,"k in [a,b] (~N/50, cap 1000)",0.280
2025-09-08T19:13:38.057622109+03:00,clustered_btree,select,130000,"k in [a,b] (~N/50, cap 1000)",0.293
2025-09-08T19:13:38.057911676+03:00,clustered_btree,select,130000,"k in [a,b] (~N/50, cap 1000)",0.282
2025-09-08T19:13:38.058190977+03:00,clustered_btree,select,130000,"k in [a,b] (~N/50, cap 1000)",0.273
2025-09-08T19:13:38.058497657+03:00,clustered_btree,select,130000,"k in [a,b] (~N/50, cap 1000)",0.301
2025-09-08T19:13:38.058803638+03:00,clustered_btree,select,130000,"k in [a,b] (~N/50, cap 1000)",0.297
2025-09-08T19:13:38.05916214+03:00,clustered_btree,select,130000,"k in [a,b] (~N/50, cap 1000)",0.350
2025-09-08T19:13:38.059546484+03:00,clustered_btree,select,130000,"k in [a,b] (~N/50, cap 1000)",0.377
2025-09-08T19:13:38.059865805+03:00,clustered_btree,select,130000,"k in [a,b] (~N/50, cap 1000)",0.313
2025-09-08T19:13:38.06016103+03:00,clustered_btree,select,130000,"k in [a,b] (~N/50, cap 1000)",0.289
2025-09-08T19:13:38.060491526+03:00,clustered_btree,select,130000,"k in [a,b] (~N/50, cap 1000)",0.324
2025-09-08T19:13:38.060917566+03:00,clustered_btree,select,130000,"k in [a,b] (~N/50, cap 1000)",0.420
2025-09-08T19:13:38.061440758+03:00,clustered_btree,select,130000,"k in [a,b] (~N/50, cap 1000)",0.516
2025-09-08T19:13:38.061841446+03:00,clustered_btree,select,130000,"k in [a,b] (~N/50, cap 1000)",0.392
2025-09-08T19:13:38.062153922+03:00,clustered_btree,select,130000,"k in [a,b] (~N/50, cap 1000)",0.305
2025-09-08T19:13:38.062462627+03:00,clustered_btree,select,130000,"k in [a,b] (~N/50, cap 1000)",0.300
2025-09-08T19:13:38.062754918+03:00,clustered_btree,select,130000,"k in [a,b] (~N/50, cap 1000)",0.285
2025-09-08T19:13:38.063044975+03:00,clustered_btree,select,130000,"k in [a,b] (~N/50, cap 1000)",0.283
2025-09-08T19:13:41.93078226+03:00,clustered_btree,delete,130000,k%7=0,957.543
2025-09-08T19:13:42.884337829+03:00,clustered_btree,delete,130000,k%7=0,953.536
2025-09-08T19:13:43.827408195+03:00,clustered_btree,delete,130000,k%7=0,943.049
2025-09-08T19:13:44.794074776+03:00,clustered_btree,delete,130000,k%7=0,966.625
2025-09-08T19:13:45.773005806+03:00,clustered_btree,delete,130000,k%7=0,978.915
2025-09-08T19:13:46.702675524+03:00,clustered_btree,delete,130000,k%7=0,929.648
2025-09-08T19:13:47.638549998+03:00,clustered_btree,delete,130000,k%7=0,935.859
2025-09-08T19:13:48.578428206+03:00,clustered_btree,delete,130000,k%7=0,939.862
2025-09-08T19:13:49.511849107+03:00,clustered_btree,delete,130000,k%7=0,933.408
2025-09-08T19:13:50.473424368+03:00,clustered_btree,delete,130000,k%7=0,961.557
2025-09-08T19:13:51.415535448+03:00,clustered_btree,delete,130000,k%7=0,942.087
2025-09-08T19:13:52.374182206+03:00,clustered_btree,delete,130000,k%7=0,958.629
2025-09-08T19:13:53.353938012+03:00,clustered_btree,delete,130000,k%7=0,979.727
2025-09-08T19:13:54.481325427+03:00,clustered_btree,delete,130000,k%7=0,1127.373
2025-09-08T19:13:55.528998857+03:00,clustered_btree,delete,130000,k%7=0,1047.657
2025-09-08T19:13:56.624835743+03:00,clustered_btree,delete,130000,k%7=0,1095.816
2025-09-08T19:13:57.60032528+03:00,clustered_btree,delete,130000,k%7=0,975.467
2025-09-08T19:13:58.579135278+03:00,clustered_btree,delete,130000,k%7=0,978.793
2025-09-08T19:13:59.568392279+03:00,clustered_btree,delete,130000,k%7=0,989.243
2025-09-08T19:14:00.576477614+03:00,clustered_btree,delete,130000,k%7=0,1008.065
2025-09-08T19:14:01.563795712+03:00,clustered_btree,delete,130000,k%7=0,987.300
2025-09-08T19:14:02.544088264+03:00,clustered_btree,delete,130000,k%7=0,980.274
2025-09-08T19:14:03.483975837+03:00,clustered_btree,delete,130000,k%7=0,939.867
2025-09-08T19:14:04.439606584+03:00,clustered_btree,delete,130000,k%7=0,955.611
2025-09-08T19:14:05.479992214+03:00,clustered_btree,delete,130000,k%7=0,1040.369
2025-09-08T19:14:06.502356403+03:00,clustered_btree,delete,130000,k%7=0,1022.347
2025-09-08T19:14:07.507645939+03:00,clustered_btree,delete,130000,k%7=0,1005.256
2025-09-08T19:14:08.452705786+03:00,clustered_btree,delete,130000,k%7=0,945.040
2025-09-08T19:14:09.438924913+03:00,clustered_btree,delete,130000,k%7=0,986.204
2025-09-08T19:14:10.473602092+03:00,clustered_btree,delete,130000,k%7=0,1034.662
2025-09-08T19:14:11.518440477+03:00,clustered_btree,delete,130000,k%7=0,1044.818
2025-09-08T19:14:12.725248409+03:00,clustered_btree,delete,130000,k%7=0,1206.788
2025-09-08T19:14:13.754126272+03:00,clustered_btree,delete,130000,k%7=0,1028.861
2025-09-08T19:14:14.787146435+03:00,clustered_btree,delete,130000,k%7=0,1033.003
2025-09-08T19:14:15.75134577+03:00,clustered_btree,delete,130000,k%7=0,964.179
2025-09-08T19:14:16.70877134+03:00,clustered_btree,delete,130000,k%7=0,957.407
2025-09-08T19:14:17.6929489+03:00,clustered_btree,delete,130000,k%7=0,984.159
2025-09-08T19:14:18.649218855+03:00,clustered_btree,delete,130000,k%7=0,956.254
2025-09-08T19:14:19.592119311+03:00,clustered_btree,delete,130000,k%7=0,942.880
2025-09-08T19:14:20.54201144+03:00,clustered_btree,delete,130000,k%7=0,949.877
2025-09-08T19:14:21.459947812+03:00,clustered_btree,delete,130000,k%7=0,917.921
2025-09-08T19:14:22.378622351+03:00,clustered_btree,delete,130000,k%7=0,918.662
2025-09-08T19:14:23.328133281+03:00,clustered_btree,delete,130000,k%7=0,949.494
2025-09-08T19:14:24.271011669+03:00,clustered_btree,delete,130000,k%7=0,942.852
2025-09-08T19:14:25.209048282+03:00,clustered_btree,delete,130000,k%7=0,938.022
2025-09-08T19:14:26.16518058+03:00,clustered_btree,delete,130000,k%7=0,956.115
2025-09-08T19:14:27.095924569+03:00,clustered_btree,delete,130000,k%7=0,930.727
2025-09-08T19:14:28.070341756+03:00,clustered_btree,delete,130000,k%7=0,974.396
2025-09-08T19:14:29.031607983+03:00,clustered_btree,delete,130000,k%7=0,961.243
2025-09-08T19:14:30.100179416+03:00,clustered_btree,delete,130000,k%7=0,1068.552
2025-09-08T19:14:31.119589062+03:00,clustered_btree,delete,130000,k%7=0,1019.393
2025-09-08T19:14:32.073243483+03:00,clustered_btree,delete,130000,k%7=0,953.636
2025-09-08T19:14:33.006088553+03:00,clustered_btree,delete,130000,k%7=0,932.750
2025-09-08T19:14:33.942527518+03:00,clustered_btree,delete,130000,k%7=0,936.423
2025-09-08T19:14:34.879995127+03:00,clustered_btree,delete,130000,k%7=0,937.449
2025-09-08T19:14:35.817509532+03:00,clustered_btree,delete,130000,k%7=0,937.500
2025-09-08T19:14:36.754987618+03:00,clustered_btree,delete,130000,k%7=0,937.457
2025-09-08T19:14:37.679118346+03:00,clustered_btree,delete,130000,k%7=0,924.111
2025-09-08T19:14:38.645953346+03:00,clustered_btree,delete,130000,k%7=0,966.819
2025-09-08T19:14:39.570345077+03:00,clustered_btree,delete,130000,k%7=0,924.376
2025-09-08T19:14:40.480400198+03:00,clustered_btree,delete,130000,k%7=0,910.039
2025-09-08T19:14:41.465326832+03:00,clustered_btree,delete,130000,k%7=0,984.850
2025-09-08T19:14:42.383514577+03:00,clustered_btree,delete,130000,k%7=0,918.170
2025-09-08T19:14:43.301421555+03:00,clustered_btree,delete,130000,k%7=0,917.892
2025-09-08T19:14:44.258285115+03:00,clustered_btree,delete,130000,k%7=0,956.832
2025-09-08T19:14:45.223042507+03:00,clustered_btree,delete,130000,k%7=0,964.744
2025-09-08T19:14:46.160462139+03:00,clustered_btree,delete,130000,k%7=0,937.405
2025-09-08T19:14:47.222509085+03:00,clustered_btree,delete,130000,k%7=0,1062.033
2025-09-08T19:14:48.223595158+03:00,clustered_btree,delete,130000,k%7=0,1001.069
2025-09-08T19:14:49.183474528+03:00,clustered_btree,delete,130000,k%7=0,959.866
2025-09-08T19:14:50.12530438+03:00,clustered_btree,delete,130000,k%7=0,941.807
2025-09-08T19:14:51.06121653+03:00,clustered_btree,delete,130000,k%7=0,935.897
2025-09-08T19:14:51.992477086+03:00,clustered_btree,delete,130000,k%7=0,931.242
2025-09-08T19:14:52.931403089+03:00,clustered_btree,delete,130000,k%7=0,938.909
2025-09-08T19:14:53.864287979+03:00,clustered_btree,delete,130000,k%7=0,932.870
2025-09-08T19:14:54.787615593+03:00,clustered_btree,delete,130000,k%7=0,923.310
2025-09-08T19:14:55.718956471+03:00,clustered_btree,delete,130000,k%7=0,931.328
2025-09-08T19:14:56.636321824+03:00,clustered_btree,delete,130000,k%7=0,917.347
2025-09-08T19:14:57.576580638+03:00,clustered_btree,delete,130000,k%7=0,940.245
2025-09-08T19:14:58.495357024+03:00,clustered_btree,delete,130000,k%7=0,918.760
2025-09-08T19:14:59.424600736+03:00,clustered_btree,delete,130000,k%7=0,929.231
2025-09-08T19:15:00.338937363+03:00,clustered_btree,delete,130000,k%7=0,914.317
2025-09-08T19:15:01.275877393+03:00,clustered_btree,delete,130000,k%7=0,936.924
2025-09-08T19:15:02.229973863+03:00,clustered_btree,delete,130000,k%7=0,954.080
2025-09-08T19:15:03.172752254+03:00,clustered_btree,delete,130000,k%7=0,942.764
2025-09-08T19:15:04.25063632+03:00,clustered_btree,delete,130000,k%7=0,1077.859
2025-09-08T19:15:05.270129864+03:00,clustered_btree,delete,130000,k%7=0,1019.479
2025-09-08T19:15:06.267847502+03:00,clustered_btree,delete,130000,k%7=0,997.695
2025-09-08T19:15:07.231685285+03:00,clustered_btree,delete,130000,k%7=0,963.824
2025-09-08T19:15:08.192600571+03:00,clustered_btree,delete,130000,k%7=0,960.885
2025-09-08T19:15:09.123808055+03:00,clustered_btree,delete,130000,k%7=0,931.189
2025-09-08T19:15:10.067160067+03:00,clustered_btree,delete,130000,k%7=0,943.334
2025-09-08T19:15:11.002661131+03:00,clustered_btree,delete,130000,k%7=0,935.487
2025-09-08T19:15:11.929126157+03:00,clustered_btree,delete,130000,k%7=0,926.315
2025-09-08T19:15:12.853530964+03:00,clustered_btree,delete,130000,k%7=0,924.388
2025-09-08T19:15:13.786783514+03:00,clustered_btree,delete,130000,k%7=0,933.236
2025-09-08T19:15:14.759720687+03:00,clustered_btree,delete,130000,k%7=0,972.919
2025-09-08T19:15:15.684468771+03:00,clustered_btree,delete,130000,k%7=0,924.733
2025-09-08T19:15:16.650433059+03:00,clustered_btree,delete,130000,k%7=0,965.945
2025-09-08T19:15:17.615067682+03:00,clustered_btree,delete,130000,k%7=0,964.616
2025-09-08T19:15:22.513599261+03:00,clustered_btree,insert,160000,bulk=160000,1342.030
2025-09-08T19:15:23.694088899+03:00,clustered_btree,insert,160000,bulk=160000,1180.474
2025-09-08T19:15:24.869760579+03:00,clustered_btree,insert,160000,bulk=160000,1175.655
2025-09-08T19:15:26.024546708+03:00,clustered_btree,insert,160000,bulk=160000,1154.774
2025-09-08T19:15:27.173613418+03:00,clustered_btree,insert,160000,bulk=160000,1149.053
2025-09-08T19:15:28.296225251+03:00,clustered_btree,insert,160000,bulk=160000,1122.598
2025-09-08T19:15:29.400192645+03:00,clustered_btree,insert,160000,bulk=160000,1103.954
2025-09-08T19:15:30.51991362+03:00,clustered_btree,insert,160000,bulk=160000,1119.703
2025-09-08T19:15:31.630797118+03:00,clustered_btree,insert,160000,bulk=160000,1110.869
2025-09-08T19:15:32.742080607+03:00,clustered_btree,insert,160000,bulk=160000,1111.268
2025-09-08T19:15:33.863052466+03:00,clustered_btree,insert,160000,bulk=160000,1120.956
2025-09-08T19:15:35.019183839+03:00,clustered_btree,insert,160000,bulk=160000,1156.117
2025-09-08T19:15:36.184940376+03:00,clustered_btree,insert,160000,bulk=160000,1165.729
2025-09-08T19:15:37.39052171+03:00,clustered_btree,insert,160000,bulk=160000,1205.566
2025-09-08T19:15:38.569458264+03:00,clustered_btree,insert,160000,bulk=160000,1178.916
2025-09-08T19:15:39.943130587+03:00,clustered_btree,insert,160000,bulk=160000,1373.659
2025-09-08T19:15:41.134461428+03:00,clustered_btree,insert,160000,bulk=160000,1191.316
2025-09-08T19:15:42.318489307+03:00,clustered_btree,insert,160000,bulk=160000,1184.010
2025-09-08T19:15:43.484176773+03:00,clustered_btree,insert,160000,bulk=160000,1165.673
2025-09-08T19:15:44.662566951+03:00,clustered_btree,insert,160000,bulk=160000,1178.374
2025-09-08T19:15:45.79468166+03:00,clustered_btree,insert,160000,bulk=160000,1132.102
2025-09-08T19:15:46.925319755+03:00,clustered_btree,insert,160000,bulk=160000,1130.622
2025-09-08T19:15:48.025068449+03:00,clustered_btree,insert,160000,bulk=160000,1099.732
2025-09-08T19:15:49.148325359+03:00,clustered_btree,insert,160000,bulk=160000,1123.238
2025-09-08T19:15:50.299383018+03:00,clustered_btree,insert,160000,bulk=160000,1151.043
2025-09-08T19:15:51.463599949+03:00,clustered_btree,insert,160000,bulk=160000,1164.205
2025-09-08T19:15:52.584515105+03:00,clustered_btree,insert,160000,bulk=160000,1120.901
2025-09-08T19:15:53.737545193+03:00,clustered_btree,insert,160000,bulk=160000,1153.018
2025-09-08T19:15:54.858237342+03:00,clustered_btree,insert,160000,bulk=160000,1120.677
2025-09-08T19:15:55.966539815+03:00,clustered_btree,insert,160000,bulk=160000,1108.259
2025-09-08T19:15:57.297250087+03:00,clustered_btree,insert,160000,bulk=160000,1330.694
2025-09-08T19:15:58.433480702+03:00,clustered_btree,insert,160000,bulk=160000,1136.213
2025-09-08T19:15:59.592806763+03:00,clustered_btree,insert,160000,bulk=160000,1159.314
2025-09-08T19:16:00.718597083+03:00,clustered_btree,insert,160000,bulk=160000,1125.777
2025-09-08T19:16:01.857511616+03:00,clustered_btree,insert,160000,bulk=160000,1138.898
2025-09-08T19:16:03.179986458+03:00,clustered_btree,insert,160000,bulk=160000,1322.459
2025-09-08T19:16:04.329963936+03:00,clustered_btree,insert,160000,bulk=160000,1149.964
2025-09-08T19:16:05.521212725+03:00,clustered_btree,insert,160000,bulk=160000,1191.231
2025-09-08T19:16:06.640826508+03:00,clustered_btree,insert,160000,bulk=160000,1119.598
2025-09-08T19:16:07.789401267+03:00,clustered_btree,insert,160000,bulk=160000,1148.558
2025-09-08T19:16:08.950443228+03:00,clustered_btree,insert,160000,bulk=160000,1161.003
2025-09-08T19:16:10.155766021+03:00,clustered_btree,insert,160000,bulk=160000,1205.308
2025-09-08T19:16:11.302691167+03:00,clustered_btree,insert,160000,bulk=160000,1146.910
2025-09-08T19:16:12.459240916+03:00,clustered_btree,insert,160000,bulk=160000,1156.534
2025-09-08T19:16:13.741744717+03:00,clustered_btree,insert,160000,bulk=160000,1282.492
2025-09-08T19:16:14.931954599+03:00,clustered_btree,insert,160000,bulk=160000,1190.196
2025-09-08T19:16:16.144043477+03:00,clustered_btree,insert,160000,bulk=160000,1212.072
2025-09-08T19:16:17.334939915+03:00,clustered_btree,insert,160000,bulk=160000,1190.882
2025-09-08T19:16:18.52437238+03:00,clustered_btree,insert,160000,bulk=160000,1189.378
2025-09-08T19:16:19.731342418+03:00,clustered_btree,insert,160000,bulk=160000,1206.945
2025-09-08T19:16:21.457447048+03:00,clustered_btree,insert,160000,bulk=160000,1726.075
2025-09-08T19:16:22.593664335+03:00,clustered_btree,insert,160000,bulk=160000,1136.198
2025-09-08T19:16:23.734809933+03:00,clustered_btree,insert,160000,bulk=160000,1141.113
2025-09-08T19:16:24.892253675+03:00,clustered_btree,insert,160000,bulk=160000,1157.406
2025-09-08T19:16:26.042150425+03:00,clustered_btree,insert,160000,bulk=160000,1149.870
2025-09-08T19:16:27.200177076+03:00,clustered_btree,insert,160000,bulk=160000,1158.012
2025-09-08T19:16:28.382324952+03:00,clustered_btree,insert,160000,bulk=160000,1182.121
2025-09-08T19:16:29.545224319+03:00,clustered_btree,insert,160000,bulk=160000,1162.884
2025-09-08T19:16:30.715962693+03:00,clustered_btree,insert,160000,bulk=160000,1170.718
2025-09-08T19:16:31.870463755+03:00,clustered_btree,insert,160000,bulk=160000,1154.469
2025-09-08T19:16:33.020910171+03:00,clustered_btree,insert,160000,bulk=160000,1150.430
2025-09-08T19:16:34.422235835+03:00,clustered_btree,insert,160000,bulk=160000,1401.308
2025-09-08T19:16:35.625517697+03:00,clustered_btree,insert,160000,bulk=160000,1203.246
2025-09-08T19:16:36.782769168+03:00,clustered_btree,insert,160000,bulk=160000,1157.231
2025-09-08T19:16:37.984930405+03:00,clustered_btree,insert,160000,bulk=160000,1202.132
2025-09-08T19:16:39.123413537+03:00,clustered_btree,insert,160000,bulk=160000,1138.467
2025-09-08T19:16:40.249006499+03:00,clustered_btree,insert,160000,bulk=160000,1125.578
2025-09-08T19:16:41.390199877+03:00,clustered_btree,insert,160000,bulk=160000,1141.173
2025-09-08T19:16:42.524187864+03:00,clustered_btree,insert,160000,bulk=160000,1133.954
2025-09-08T19:16:43.664130081+03:00,clustered_btree,insert,160000,bulk=160000,1139.923
2025-09-08T19:16:44.810916604+03:00,clustered_btree,insert,160000,bulk=160000,1146.769
2025-09-08T19:16:45.96534357+03:00,clustered_btree,insert,160000,bulk=160000,1154.393
2025-09-08T19:16:47.136902254+03:00,clustered_btree,insert,160000,bulk=160000,1171.544
2025-09-08T19:16:48.298559268+03:00,clustered_btree,insert,160000,bulk=160000,1161.644
2025-09-08T19:16:49.452452428+03:00,clustered_btree,insert,160000,bulk=160000,1153.877
2025-09-08T19:16:50.587176769+03:00,clustered_btree,insert,160000,bulk=160000,1134.687
2025-09-08T19:16:51.970751362+03:00,clustered_btree,insert,160000,bulk=160000,1383.563
2025-09-08T19:16:53.156703651+03:00,clustered_btree,insert,160000,bulk=160000,1185.937
2025-09-08T19:16:54.327564399+03:00,clustered_btree,insert,160000,bulk=160000,1170.841
2025-09-08T19:16:55.492053818+03:00,clustered_btree,insert,160000,bulk=160000,1164.346
2025-09-08T19:16:56.642757125+03:00,clustered_btree,insert,160000,bulk=160000,1150.669
2025-09-08T19:16:57.788434831+03:00,clustered_btree,insert,160000,bulk=160000,1145.664
2025-09-08T19:16:58.929944604+03:00,clustered_btree,insert,160000,bulk=160000,1141.489
2025-09-08T19:17:00.084517478+03:00,clustered_btree,insert,160000,bulk=160000,1154.550
2025-09-08T19:17:01.2239993+03:00,clustered_btree,insert,160000,bulk=160000,1139.460
2025-09-08T19:17:02.387995701+03:00,clustered_btree,insert,160000,bulk=160000,1163.977
2025-09-08T19:17:03.534359125+03:00,clustered_btree,insert,160000,bulk=160000,1146.351
2025-09-08T19:17:04.712531013+03:00,clustered_btree,insert,160000,bulk=160000,1178.138
2025-09-08T19:17:05.880136537+03:00,clustered_btree,insert,160000,bulk=160000,1167.591
2025-09-08T19:17:07.031220631+03:00,clustered_btree,insert,160000,bulk=160000,1151.070
2025-09-08T19:17:08.180501667+03:00,clustered_btree,insert,160000,bulk=160000,1149.265
2025-09-08T19:17:09.560580711+03:00,clustered_btree,insert,160000,bulk=160000,1380.061
2025-09-08T19:17:10.738352821+03:00,clustered_btree,insert,160000,bulk=160000,1177.758
2025-09-08T19:17:11.923795267+03:00,clustered_btree,insert,160000,bulk=160000,1185.427
2025-09-08T19:17:13.08498672+03:00,clustered_btree,insert,160000,bulk=160000,1161.175
2025-09-08T19:17:14.215410856+03:00,clustered_btree,insert,160000,bulk=160000,1130.386
2025-09-08T19:17:15.351689418+03:00,clustered_btree,insert,160000,bulk=160000,1136.265
2025-09-08T19:17:16.48998399+03:00,clustered_btree,insert,160000,bulk=160000,1138.282
2025-09-08T19:17:17.613426232+03:00,clustered_btree,insert,160000,bulk=160000,1123.430
2025-09-08T19:17:18.771752461+03:00,clustered_btree,insert,160000,bulk=160000,1158.311
2025-09-08T19:17:20.202967195+03:00,clustered_btree,select,160000,"k in [a,b] (~N/50, cap 1000)",0.418
2025-09-08T19:17:20.203356847+03:00,clustered_btree,select,160000,"k in [a,b] (~N/50, cap 1000)",0.375
2025-09-08T19:17:20.203689508+03:00,clustered_btree,select,160000,"k in [a,b] (~N/50, cap 1000)",0.323
2025-09-08T19:17:20.203983127+03:00,clustered_btree,select,160000,"k in [a,b] (~N/50, cap 1000)",0.286
2025-09-08T19:17:20.204273323+03:00,clustered_btree,select,160000,"k in [a,b] (~N/50, cap 1000)",0.283
2025-09-08T19:17:20.204561844+03:00,clustered_btree,select,160000,"k in [a,b] (~N/50, cap 1000)",0.281
2025-09-08T19:17:20.204838281+03:00,clustered_btree,select,160000,"k in [a,b] (~N/50, cap 1000)",0.270
2025-09-08T19:17:20.205113042+03:00,clustered_btree,select,160000,"k in [a,b] (~N/50, cap 1000)",0.268
2025-09-08T19:17:20.20539835+03:00,clustered_btree,select,160000,"k in [a,b] (~N/50, cap 1000)",0.279
2025-09-08T19:17:20.205690292+03:00,clustered_btree,select,160000,"k in [a,b] (~N/50, cap 1000)",0.285
2025-09-08T19:17:20.205973015+03:00,clustered_btree,select,160000,"k in [a,b] (~N/50, cap 1000)",0.276
2025-09-08T19:17:20.206258742+03:00,clustered_btree,select,160000,"k in [a,b] (~N/50, cap 1000)",0.280
2025-09-08T19:17:20.206547821+03:00,clustered_btree,select,160000,"k in [a,b] (~N/50, cap 1000)",0.283
2025-09-08T19:17:20.206831731+03:00,clustered_btree,select,160000,"k in [a,b] (~N/50, cap 1000)",0.277
2025-09-08T19:17:20.207103839+03:00,clustered_btree,select,160000,"k in [a,b] (~N/50, cap 1000)",0.265
2025-09-08T19:17:20.207389146+03:00,clustered_btree,select,160000,"k in [a,b] (~N/50, cap 1000)",0.279
2025-09-08T19:17:20.207671031+03:00,clustered_btree,select,160000,"k in [a,b] (~N/50, cap 1000)",0.275
2025-09-08T19:17:20.207956339+03:00,clustered_btree,select,160000,"k in [a,b] (~N/50, cap 1000)",0.278
2025-09-08T19:17:20.208233684+03:00,clustered_btree,select,160000,"k in [a,b] (~N/50, cap 1000)",0.271
2025-09-08T19:17:20.208569278+03:00,clustered_btree,select,160000,"k in [a,b] (~N/50, cap 1000)",0.327
2025-09-08T19:17:20.2088747+03:00,clustered_btree,select,160000,"k in [a,b] (~N/50, cap 1000)",0.298
2025-09-08T19:17:20.20918585+03:00,clustered_btree,select,160000,"k in [a,b] (~N/50, cap 1000)",0.303
2025-09-08T19:17:20.209481284+03:00,clustered_btree,select,160000,"k in [a,b] (~N/50, cap 1000)",0.287
2025-09-08T19:17:20.209776509+03:00,clustered_btree,select,160000,"k in [a,b] (~N/50, cap 1000)",0.288
2025-09-08T19:17:20.210050852+03:00,clustered_btree,select,160000,"k in [a,b] (~N/50, cap 1000)",0.268
2025-09-08T19:17:20.210319676+03:00,clustered_btree,select,160000,"k in [a,b] (~N/50, cap 1000)",0.262
2025-09-08T19:17:20.210611828+03:00,clustered_btree,select,160000,"k in [a,b] (~N/50, cap 1000)",0.285
2025-09-08T19:17:20.210882608+03:00,clustered_btree,select,160000,"k in [a,b] (~N/50, cap 1000)",0.265
2025-09-08T19:17:20.211155484+03:00,clustered_btree,select,160000,"k in [a,b] (~N/50, cap 1000)",0.266
2025-09-08T19:17:20.211447287+03:00,clustered_btree,select,160000,"k in [a,b] (~N/50, cap 1000)",0.285
2025-09-08T19:17:20.211735458+03:00,clustered_btree,select,160000,"k in [a,b] (~N/50, cap 1000)",0.282
2025-09-08T19:17:20.212016016+03:00,clustered_btree,select,160000,"k in [a,b] (~N/50, cap 1000)",0.272
2025-09-08T19:17:20.212272408+03:00,clustered_btree,select,160000,"k in [a,b] (~N/50, cap 1000)",0.251
2025-09-08T19:17:20.212566795+03:00,clustered_btree,select,160000,"k in [a,b] (~N/50, cap 1000)",0.288
2025-09-08T19:17:20.212843023+03:00,clustered_btree,select,160000,"k in [a,b] (~N/50, cap 1000)",0.270
2025-09-08T19:17:20.213121067+03:00,clustered_btree,select,160000,"k in [a,b] (~N/50, cap 1000)",0.272
2025-09-08T19:17:20.213408051+03:00,clustered_btree,select,160000,"k in [a,b] (~N/50, cap 1000)",0.280
2025-09-08T19:17:20.213682393+03:00,clustered_btree,select,160000,"k in [a,b] (~N/50, cap 1000)",0.268
2025-09-08T19:17:20.21395429+03:00,clustered_btree,select,160000,"k in [a,b] (~N/50, cap 1000)",0.266
2025-09-08T19:17:20.214222067+03:00,clustered_btree,select,160000,"k in [a,b] (~N/50, cap 1000)",0.261
2025-09-08T19:17:20.2145541+03:00,clustered_btree,select,160000,"k in [a,b] (~N/50, cap 1000)",0.293
2025-09-08T19:17:20.214837312+03:00,clustered_btree,select,160000,"k in [a,b] (~N/50, cap 1000)",0.277
2025-09-08T19:17:20.215119267+03:00,clustered_btree,select,160000,"k in [a,b] (~N/50, cap 1000)",0.274
2025-09-08T19:17:20.215389907+03:00,clustered_btree,select,160000,"k in [a,b] (~N/50, cap 1000)",0.263
2025-09-08T19:17:20.215657614+03:00,clustered_btree,select,160000,"k in [a,b] (~N/50, cap 1000)",0.261
2025-09-08T19:17:20.215932306+03:00,clustered_btree,select,160000,"k in [a,b] (~N/50, cap 1000)",0.268
2025-09-08T19:17:20.21621007+03:00,clustered_btree,select,160000,"k in [a,b] (~N/50, cap 1000)",0.271
2025-09-08T19:17:20.216482177+03:00,clustered_btree,select,160000,"k in [a,b] (~N/50, cap 1000)",0.265
2025-09-08T19:17:20.216758894+03:00,clustered_btree,select,160000,"k in [a,b] (~N/50, cap 1000)",0.270
2025-09-08T19:17:20.217038474+03:00,clustered_btree,select,160000,"k in [a,b] (~N/50, cap 1000)",0.272
2025-09-08T19:17:20.217313236+03:00,clustered_btree,select,160000,"k in [a,b] (~N/50, cap 1000)",0.268
2025-09-08T19:17:20.217642265+03:00,clustered_btree,select,160000,"k in [a,b] (~N/50, cap 1000)",0.322
2025-09-08T19:17:20.217926594+03:00,clustered_btree,select,160000,"k in [a,b] (~N/50, cap 1000)",0.278
2025-09-08T19:17:20.218204568+03:00,clustered_btree,select,160000,"k in [a,b] (~N/50, cap 1000)",0.271
2025-09-08T19:17:20.218496581+03:00,clustered_btree,select,160000,"k in [a,b] (~N/50, cap 1000)",0.285
2025-09-08T19:17:20.218766453+03:00,clustered_btree,select,160000,"k in [a,b] (~N/50, cap 1000)",0.263
2025-09-08T19:17:20.219029201+03:00,clustered_btree,select,160000,"k in [a,b] (~N/50, cap 1000)",0.256
2025-09-08T19:17:20.219294813+03:00,clustered_btree,select,160000,"k in [a,b] (~N/50, cap 1000)",0.259
2025-09-08T19:17:20.219574463+03:00,clustered_btree,select,160000,"k in [a,b] (~N/50, cap 1000)",0.273
2025-09-08T19:17:20.219843218+03:00,clustered_btree,select,160000,"k in [a,b] (~N/50, cap 1000)",0.262
2025-09-08T19:17:20.220101845+03:00,clustered_btree,select,160000,"k in [a,b] (~N/50, cap 1000)",0.251
2025-09-08T19:17:20.220370321+03:00,clustered_btree,select,160000,"k in [a,b] (~N/50, cap 1000)",0.260
2025-09-08T19:17:20.220640402+03:00,clustered_btree,select,160000,"k in [a,b] (~N/50, cap 1000)",0.256
2025-09-08T19:17:20.220896865+03:00,clustered_btree,select,160000,"k in [a,b] (~N/50, cap 1000)",0.250
2025-09-08T19:17:20.221154026+03:00,clustered_btree,select,160000,"k in [a,b] (~N/50, cap 1000)",0.250
2025-09-08T19:17:20.221420266+03:00,clustered_btree,select,160000,"k in [a,b] (~N/50, cap 1000)",0.260
2025-09-08T19:17:20.221695027+03:00,clustered_btree,select,160000,"k in [a,b] (~N/50, cap 1000)",0.268
2025-09-08T19:17:20.221974188+03:00,clustered_btree,select,160000,"k in [a,b] (~N/50, cap 1000)",0.272
2025-09-08T19:17:20.222247064+03:00,clustered_btree,select,160000,"k in [a,b] (~N/50, cap 1000)",0.266
2025-09-08T19:17:20.222527482+03:00,clustered_btree,select,160000,"k in [a,b] (~N/50, cap 1000)",0.274
2025-09-08T19:17:20.222789672+03:00,clustered_btree,select,160000,"k in [a,b] (~N/50, cap 1000)",0.256
2025-09-08T19:17:20.223053119+03:00,clustered_btree,select,160000,"k in [a,b] (~N/50, cap 1000)",0.258
2025-09-08T19:17:20.223329696+03:00,clustered_btree,select,160000,"k in [a,b] (~N/50, cap 1000)",0.269
2025-09-08T19:17:20.223666058+03:00,clustered_btree,select,160000,"k in [a,b] (~N/50, cap 1000)",0.330
2025-09-08T19:17:20.22400703+03:00,clustered_btree,select,160000,"k in [a,b] (~N/50, cap 1000)",0.333
2025-09-08T19:17:20.224337735+03:00,clustered_btree,select,160000,"k in [a,b] (~N/50, cap 1000)",0.325
2025-09-08T19:17:20.224688276+03:00,clustered_btree,select,160000,"k in [a,b] (~N/50, cap 1000)",0.343
2025-09-08T19:17:20.224977564+03:00,clustered_btree,select,160000,"k in [a,b] (~N/50, cap 1000)",0.283
2025-09-08T19:17:20.225264758+03:00,clustered_btree,select,160000,"k in [a,b] (~N/50, cap 1000)",0.280
2025-09-08T19:17:20.225559075+03:00,clustered_btree,select,160000,"k in [a,b] (~N/50, cap 1000)",0.289
2025-09-08T19:17:20.225859189+03:00,clustered_btree,select,160000,"k in [a,b] (~N/50, cap 1000)",0.274
2025-09-08T19:17:20.226145195+03:00,clustered_btree,select,160000,"k in [a,b] (~N/50, cap 1000)",0.278
2025-09-08T19:17:20.226441328+03:00,clustered_btree,select,160000,"k in [a,b] (~N/50, cap 1000)",0.289
2025-09-08T19:17:20.226731664+03:00,clustered_btree,select,160000,"k in [a,b] (~N/50, cap 1000)",0.284
2025-09-08T19:17:20.227001815+03:00,clustered_btree,select,160000,"k in [a,b] (~N/50, cap 1000)",0.263
2025-09-08T19:17:20.22727958+03:00,clustered_btree,select,160000,"k in [a,b] (~N/50, cap 1000)",0.271
2025-09-08T19:17:20.227571522+03:00,clustered_btree,select,160000,"k in [a,b] (~N/50, cap 1000)",0.286
2025-09-08T19:17:20.227857738+03:00,clustered_btree,select,160000,"k in [a,b] (~N/50, cap 1000)",0.279
2025-09-08T19:17:20.228195707+03:00,clustered_btree,select,160000,"k in [a,b] (~N/50, cap 1000)",0.332
2025-09-08T19:17:20.22849631+03:00,clustered_btree,select,160000,"k in [a,b] (~N/50, cap 1000)",0.294
2025-09-08T19:17:20.228770582+03:00,clustered_btree,select,160000,"k in [a,b] (~N/50, cap 1000)",0.268
2025-09-08T19:17:20.229038778+03:00,clustered_btree,select,160000,"k in [a,b] (~N/50, cap 1000)",0.262
2025-09-08T19:17:20.229311304+03:00,clustered_btree,select,160000,"k in [a,b] (~N/50, cap 1000)",0.266
2025-09-08T19:17:20.229595075+03:00,clustered_btree,select,160000,"k in [a,b] (~N/50, cap 1000)",0.277
2025-09-08T19:17:20.229882478+03:00,clustered_btree,select,160000,"k in [a,b] (~N/50, cap 1000)",0.281
2025-09-08T19:17:20.23016143+03:00,clustered_btree,select,160000,"k in [a,b] (~N/50, cap 1000)",0.271
2025-09-08T19:17:20.23045428+03:00,clustered_btree,select,160000,"k in [a,b] (~N/50, cap 1000)",0.286
2025-09-08T19:17:20.230747619+03:00,clustered_btree,select,160000,"k in [a,b] (~N/50, cap 1000)",0.287
2025-09-08T19:17:20.231028247+03:00,clustered_btree,select,160000,"k in [a,b] (~N/50, cap 1000)",0.274
2025-09-08T19:17:20.231305663+03:00,clustered_btree,select,160000,"k in [a,b] (~N/50, cap 1000)",0.271
2025-09-08T19:17:24.971987386+03:00,clustered_btree,delete,160000,k%7=0,1170.253
2025-09-08T19:17:26.146651712+03:00,clustered_btree,delete,160000,k%7=0,1174.642
2025-09-08T19:17:27.585417494+03:00,clustered_btree,delete,160000,k%7=0,1438.739
2025-09-08T19:17:28.803915451+03:00,clustered_btree,delete,160000,k%7=0,1218.481
2025-09-08T19:17:29.981815312+03:00,clustered_btree,delete,160000,k%7=0,1177.872
2025-09-08T19:17:31.158251899+03:00,clustered_btree,delete,160000,k%7=0,1176.421
2025-09-08T19:17:32.320115107+03:00,clustered_btree,delete,160000,k%7=0,1161.828
2025-09-08T19:17:33.456502841+03:00,clustered_btree,delete,160000,k%7=0,1136.369
2025-09-08T19:17:34.627755144+03:00,clustered_btree,delete,160000,k%7=0,1171.221
2025-09-08T19:17:35.792880777+03:00,clustered_btree,delete,160000,k%7=0,1165.105
2025-09-08T19:17:36.959814078+03:00,clustered_btree,delete,160000,k%7=0,1166.914
2025-09-08T19:17:38.139554926+03:00,clustered_btree,delete,160000,k%7=0,1179.728
2025-09-08T19:17:39.330057488+03:00,clustered_btree,delete,160000,k%7=0,1190.481
2025-09-08T19:17:40.528158098+03:00,clustered_btree,delete,160000,k%7=0,1198.074
2025-09-08T19:17:41.723036236+03:00,clustered_btree,delete,160000,k%7=0,1194.841
2025-09-08T19:17:42.87510373+03:00,clustered_btree,delete,160000,k%7=0,1152.048
2025-09-08T19:17:44.103224831+03:00,clustered_btree,delete,160000,k%7=0,1228.104
2025-09-08T19:17:45.472416812+03:00,clustered_btree,delete,160000,k%7=0,1369.177
2025-09-08T19:17:46.674762115+03:00,clustered_btree,delete,160000,k%7=0,1202.324
2025-09-08T19:17:47.857603354+03:00,clustered_btree,delete,160000,k%7=0,1182.806
2025-09-08T19:17:49.020586707+03:00,clustered_btree,delete,160000,k%7=0,1162.962
2025-09-08T19:17:50.180415335+03:00,clustered_btree,delete,160000,k%7=0,1159.810
2025-09-08T19:17:51.32825651+03:00,clustered_btree,delete,160000,k%7=0,1147.822
2025-09-08T19:17:52.494984271+03:00,clustered_btree,delete,160000,k%7=0,1166.714
2025-09-08T19:17:53.691046178+03:00,clustered_btree,delete,160000,k%7=0,1196.038
2025-09-08T19:17:54.843715092+03:00,clustered_btree,delete,160000,k%7=0,1152.649
2025-09-08T19:17:55.999904498+03:00,clustered_btree,delete,160000,k%7=0,1156.162
2025-09-08T19:17:57.176181226+03:00,clustered_btree,delete,160000,k%7=0,1176.255
2025-09-08T19:17:58.388151696+03:00,clustered_btree,delete,160000,k%7=0,1211.951
2025-09-08T19:17:59.564898326+03:00,clustered_btree,delete,160000,k%7=0,1176.707
2025-09-08T19:18:00.727339005+03:00,clustered_btree,delete,160000,k%7=0,1162.411
2025-09-08T19:18:02.09592427+03:00,clustered_btree,delete,160000,k%7=0,1368.570
2025-09-08T19:18:03.338079433+03:00,clustered_btree,delete,160000,k%7=0,1242.124
2025-09-08T19:18:04.518847957+03:00,clustered_btree,delete,160000,k%7=0,1180.737
2025-09-08T19:18:05.688159204+03:00,clustered_btree,delete,160000,k%7=0,1169.293
2025-09-08T19:18:06.89191471+03:00,clustered_btree,delete,160000,k%7=0,1203.734
2025-09-08T19:18:08.046022319+03:00,clustered_btree,delete,160000,k%7=0,1154.089
2025-09-08T19:18:09.211683309+03:00,clustered_btree,delete,160000,k%7=0,1165.647
2025-09-08T19:18:10.371516135+03:00,clustered_btree,delete,160000,k%7=0,1159.819
2025-09-08T19:18:11.521954629+03:00,clustered_btree,delete,160000,k%7=0,1150.419
2025-09-08T19:18:12.68035561+03:00,clustered_btree,delete,160000,k%7=0,1158.380
2025-09-08T19:18:13.8552357+03:00,clustered_btree,delete,160000,k%7=0,1174.835
2025-09-08T19:18:15.05457652+03:00,clustered_btree,delete,160000,k%7=0,1199.304
2025-09-08T19:18:16.202484475+03:00,clustered_btree,delete,160000,k%7=0,1147.891
2025-09-08T19:18:17.348344782+03:00,clustered_btree,delete,160000,k%7=0,1145.846
2025-09-08T19:18:18.546317804+03:00,clustered_btree,delete,160000,k%7=0,1197.954
2025-09-08T19:18:19.963840045+03:00,clustered_btree,delete,160000,k%7=0,1417.503
2025-09-08T19:18:21.170918881+03:00,clustered_btree,delete,160000,k%7=0,1207.053
2025-09-08T19:18:22.350266532+03:00,clustered_btree,delete,160000,k%7=0,1179.309
2025-09-08T19:18:23.51483833+03:00,clustered_btree,delete,160000,k%7=0,1164.553
2025-09-08T19:18:24.676402213+03:00,clustered_btree,delete,160000,k%7=0,1161.542
2025-09-08T19:18:25.833294667+03:00,clustered_btree,delete,160000,k%7=0,1156.842
2025-09-08T19:18:27.003903601+03:00,clustered_btree,delete,160000,k%7=0,1170.591
2025-09-08T19:18:28.155924946+03:00,clustered_btree,delete,160000,k%7=0,1151.992
2025-09-08T19:18:29.311619529+03:00,clustered_btree,delete,160000,k%7=0,1155.681
2025-09-08T19:18:30.472800606+03:00,clustered_btree,delete,160000,k%7=0,1161.163
2025-09-08T19:18:31.699427442+03:00,clustered_btree,delete,160000,k%7=0,1226.594
2025-09-08T19:18:32.889337479+03:00,clustered_btree,delete,160000,k%7=0,1189.878
2025-09-08T19:18:34.059512202+03:00,clustered_btree,delete,160000,k%7=0,1170.153
2025-09-08T19:18:35.219882757+03:00,clustered_btree,delete,160000,k%7=0,1160.351
2025-09-08T19:18:36.552111766+03:00,clustered_btree,delete,160000,k%7=0,1332.209
2025-09-08T19:18:37.766096026+03:00,clustered_btree,delete,160000,k%7=0,1213.969
2025-09-08T19:18:39.018964096+03:00,clustered_btree,delete,160000,k%7=0,1252.844
2025-09-08T19:18:40.2045566+03:00,clustered_btree,delete,160000,k%7=0,1185.572
2025-09-08T19:18:41.365184527+03:00,clustered_btree,delete,160000,k%7=0,1160.609
2025-09-08T19:18:42.517678922+03:00,clustered_btree,delete,160000,k%7=0,1152.476
2025-09-08T19:18:43.681750584+03:00,clustered_btree,delete,160000,k%7=0,1164.046
2025-09-08T19:18:44.848336863+03:00,clustered_btree,delete,160000,k%7=0,1166.561
2025-09-08T19:18:46.000735924+03:00,clustered_btree,delete,160000,k%7=0,1152.363
2025-09-08T19:18:47.151700486+03:00,clustered_btree,delete,160000,k%7=0,1150.949
2025-09-08T19:18:48.310608818+03:00,clustered_btree,delete,160000,k%7=0,1158.894
2025-09-08T19:18:49.491528568+03:00,clustered_btree,delete,160000,k%7=0,1180.900
2025-09-08T19:18:50.691163789+03:00,clustered_btree,delete,160000,k%7=0,1199.610
2025-09-08T19:18:51.86713742+03:00,clustered_btree,delete,160000,k%7=0,1175.949
2025-09-08T19:18:53.019561766+03:00,clustered_btree,delete,160000,k%7=0,1152.412
2025-09-08T19:18:54.442413858+03:00,clustered_btree,delete,160000,k%7=0,1422.834
2025-09-08T19:18:55.671450695+03:00,clustered_btree,delete,160000,k%7=0,1229.018
2025-09-08T19:18:56.857104108+03:00,clustered_btree,delete,160000,k%7=0,1185.626
2025-09-08T19:18:58.031335584+03:00,clustered_btree,delete,160000,k%7=0,1174.208
2025-09-08T19:18:59.189756627+03:00,clustered_btree,delete,160000,k%7=0,1158.406
2025-09-08T19:19:00.350130054+03:00,clustered_btree,delete,160000,k%7=0,1160.353
2025-09-08T19:19:01.547857106+03:00,clustered_btree,delete,160000,k%7=0,1197.702
2025-09-08T19:19:02.715019454+03:00,clustered_btree,delete,160000,k%7=0,1167.144
2025-09-08T19:19:03.865423185+03:00,clustered_btree,delete,160000,k%7=0,1150.390
2025-09-08T19:19:05.049713201+03:00,clustered_btree,delete,160000,k%7=0,1184.265
2025-09-08T19:19:06.231120948+03:00,clustered_btree,delete,160000,k%7=0,1181.369
2025-09-08T19:19:07.425557852+03:00,clustered_btree,delete,160000,k%7=0,1194.419
2025-09-08T19:19:08.634895838+03:00,clustered_btree,delete,160000,k%7=0,1209.317
2025-09-08T19:19:09.791689759+03:00,clustered_btree,delete,160000,k%7=0,1156.776
2025-09-08T19:19:10.999823099+03:00,clustered_btree,delete,160000,k%7=0,1208.112
2025-09-08T19:19:12.34683461+03:00,clustered_btree,delete,160000,k%7=0,1346.988
2025-09-08T19:19:13.546606382+03:00,clustered_btree,delete,160000,k%7=0,1199.752
2025-09-08T19:19:14.716558531+03:00,clustered_btree,delete,160000,k%7=0,1169.917
2025-09-08T19:19:15.887128579+03:00,clustered_btree,delete,160000,k%7=0,1170.550
2025-09-08T19:19:17.032745645+03:00,clustered_btree,delete,160000,k%7=0,1145.597
2025-09-08T19:19:18.179822842+03:00,clustered_btree,delete,160000,k%7=0,1147.055
2025-09-08T19:19:19.342555073+03:00,clustered_btree,delete,160000,k%7=0,1162.715
2025-09-08T19:19:20.529149973+03:00,clustered_btree,delete,160000,k%7=0,1186.575
2025-09-08T19:19:21.692818237+03:00,clustered_btree,delete,160000,k%7=0,1163.645
2025-09-08T19:19:22.860701508+03:00,clustered_btree,delete,160000,k%7=0,1167.858
2025-09-08T19:19:28.464864167+03:00,clustered_btree,insert,190000,bulk=190000,1352.075
2025-09-08T19:19:30.062645923+03:00,clustered_btree,insert,190000,bulk=190000,1597.765
2025-09-08T19:19:31.437468109+03:00,clustered_btree,insert,190000,bulk=190000,1374.808
2025-09-08T19:19:32.791447207+03:00,clustered_btree,insert,190000,bulk=190000,1353.964
2025-09-08T19:19:34.145660697+03:00,clustered_btree,insert,190000,bulk=190000,1354.183
2025-09-08T19:19:35.500900386+03:00,clustered_btree,insert,190000,bulk=190000,1355.225
2025-09-08T19:19:36.859132766+03:00,clustered_btree,insert,190000,bulk=190000,1358.219
2025-09-08T19:19:38.249622071+03:00,clustered_btree,insert,190000,bulk=190000,1390.443
2025-09-08T19:19:39.604337382+03:00,clustered_btree,insert,190000,bulk=190000,1354.696
2025-09-08T19:19:40.937074103+03:00,clustered_btree,insert,190000,bulk=190000,1332.708
2025-09-08T19:19:42.321674062+03:00,clustered_btree,insert,190000,bulk=190000,1384.560
2025-09-08T19:19:43.700882445+03:00,clustered_btree,insert,190000,bulk=190000,1379.168
2025-09-08T19:19:45.054877331+03:00,clustered_btree,insert,190000,bulk=190000,1353.983
2025-09-08T19:19:46.452982148+03:00,clustered_btree,insert,190000,bulk=190000,1398.080
2025-09-08T19:19:48.039363418+03:00,clustered_btree,insert,190000,bulk=190000,1586.358
2025-09-08T19:19:49.460348078+03:00,clustered_btree,insert,190000,bulk=190000,1420.952
2025-09-08T19:19:50.828320657+03:00,clustered_btree,insert,190000,bulk=190000,1367.955
2025-09-08T19:19:52.179392978+03:00,clustered_btree,insert,190000,bulk=190000,1351.057
2025-09-08T19:19:53.534551796+03:00,clustered_btree,insert,190000,bulk=190000,1355.143
2025-09-08T19:19:54.878763329+03:00,clustered_btree,insert,190000,bulk=190000,1344.195
2025-09-08T19:19:56.224141794+03:00,clustered_btree,insert,190000,bulk=190000,1345.362
2025-09-08T19:19:57.561863474+03:00,clustered_btree,insert,190000,bulk=190000,1337.710
2025-09-08T19:19:58.926962867+03:00,clustered_btree,insert,190000,bulk=190000,1365.087
2025-09-08T19:20:00.339340395+03:00,clustered_btree,insert,190000,bulk=190000,1412.361
2025-09-08T19:20:01.718862867+03:00,clustered_btree,insert,190000,bulk=190000,1379.503
2025-09-08T19:20:03.073993821+03:00,clustered_btree,insert,190000,bulk=190000,1355.115
2025-09-08T19:20:04.519265521+03:00,clustered_btree,insert,190000,bulk=190000,1445.260
2025-09-08T19:20:06.052481202+03:00,clustered_btree,insert,190000,bulk=190000,1533.203
2025-09-08T19:20:07.473112744+03:00,clustered_btree,insert,190000,bulk=190000,1420.619
2025-09-08T19:20:08.857703075+03:00,clustered_btree,insert,190000,bulk=190000,1384.575
2025-09-08T19:20:10.226940234+03:00,clustered_btree,insert,190000,bulk=190000,1369.223
2025-09-08T19:20:11.574431097+03:00,clustered_btree,insert,190000,bulk=190000,1347.464
2025-09-08T19:20:12.923635622+03:00,clustered_btree,insert,190000,bulk=190000,1349.192
2025-09-08T19:20:14.25729337+03:00,clustered_btree,insert,190000,bulk=190000,1333.643
2025-09-08T19:20:15.617742222+03:00,clustered_btree,insert,190000,bulk=190000,1360.432
2025-09-08T19:20:17.006740888+03:00,clustered_btree,insert,190000,bulk=190000,1388.986
2025-09-08T19:20:18.415592344+03:00,clustered_btree,insert,190000,bulk=190000,1408.835
2025-09-08T19:20:19.803313867+03:00,clustered_btree,insert,190000,bulk=190000,1387.706
2025-09-08T19:20:21.167453+03:00,clustered_btree,insert,190000,bulk=190000,1364.127
2025-09-08T19:20:22.615878244+03:00,clustered_btree,insert,190000,bulk=190000,1448.412
2025-09-08T19:20:24.123582487+03:00,clustered_btree,insert,190000,bulk=190000,1507.690
2025-09-08T19:20:25.501359388+03:00,clustered_btree,insert,190000,bulk=190000,1377.763
2025-09-08T19:20:26.841538703+03:00,clustered_btree,insert,190000,bulk=190000,1340.168
2025-09-08T19:20:28.179133699+03:00,clustered_btree,insert,190000,bulk=190000,1337.577
2025-09-08T19:20:29.586470201+03:00,clustered_btree,insert,190000,bulk=190000,1407.320
2025-09-08T19:20:30.945405776+03:00,clustered_btree,insert,190000,bulk=190000,1358.919
2025-09-08T19:20:32.294365299+03:00,clustered_btree,insert,190000,bulk=190000,1348.940
2025-09-08T19:20:33.646035977+03:00,clustered_btree,insert,190000,bulk=190000,1351.643
2025-09-08T19:20:35.02887096+03:00,clustered_btree,insert,190000,bulk=190000,1382.556
2025-09-08T19:20:36.416144169+03:00,clustered_btree,insert,190000,bulk=190000,1387.261
2025-09-08T19:20:37.802575704+03:00,clustered_btree,insert,190000,bulk=190000,1386.417
2025-09-08T19:20:39.185195713+03:00,clustered_btree,insert,190000,bulk=190000,1382.604
2025-09-08T19:20:40.660861086+03:00,clustered_btree,insert,190000,bulk=190000,1475.653
2025-09-08T19:20:42.196930065+03:00,clustered_btree,insert,190000,bulk=190000,1536.050
2025-09-08T19:20:43.597709948+03:00,clustered_btree,insert,190000,bulk=190000,1400.750
2025-09-08T19:20:44.99600818+03:00,clustered_btree,insert,190000,bulk=190000,1398.287
2025-09-08T19:20:46.360189507+03:00,clustered_btree,insert,190000,bulk=190000,1364.166
2025-09-08T19:20:47.73151288+03:00,clustered_btree,insert,190000,bulk=190000,1371.312
2025-09-08T19:20:49.131723686+03:00,clustered_btree,insert,190000,bulk=190000,1400.183
2025-09-08T19:20:50.475629117+03:00,clustered_btree,insert,190000,bulk=190000,1343.891
2025-09-08T19:20:51.910475971+03:00,clustered_btree,insert,190000,bulk=190000,1434.832
2025-09-08T19:20:53.344409842+03:00,clustered_btree,insert,190000,bulk=190000,1433.915
2025-09-08T19:20:54.942129544+03:00,clustered_btree,insert,190000,bulk=190000,1597.708
2025-09-08T19:20:56.33782991+03:00,clustered_btree,insert,190000,bulk=190000,1395.684
2025-09-08T19:20:57.731302085+03:00,clustered_btree,insert,190000,bulk=190000,1393.448
2025-09-08T19:20:59.102459236+03:00,clustered_btree,insert,190000,bulk=190000,1371.141
2025-09-08T19:21:00.521950056+03:00,clustered_btree,insert,190000,bulk=190000,1419.476
2025-09-08T19:21:02.084007584+03:00,clustered_btree,insert,190000,bulk=190000,1562.040
2025-09-08T19:21:03.530264017+03:00,clustered_btree,insert,190000,bulk=190000,1446.231
2025-09-08T19:21:04.928963991+03:00,clustered_btree,insert,190000,bulk=190000,1398.687
2025-09-08T19:21:06.324421238+03:00,clustered_btree,insert,190000,bulk=190000,1395.444
2025-09-08T19:21:07.726788025+03:00,clustered_btree,insert,190000,bulk=190000,1402.350
2025-09-08T19:21:09.116932898+03:00,clustered_btree,insert,190000,bulk=190000,1390.127
2025-09-08T19:21:10.548618467+03:00,clustered_btree,insert,190000,bulk=190000,1431.673
2025-09-08T19:21:12.091656363+03:00,clustered_btree,insert,190000,bulk=190000,1543.023
2025-09-08T19:21:13.676558747+03:00,clustered_btree,insert,190000,bulk=190000,1584.884
2025-09-08T19:21:15.286210315+03:00,clustered_btree,insert,190000,bulk=190000,1609.635
2025-09-08T19:21:16.760136059+03:00,clustered_btree,insert,190000,bulk=190000,1473.912
2025-09-08T19:21:18.440565251+03:00,clustered_btree,insert,190000,bulk=190000,1680.170
2025-09-08T19:21:19.952023838+03:00,clustered_btree,insert,190000,bulk=190000,1511.436
2025-09-08T19:21:21.453999603+03:00,clustered_btree,insert,190000,bulk=190000,1501.961
2025-09-08T19:21:22.923152926+03:00,clustered_btree,insert,190000,bulk=190000,1469.140
2025-09-08T19:21:24.318967564+03:00,clustered_btree,insert,190000,bulk=190000,1395.801
2025-09-08T19:21:25.734014999+03:00,clustered_btree,insert,190000,bulk=190000,1415.035
2025-09-08T19:21:27.115837001+03:00,clustered_btree,insert,190000,bulk=190000,1381.807
2025-09-08T19:21:28.519687323+03:00,clustered_btree,insert,190000,bulk=190000,1403.834
2025-09-08T19:21:29.933274488+03:00,clustered_btree,insert,190000,bulk=190000,1413.574
2025-09-08T19:21:31.38947737+03:00,clustered_btree,insert,190000,bulk=190000,1456.182
2025-09-08T19:21:32.823751457+03:00,clustered_btree,insert,190000,bulk=190000,1434.261
2025-09-08T19:21:34.244177133+03:00,clustered_btree,insert,190000,bulk=190000,1420.411
2025-09-08T19:21:35.638012991+03:00,clustered_btree,insert,190000,bulk=190000,1393.819
2025-09-08T19:21:37.231359227+03:00,clustered_btree,insert,190000,bulk=190000,1593.329
2025-09-08T19:21:38.684589745+03:00,clustered_btree,insert,190000,bulk=190000,1453.199
2025-09-08T19:21:40.1228133+03:00,clustered_btree,insert,190000,bulk=190000,1438.209
2025-09-08T19:21:41.602368793+03:00,clustered_btree,insert,190000,bulk=190000,1479.542
2025-09-08T19:21:43.050562466+03:00,clustered_btree,insert,190000,bulk=190000,1448.113
2025-09-08T19:21:44.482470355+03:00,clustered_btree,insert,190000,bulk=190000,1431.889
2025-09-08T19:21:45.990846444+03:00,clustered_btree,insert,190000,bulk=190000,1508.361
2025-09-08T19:21:47.421749717+03:00,clustered_btree,insert,190000,bulk=190000,1430.887
2025-09-08T19:21:48.776830698+03:00,clustered_btree,insert,190000,bulk=190000,1355.063
2025-09-08T19:21:50.546736654+03:00,clustered_btree,select,190000,"k in [a,b] (~N/50, cap 1000)",0.346
2025-09-08T19:21:50.547100604+03:00,clustered_btree,select,190000,"k in [a,b] (~N/50, cap 1000)",0.347
2025-09-08T19:21:50.547409169+03:00,clustered_btree,select,190000,"k in [a,b] (~N/50, cap 1000)",0.299
2025-09-08T19:21:50.547692661+03:00,clustered_btree,select,190000,"k in [a,b] (~N/50, cap 1000)",0.276
2025-09-08T19:21:50.547976432+03:00,clustered_btree,select,190000,"k in [a,b] (~N/50, cap 1000)",0.275
2025-09-08T19:21:50.548259364+03:00,clustered_btree,select,190000,"k in [a,b] (~N/50, cap 1000)",0.275
2025-09-08T19:21:50.548559199+03:00,clustered_btree,select,190000,"k in [a,b] (~N/50, cap 1000)",0.292
2025-09-08T19:21:50.548835916+03:00,clustered_btree,select,190000,"k in [a,b] (~N/50, cap 1000)",0.269
2025-09-08T19:21:50.549154538+03:00,clustered_btree,select,190000,"k in [a,b] (~N/50, cap 1000)",0.311
2025-09-08T19:21:50.549496488+03:00,clustered_btree,select,190000,"k in [a,b] (~N/50, cap 1000)",0.334
2025-09-08T19:21:50.549826565+03:00,clustered_btree,select,190000,"k in [a,b] (~N/50, cap 1000)",0.323
2025-09-08T19:21:50.550146165+03:00,clustered_btree,select,190000,"k in [a,b] (~N/50, cap 1000)",0.311
2025-09-08T19:21:50.550417574+03:00,clustered_btree,select,190000,"k in [a,b] (~N/50, cap 1000)",0.263
2025-09-08T19:21:50.550688843+03:00,clustered_btree,select,190000,"k in [a,b] (~N/50, cap 1000)",0.264
2025-09-08T19:21:50.550954595+03:00,clustered_btree,select,190000,"k in [a,b] (~N/50, cap 1000)",0.259
2025-09-08T19:21:50.551224048+03:00,clustered_btree,select,190000,"k in [a,b] (~N/50, cap 1000)",0.261
2025-09-08T19:21:50.551495107+03:00,clustered_btree,select,190000,"k in [a,b] (~N/50, cap 1000)",0.264
2025-09-08T19:21:50.551765748+03:00,clustered_btree,select,190000,"k in [a,b] (~N/50, cap 1000)",0.263
2025-09-08T19:21:50.552027658+03:00,clustered_btree,select,190000,"k in [a,b] (~N/50, cap 1000)",0.255
2025-09-08T19:21:50.552290197+03:00,clustered_btree,select,190000,"k in [a,b] (~N/50, cap 1000)",0.255
2025-09-08T19:21:50.552594012+03:00,clustered_btree,select,190000,"k in [a,b] (~N/50, cap 1000)",0.297
2025-09-08T19:21:50.552877155+03:00,clustered_btree,select,190000,"k in [a,b] (~N/50, cap 1000)",0.276
2025-09-08T19:21:50.553164348+03:00,clustered_btree,select,190000,"k in [a,b] (~N/50, cap 1000)",0.279
2025-09-08T19:21:50.55345203+03:00,clustered_btree,select,190000,"k in [a,b] (~N/50, cap 1000)",0.281
2025-09-08T19:21:50.553713801+03:00,clustered_btree,select,190000,"k in [a,b] (~N/50, cap 1000)",0.255
2025-09-08T19:21:50.553983324+03:00,clustered_btree,select,190000,"k in [a,b] (~N/50, cap 1000)",0.262
2025-09-08T19:21:50.554261228+03:00,clustered_btree,select,190000,"k in [a,b] (~N/50, cap 1000)",0.270
2025-09-08T19:21:50.554584879+03:00,clustered_btree,select,190000,"k in [a,b] (~N/50, cap 1000)",0.316
2025-09-08T19:21:50.554849932+03:00,clustered_btree,select,190000,"k in [a,b] (~N/50, cap 1000)",0.258
2025-09-08T19:21:50.555120433+03:00,clustered_btree,select,190000,"k in [a,b] (~N/50, cap 1000)",0.262
2025-09-08T19:21:50.55542341+03:00,clustered_btree,select,190000,"k in [a,b] (~N/50, cap 1000)",0.294
2025-09-08T19:21:50.555702432+03:00,clustered_btree,select,190000,"k in [a,b] (~N/50, cap 1000)",0.271
2025-09-08T19:21:50.555973282+03:00,clustered_btree,select,190000,"k in [a,b] (~N/50, cap 1000)",0.262
2025-09-08T19:21:50.556270393+03:00,clustered_btree,select,190000,"k in [a,b] (~N/50, cap 1000)",0.289
2025-09-08T19:21:50.556586711+03:00,clustered_btree,select,190000,"k in [a,b] (~N/50, cap 1000)",0.308
2025-09-08T19:21:50.556894438+03:00,clustered_btree,select,190000,"k in [a,b] (~N/50, cap 1000)",0.298
2025-09-08T19:21:50.557179745+03:00,clustered_btree,select,190000,"k in [a,b] (~N/50, cap 1000)",0.278
2025-09-08T19:21:50.557466729+03:00,clustered_btree,select,190000,"k in [a,b] (~N/50, cap 1000)",0.279
2025-09-08T19:21:50.557736391+03:00,clustered_btree,select,190000,"k in [a,b] (~N/50, cap 1000)",0.262
2025-09-08T19:21:50.558010803+03:00,clustered_btree,select,190000,"k in [a,b] (~N/50, cap 1000)",0.267
2025-09-08T19:21:50.558317134+03:00,clustered_btree,select,190000,"k in [a,b] (~N/50, cap 1000)",0.271
2025-09-08T19:21:50.558600555+03:00,clustered_btree,select,190000,"k in [a,b] (~N/50, cap 1000)",0.275
2025-09-08T19:21:50.558868123+03:00,clustered_btree,select,190000,"k in [a,b] (~N/50, cap 1000)",0.261
2025-09-08T19:21:50.559142325+03:00,clustered_btree,select,190000,"k in [a,b] (~N/50, cap 1000)",0.266
2025-09-08T19:21:50.559500898+03:00,clustered_btree,select,190000,"k in [a,b] (~N/50, cap 1000)",0.351
2025-09-08T19:21:50.559921281+03:00,clustered_btree,select,190000,"k in [a,b] (~N/50, cap 1000)",0.411
2025-09-08T19:21:50.560285022+03:00,clustered_btree,select,190000,"k in [a,b] (~N/50, cap 1000)",0.356
2025-09-08T19:21:50.560626692+03:00,clustered_btree,select,190000,"k in [a,b] (~N/50, cap 1000)",0.334
2025-09-08T19:21:50.560912489+03:00,clustered_btree,select,190000,"k in [a,b] (~N/50, cap 1000)",0.278
2025-09-08T19:21:50.561180755+03:00,clustered_btree,select,190000,"k in [a,b] (~N/50, cap 1000)",0.260
2025-09-08T19:21:50.561460824+03:00,clustered_btree,select,190000,"k in [a,b] (~N/50, cap 1000)",0.272
2025-09-08T19:21:50.561735236+03:00,clustered_btree,select,190000,"k in [a,b] (~N/50, cap 1000)",0.267
2025-09-08T19:21:50.562007553+03:00,clustered_btree,select,190000,"k in [a,b] (~N/50, cap 1000)",0.264
2025-09-08T19:21:50.562260663+03:00,clustered_btree,select,190000,"k in [a,b] (~N/50, cap 1000)",0.247
2025-09-08T19:21:50.562530255+03:00,clustered_btree,select,190000,"k in [a,b] (~N/50, cap 1000)",0.263
2025-09-08T19:21:50.562801734+03:00,clustered_btree,select,190000,"k in [a,b] (~N/50, cap 1000)",0.265
2025-09-08T19:21:50.563079848+03:00,clustered_btree,select,190000,"k in [a,b] (~N/50, cap 1000)",0.271
2025-09-08T19:21:50.563361104+03:00,clustered_btree,select,190000,"k in [a,b] (~N/50, cap 1000)",0.275
2025-09-08T19:21:50.563646831+03:00,clustered_btree,select,190000,"k in [a,b] (~N/50, cap 1000)",0.278
2025-09-08T19:21:50.563921662+03:00,clustered_btree,select,190000,"k in [a,b] (~N/50, cap 1000)",0.269
2025-09-08T19:21:50.564194607+03:00,clustered_btree,select,190000,"k in [a,b] (~N/50, cap 1000)",0.265
2025-09-08T19:21:50.564485851+03:00,clustered_btree,select,190000,"k in [a,b] (~N/50, cap 1000)",0.285
2025-09-08T19:21:50.564767806+03:00,clustered_btree,select,190000,"k in [a,b] (~N/50, cap 1000)",0.275
2025-09-08T19:21:50.565047736+03:00,clustered_btree,select,190000,"k in [a,b] (~N/50, cap 1000)",0.273
2025-09-08T19:21:50.565313068+03:00,clustered_btree,select,190000,"k in [a,b] (~N/50, cap 1000)",0.258
2025-09-08T19:21:50.565580356+03:00,clustered_btree,select,190000,"k in [a,b] (~N/50, cap 1000)",0.261
2025-09-08T19:21:50.565847994+03:00,clustered_btree,select,190000,"k in [a,b] (~N/50, cap 1000)",0.261
2025-09-08T19:21:50.566131345+03:00,clustered_btree,select,190000,"k in [a,b] (~N/50, cap 1000)",0.276
2025-09-08T19:21:50.566405827+03:00,clustered_btree,select,190000,"k in [a,b] (~N/50, cap 1000)",0.267
2025-09-08T19:21:50.56667542+03:00,clustered_btree,select,190000,"k in [a,b] (~N/50, cap 1000)",0.262
2025-09-08T19:21:50.566938727+03:00,clustered_btree,select,190000,"k in [a,b] (~N/50, cap 1000)",0.256
2025-09-08T19:21:50.567198263+03:00,clustered_btree,select,190000,"k in [a,b] (~N/50, cap 1000)",0.253
2025-09-08T19:21:50.567527501+03:00,clustered_btree,select,190000,"k in [a,b] (~N/50, cap 1000)",0.322
2025-09-08T19:21:50.567856181+03:00,clustered_btree,select,190000,"k in [a,b] (~N/50, cap 1000)",0.322
2025-09-08T19:21:50.568209096+03:00,clustered_btree,select,190000,"k in [a,b] (~N/50, cap 1000)",0.346
2025-09-08T19:21:50.568551116+03:00,clustered_btree,select,190000,"k in [a,b] (~N/50, cap 1000)",0.334
2025-09-08T19:21:50.56882015+03:00,clustered_btree,select,190000,"k in [a,b] (~N/50, cap 1000)",0.262
2025-09-08T19:21:50.569106366+03:00,clustered_btree,select,190000,"k in [a,b] (~N/50, cap 1000)",0.279
2025-09-08T19:21:50.569432112+03:00,clustered_btree,select,190000,"k in [a,b] (~N/50, cap 1000)",0.320
2025-09-08T19:21:50.569775319+03:00,clustered_btree,select,190000,"k in [a,b] (~N/50, cap 1000)",0.336
2025-09-08T19:21:50.570208623+03:00,clustered_btree,select,190000,"k in [a,b] (~N/50, cap 1000)",0.379
2025-09-08T19:21:50.570591291+03:00,clustered_btree,select,190000,"k in [a,b] (~N/50, cap 1000)",0.375
2025-09-08T19:21:50.570957966+03:00,clustered_btree,select,190000,"k in [a,b] (~N/50, cap 1000)",0.359
2025-09-08T19:21:50.571249908+03:00,clustered_btree,select,190000,"k in [a,b] (~N/50, cap 1000)",0.284
2025-09-08T19:21:50.571554283+03:00,clustered_btree,select,190000,"k in [a,b] (~N/50, cap 1000)",0.297
2025-09-08T19:21:50.57184413+03:00,clustered_btree,select,190000,"k in [a,b] (~N/50, cap 1000)",0.282
2025-09-08T19:21:50.572139355+03:00,clustered_btree,select,190000,"k in [a,b] (~N/50, cap 1000)",0.287
2025-09-08T19:21:50.572417119+03:00,clustered_btree,select,190000,"k in [a,b] (~N/50, cap 1000)",0.271
2025-09-08T19:21:50.572701868+03:00,clustered_btree,select,190000,"k in [a,b] (~N/50, cap 1000)",0.277
2025-09-08T19:21:50.572981169+03:00,clustered_btree,select,190000,"k in [a,b] (~N/50, cap 1000)",0.272
2025-09-08T19:21:50.573240635+03:00,clustered_btree,select,190000,"k in [a,b] (~N/50, cap 1000)",0.252
2025-09-08T19:21:50.573536349+03:00,clustered_btree,select,190000,"k in [a,b] (~N/50, cap 1000)",0.289
2025-09-08T19:21:50.573805523+03:00,clustered_btree,select,190000,"k in [a,b] (~N/50, cap 1000)",0.262
2025-09-08T19:21:50.574074696+03:00,clustered_btree,select,190000,"k in [a,b] (~N/50, cap 1000)",0.262
2025-09-08T19:21:50.574334721+03:00,clustered_btree,select,190000,"k in [a,b] (~N/50, cap 1000)",0.251
2025-09-08T19:21:50.574642657+03:00,clustered_btree,select,190000,"k in [a,b] (~N/50, cap 1000)",0.301
2025-09-08T19:21:50.574931038+03:00,clustered_btree,select,190000,"k in [a,b] (~N/50, cap 1000)",0.281
2025-09-08T19:21:50.575192459+03:00,clustered_btree,select,190000,"k in [a,b] (~N/50, cap 1000)",0.254
2025-09-08T19:21:50.575462122+03:00,clustered_btree,select,190000,"k in [a,b] (~N/50, cap 1000)",0.262
2025-09-08T19:21:50.575735347+03:00,clustered_btree,select,190000,"k in [a,b] (~N/50, cap 1000)",0.266
2025-09-08T19:21:56.622092725+03:00,clustered_btree,delete,190000,k%7=0,1546.320
2025-09-08T19:21:58.079288848+03:00,clustered_btree,delete,190000,k%7=0,1457.159
2025-09-08T19:21:59.446330256+03:00,clustered_btree,delete,190000,k%7=0,1367.029
2025-09-08T19:22:00.859488037+03:00,clustered_btree,delete,190000,k%7=0,1413.123
2025-09-08T19:22:02.253971974+03:00,clustered_btree,delete,190000,k%7=0,1394.467
2025-09-08T19:22:03.672353153+03:00,clustered_btree,delete,190000,k%7=0,1418.365
2025-09-08T19:22:05.11448211+03:00,clustered_btree,delete,190000,k%7=0,1442.115
2025-09-08T19:22:06.68095819+03:00,clustered_btree,delete,190000,k%7=0,1566.460
2025-09-08T19:22:08.135566644+03:00,clustered_btree,delete,190000,k%7=0,1454.585
2025-09-08T19:22:09.490989999+03:00,clustered_btree,delete,190000,k%7=0,1355.410
2025-09-08T19:22:10.841916323+03:00,clustered_btree,delete,190000,k%7=0,1350.911
2025-09-08T19:22:12.196444994+03:00,clustered_btree,delete,190000,k%7=0,1354.511
2025-09-08T19:22:13.795299737+03:00,clustered_btree,delete,190000,k%7=0,1598.837
2025-09-08T19:22:15.272914521+03:00,clustered_btree,delete,190000,k%7=0,1477.596
2025-09-08T19:22:16.733202726+03:00,clustered_btree,delete,190000,k%7=0,1460.269
2025-09-08T19:22:18.147859058+03:00,clustered_btree,delete,190000,k%7=0,1414.640
2025-09-08T19:22:19.554874388+03:00,clustered_btree,delete,190000,k%7=0,1407.000
2025-09-08T19:22:20.937042755+03:00,clustered_btree,delete,190000,k%7=0,1382.154
2025-09-08T19:22:22.349756203+03:00,clustered_btree,delete,190000,k%7=0,1412.700
2025-09-08T19:22:23.789510584+03:00,clustered_btree,delete,190000,k%7=0,1439.740
2025-09-08T19:22:25.188143743+03:00,clustered_btree,delete,190000,k%7=0,1398.619
2025-09-08T19:22:26.606703865+03:00,clustered_btree,delete,190000,k%7=0,1418.545
2025-09-08T19:22:27.985586903+03:00,clustered_btree,delete,190000,k%7=0,1378.865
2025-09-08T19:22:29.339748416+03:00,clustered_btree,delete,190000,k%7=0,1354.145
2025-09-08T19:22:30.922677211+03:00,clustered_btree,delete,190000,k%7=0,1582.915
2025-09-08T19:22:32.41979411+03:00,clustered_btree,delete,190000,k%7=0,1497.104
2025-09-08T19:22:33.784951381+03:00,clustered_btree,delete,190000,k%7=0,1365.139
2025-09-08T19:22:35.166349457+03:00,clustered_btree,delete,190000,k%7=0,1381.380
2025-09-08T19:22:36.558450719+03:00,clustered_btree,delete,190000,k%7=0,1392.088
2025-09-08T19:22:37.97132879+03:00,clustered_btree,delete,190000,k%7=0,1412.863
2025-09-08T19:22:39.341996792+03:00,clustered_btree,delete,190000,k%7=0,1370.646
2025-09-08T19:22:40.742841385+03:00,clustered_btree,delete,190000,k%7=0,1400.828
2025-09-08T19:22:42.122876552+03:00,clustered_btree,delete,190000,k%7=0,1380.019
2025-09-08T19:22:43.542964838+03:00,clustered_btree,delete,190000,k%7=0,1420.070
2025-09-08T19:22:44.9465099+03:00,clustered_btree,delete,190000,k%7=0,1403.525
2025-09-08T19:22:46.348835858+03:00,clustered_btree,delete,190000,k%7=0,1402.310
2025-09-08T19:22:47.838908775+03:00,clustered_btree,delete,190000,k%7=0,1490.059
2025-09-08T19:22:49.409857036+03:00,clustered_btree,delete,190000,k%7=0,1570.906
2025-09-08T19:22:50.869416582+03:00,clustered_btree,delete,190000,k%7=0,1459.537
2025-09-08T19:22:52.315323625+03:00,clustered_btree,delete,190000,k%7=0,1445.889
2025-09-08T19:22:53.763174111+03:00,clustered_btree,delete,190000,k%7=0,1447.834
2025-09-08T19:22:55.245874084+03:00,clustered_btree,delete,190000,k%7=0,1482.684
2025-09-08T19:22:56.644000333+03:00,clustered_btree,delete,190000,k%7=0,1398.112
2025-09-08T19:22:58.030605748+03:00,clustered_btree,delete,190000,k%7=0,1386.592
2025-09-08T19:22:59.413591145+03:00,clustered_btree,delete,190000,k%7=0,1382.967
2025-09-08T19:23:00.81356683+03:00,clustered_btree,delete,190000,k%7=0,1399.954
2025-09-08T19:23:02.279758782+03:00,clustered_btree,delete,190000,k%7=0,1466.149
2025-09-08T19:23:03.703017094+03:00,clustered_btree,delete,190000,k%7=0,1423.240
2025-09-08T19:23:05.088938681+03:00,clustered_btree,delete,190000,k%7=0,1385.903
2025-09-08T19:23:06.702079487+03:00,clustered_btree,delete,190000,k%7=0,1613.121
2025-09-08T19:23:08.243146878+03:00,clustered_btree,delete,190000,k%7=0,1541.053
2025-09-08T19:23:09.663719948+03:00,clustered_btree,delete,190000,k%7=0,1420.506
2025-09-08T19:23:11.026534006+03:00,clustered_btree,delete,190000,k%7=0,1362.768
2025-09-08T19:23:12.393157634+03:00,clustered_btree,delete,190000,k%7=0,1366.604
2025-09-08T19:23:13.75918299+03:00,clustered_btree,delete,190000,k%7=0,1366.012
2025-09-08T19:23:15.122956548+03:00,clustered_btree,delete,190000,k%7=0,1363.749
2025-09-08T19:23:16.49574666+03:00,clustered_btree,delete,190000,k%7=0,1372.767
2025-09-08T19:23:17.897983507+03:00,clustered_btree,delete,190000,k%7=0,1402.215
2025-09-08T19:23:19.298053345+03:00,clustered_btree,delete,190000,k%7=0,1400.055
2025-09-08T19:23:20.751656922+03:00,clustered_btree,delete,190000,k%7=0,1453.588
2025-09-08T19:23:22.150239809+03:00,clustered_btree,delete,190000,k%7=0,1398.564
2025-09-08T19:23:23.728064933+03:00,clustered_btree,delete,190000,k%7=0,1577.809
2025-09-08T19:23:25.239890931+03:00,clustered_btree,delete,190000,k%7=0,1511.802
2025-09-08T19:23:26.678380896+03:00,clustered_btree,delete,190000,k%7=0,1438.475
2025-09-08T19:23:28.094453447+03:00,clustered_btree,delete,190000,k%7=0,1416.057
2025-09-08T19:23:29.490273847+03:00,clustered_btree,delete,190000,k%7=0,1395.801
2025-09-08T19:23:30.915101322+03:00,clustered_btree,delete,190000,k%7=0,1424.809
2025-09-08T19:23:32.330667584+03:00,clustered_btree,delete,190000,k%7=0,1415.546
2025-09-08T19:23:33.76618267+03:00,clustered_btree,delete,190000,k%7=0,1435.499
2025-09-08T19:23:35.178298843+03:00,clustered_btree,delete,190000,k%7=0,1412.100
2025-09-08T19:23:36.580762264+03:00,clustered_btree,delete,190000,k%7=0,1402.442
2025-09-08T19:23:38.036674357+03:00,clustered_btree,delete,190000,k%7=0,1455.897
2025-09-08T19:23:39.415274061+03:00,clustered_btree,delete,190000,k%7=0,1378.579
2025-09-08T19:23:40.901776772+03:00,clustered_btree,delete,190000,k%7=0,1486.484
2025-09-08T19:23:42.511065275+03:00,clustered_btree,delete,190000,k%7=0,1609.273
2025-09-08T19:23:43.938011851+03:00,clustered_btree,delete,190000,k%7=0,1426.927
2025-09-08T19:23:45.320225358+03:00,clustered_btree,delete,190000,k%7=0,1382.199
2025-09-08T19:23:46.693678704+03:00,clustered_btree,delete,190000,k%7=0,1373.436
2025-09-08T19:23:48.137033149+03:00,clustered_btree,delete,190000,k%7=0,1443.337
2025-09-08T19:23:49.553213961+03:00,clustered_btree,delete,190000,k%7=0,1416.164
2025-09-08T19:23:50.984899436+03:00,clustered_btree,delete,190000,k%7=0,1431.668
2025-09-08T19:23:52.389237161+03:00,clustered_btree,delete,190000,k%7=0,1404.314
2025-09-08T19:23:53.833257767+03:00,clustered_btree,delete,190000,k%7=0,1444.003
2025-09-08T19:23:55.298928776+03:00,clustered_btree,delete,190000,k%7=0,1465.656
2025-09-08T19:23:56.670117265+03:00,clustered_btree,delete,190000,k%7=0,1371.174
2025-09-08T19:23:58.046565748+03:00,clustered_btree,delete,190000,k%7=0,1376.434
2025-09-08T19:23:59.677782213+03:00,clustered_btree,delete,190000,k%7=0,1631.197
2025-09-08T19:24:01.15636721+03:00,clustered_btree,delete,190000,k%7=0,1478.566
2025-09-08T19:24:02.585877926+03:00,clustered_btree,delete,190000,k%7=0,1429.484
2025-09-08T19:24:03.986916423+03:00,clustered_btree,delete,190000,k%7=0,1401.021
2025-09-08T19:24:05.35012252+03:00,clustered_btree,delete,190000,k%7=0,1363.187
2025-09-08T19:24:06.767803488+03:00,clustered_btree,delete,190000,k%7=0,1417.662
2025-09-08T19:24:08.170690024+03:00,clustered_btree,delete,190000,k%7=0,1402.865
2025-09-08T19:24:09.586950112+03:00,clustered_btree,delete,190000,k%7=0,1416.242
2025-09-08T19:24:10.968623741+03:00,clustered_btree,delete,190000,k%7=0,1381.651
2025-09-08T19:24:12.37828984+03:00,clustered_btree,delete,190000,k%7=0,1409.647
2025-09-08T19:24:13.75816502+03:00,clustered_btree,delete,190000,k%7=0,1379.861
2025-09-08T19:24:15.136336387+03:00,clustered_btree,delete,190000,k%7=0,1378.154
2025-09-08T19:24:16.66499079+03:00,clustered_btree,delete,190000,k%7=0,1528.635
2025-09-08T19:24:18.244140914+03:00,clustered_btree,delete,190000,k%7=0,1579.123
